ISO-10303-21;
HEADER;
/* Generated by software containing ST-Developer
 * from STEP Tools, Inc. (www.steptools.com) 
 */

FILE_DESCRIPTION(
/* description */ (''),
/* implementation_level */ '2;1');

FILE_NAME(
/* name */ 'TOP_BEZZEL.step',
/* time_stamp */ '2026-10-10T10:58:51+05:30',
/* author */ (''),
/* organization */ (''),
/* preprocessor_version */ 'ST-DEVELOPER v20.2',
/* originating_system */ 'Autodesk Translation Framework v15.15.0.0',
/* authorisation */ '');

FILE_SCHEMA (('AUTOMOTIVE_DESIGN { 1 0 10303 214 3 1 1 }'));
ENDSEC;

DATA;
#10=MECHANICAL_DESIGN_GEOMETRIC_PRESENTATION_REPRESENTATION('',(#13),#3014);
#11=SHAPE_REPRESENTATION_RELATIONSHIP('SRR','None',#3021,#12);
#12=ADVANCED_BREP_SHAPE_REPRESENTATION('',(#14),#3013);
#13=STYLED_ITEM('',(#3030),#14);
#14=MANIFOLD_SOLID_BREP('top_bezzel',#1844);
#15=ELLIPSE('',#1950,0.707106781186535,0.5);
#16=ELLIPSE('',#1951,0.707106781186548,0.5);
#17=ELLIPSE('',#1953,0.707106781186554,0.5);
#18=ELLIPSE('',#1955,0.707106781186542,0.5);
#19=ELLIPSE('',#1961,0.707106781186548,0.5);
#20=ELLIPSE('',#1962,0.707106781186547,0.5);
#21=ELLIPSE('',#1964,0.707106781186541,0.5);
#22=ELLIPSE('',#1966,0.707106781186566,0.5);
#23=FACE_BOUND('',#663,.T.);
#24=FACE_BOUND('',#664,.T.);
#25=FACE_BOUND('',#665,.T.);
#26=FACE_BOUND('',#666,.T.);
#27=FACE_BOUND('',#667,.T.);
#28=FACE_BOUND('',#668,.T.);
#29=FACE_BOUND('',#688,.T.);
#30=FACE_BOUND('',#714,.T.);
#31=FACE_BOUND('',#715,.T.);
#32=FACE_BOUND('',#716,.T.);
#33=FACE_BOUND('',#717,.T.);
#34=FACE_BOUND('',#718,.T.);
#35=FACE_BOUND('',#719,.T.);
#36=FACE_BOUND('',#727,.T.);
#37=LINE('',#2514,#254);
#38=LINE('',#2524,#255);
#39=LINE('',#2534,#256);
#40=LINE('',#2544,#257);
#41=LINE('',#2554,#258);
#42=LINE('',#2560,#259);
#43=LINE('',#2564,#260);
#44=LINE('',#2568,#261);
#45=LINE('',#2572,#262);
#46=LINE('',#2576,#263);
#47=LINE('',#2580,#264);
#48=LINE('',#2582,#265);
#49=LINE('',#2584,#266);
#50=LINE('',#2585,#267);
#51=LINE('',#2588,#268);
#52=LINE('',#2590,#269);
#53=LINE('',#2591,#270);
#54=LINE('',#2594,#271);
#55=LINE('',#2596,#272);
#56=LINE('',#2597,#273);
#57=LINE('',#2599,#274);
#58=LINE('',#2600,#275);
#59=LINE('',#2603,#276);
#60=LINE('',#2605,#277);
#61=LINE('',#2607,#278);
#62=LINE('',#2608,#279);
#63=LINE('',#2611,#280);
#64=LINE('',#2613,#281);
#65=LINE('',#2614,#282);
#66=LINE('',#2619,#283);
#67=LINE('',#2621,#284);
#68=LINE('',#2623,#285);
#69=LINE('',#2624,#286);
#70=LINE('',#2627,#287);
#71=LINE('',#2629,#288);
#72=LINE('',#2630,#289);
#73=LINE('',#2633,#290);
#74=LINE('',#2635,#291);
#75=LINE('',#2636,#292);
#76=LINE('',#2638,#293);
#77=LINE('',#2639,#294);
#78=LINE('',#2642,#295);
#79=LINE('',#2644,#296);
#80=LINE('',#2646,#297);
#81=LINE('',#2647,#298);
#82=LINE('',#2650,#299);
#83=LINE('',#2651,#300);
#84=LINE('',#2656,#301);
#85=LINE('',#2658,#302);
#86=LINE('',#2660,#303);
#87=LINE('',#2661,#304);
#88=LINE('',#2664,#305);
#89=LINE('',#2666,#306);
#90=LINE('',#2667,#307);
#91=LINE('',#2670,#308);
#92=LINE('',#2672,#309);
#93=LINE('',#2673,#310);
#94=LINE('',#2675,#311);
#95=LINE('',#2676,#312);
#96=LINE('',#2679,#313);
#97=LINE('',#2681,#314);
#98=LINE('',#2682,#315);
#99=LINE('',#2685,#316);
#100=LINE('',#2686,#317);
#101=LINE('',#2691,#318);
#102=LINE('',#2693,#319);
#103=LINE('',#2695,#320);
#104=LINE('',#2696,#321);
#105=LINE('',#2699,#322);
#106=LINE('',#2701,#323);
#107=LINE('',#2702,#324);
#108=LINE('',#2705,#325);
#109=LINE('',#2707,#326);
#110=LINE('',#2708,#327);
#111=LINE('',#2710,#328);
#112=LINE('',#2711,#329);
#113=LINE('',#2714,#330);
#114=LINE('',#2716,#331);
#115=LINE('',#2718,#332);
#116=LINE('',#2719,#333);
#117=LINE('',#2722,#334);
#118=LINE('',#2724,#335);
#119=LINE('',#2725,#336);
#120=LINE('',#2730,#337);
#121=LINE('',#2732,#338);
#122=LINE('',#2734,#339);
#123=LINE('',#2735,#340);
#124=LINE('',#2738,#341);
#125=LINE('',#2740,#342);
#126=LINE('',#2741,#343);
#127=LINE('',#2744,#344);
#128=LINE('',#2746,#345);
#129=LINE('',#2747,#346);
#130=LINE('',#2749,#347);
#131=LINE('',#2750,#348);
#132=LINE('',#2753,#349);
#133=LINE('',#2755,#350);
#134=LINE('',#2756,#351);
#135=LINE('',#2759,#352);
#136=LINE('',#2761,#353);
#137=LINE('',#2762,#354);
#138=LINE('',#2766,#355);
#139=LINE('',#2767,#356);
#140=LINE('',#2769,#357);
#141=LINE('',#2772,#358);
#142=LINE('',#2774,#359);
#143=LINE('',#2775,#360);
#144=LINE('',#2778,#361);
#145=LINE('',#2780,#362);
#146=LINE('',#2781,#363);
#147=LINE('',#2783,#364);
#148=LINE('',#2785,#365);
#149=LINE('',#2787,#366);
#150=LINE('',#2788,#367);
#151=LINE('',#2790,#368);
#152=LINE('',#2791,#369);
#153=LINE('',#2792,#370);
#154=LINE('',#2795,#371);
#155=LINE('',#2797,#372);
#156=LINE('',#2799,#373);
#157=LINE('',#2800,#374);
#158=LINE('',#2803,#375);
#159=LINE('',#2804,#376);
#160=LINE('',#2806,#377);
#161=LINE('',#2808,#378);
#162=LINE('',#2810,#379);
#163=LINE('',#2811,#380);
#164=LINE('',#2814,#381);
#165=LINE('',#2815,#382);
#166=LINE('',#2817,#383);
#167=LINE('',#2820,#384);
#168=LINE('',#2821,#385);
#169=LINE('',#2823,#386);
#170=LINE('',#2825,#387);
#171=LINE('',#2826,#388);
#172=LINE('',#2828,#389);
#173=LINE('',#2833,#390);
#174=LINE('',#2837,#391);
#175=LINE('',#2841,#392);
#176=LINE('',#2844,#393);
#177=LINE('',#2847,#394);
#178=LINE('',#2850,#395);
#179=LINE('',#2852,#396);
#180=LINE('',#2853,#397);
#181=LINE('',#2856,#398);
#182=LINE('',#2858,#399);
#183=LINE('',#2859,#400);
#184=LINE('',#2862,#401);
#185=LINE('',#2863,#402);
#186=LINE('',#2867,#403);
#187=LINE('',#2869,#404);
#188=LINE('',#2871,#405);
#189=LINE('',#2872,#406);
#190=LINE('',#2877,#407);
#191=LINE('',#2882,#408);
#192=LINE('',#2886,#409);
#193=LINE('',#2888,#410);
#194=LINE('',#2891,#411);
#195=LINE('',#2893,#412);
#196=LINE('',#2894,#413);
#197=LINE('',#2897,#414);
#198=LINE('',#2898,#415);
#199=LINE('',#2901,#416);
#200=LINE('',#2902,#417);
#201=LINE('',#2904,#418);
#202=LINE('',#2907,#419);
#203=LINE('',#2908,#420);
#204=LINE('',#2910,#421);
#205=LINE('',#2913,#422);
#206=LINE('',#2915,#423);
#207=LINE('',#2916,#424);
#208=LINE('',#2920,#425);
#209=LINE('',#2921,#426);
#210=LINE('',#2922,#427);
#211=LINE('',#2925,#428);
#212=LINE('',#2927,#429);
#213=LINE('',#2928,#430);
#214=LINE('',#2932,#431);
#215=LINE('',#2933,#432);
#216=LINE('',#2934,#433);
#217=LINE('',#2937,#434);
#218=LINE('',#2939,#435);
#219=LINE('',#2940,#436);
#220=LINE('',#2944,#437);
#221=LINE('',#2945,#438);
#222=LINE('',#2946,#439);
#223=LINE('',#2948,#440);
#224=LINE('',#2951,#441);
#225=LINE('',#2953,#442);
#226=LINE('',#2954,#443);
#227=LINE('',#2958,#444);
#228=LINE('',#2959,#445);
#229=LINE('',#2960,#446);
#230=LINE('',#2962,#447);
#231=LINE('',#2964,#448);
#232=LINE('',#2966,#449);
#233=LINE('',#2968,#450);
#234=LINE('',#2970,#451);
#235=LINE('',#2974,#452);
#236=LINE('',#2976,#453);
#237=LINE('',#2978,#454);
#238=LINE('',#2979,#455);
#239=LINE('',#2982,#456);
#240=LINE('',#2984,#457);
#241=LINE('',#2985,#458);
#242=LINE('',#2988,#459);
#243=LINE('',#2989,#460);
#244=LINE('',#2992,#461);
#245=LINE('',#2993,#462);
#246=LINE('',#2995,#463);
#247=LINE('',#2997,#464);
#248=LINE('',#2998,#465);
#249=LINE('',#3000,#466);
#250=LINE('',#3002,#467);
#251=LINE('',#3003,#468);
#252=LINE('',#3004,#469);
#253=LINE('',#3009,#470);
#254=VECTOR('',#2011,2.25);
#255=VECTOR('',#2024,2.25);
#256=VECTOR('',#2037,2.25);
#257=VECTOR('',#2050,2.25);
#258=VECTOR('',#2063,2.25);
#259=VECTOR('',#2072,0.899999999999999);
#260=VECTOR('',#2077,0.899999999999999);
#261=VECTOR('',#2082,0.899999999999999);
#262=VECTOR('',#2087,0.899999999999999);
#263=VECTOR('',#2092,0.899999999999999);
#264=VECTOR('',#2095,10.);
#265=VECTOR('',#2096,10.);
#266=VECTOR('',#2097,10.);
#267=VECTOR('',#2098,10.);
#268=VECTOR('',#2101,10.);
#269=VECTOR('',#2102,10.);
#270=VECTOR('',#2103,10.);
#271=VECTOR('',#2106,10.);
#272=VECTOR('',#2107,10.);
#273=VECTOR('',#2108,10.);
#274=VECTOR('',#2111,10.);
#275=VECTOR('',#2112,10.);
#276=VECTOR('',#2115,10.);
#277=VECTOR('',#2116,10.);
#278=VECTOR('',#2117,10.);
#279=VECTOR('',#2118,10.);
#280=VECTOR('',#2121,10.);
#281=VECTOR('',#2122,10.);
#282=VECTOR('',#2123,10.);
#283=VECTOR('',#2128,10.);
#284=VECTOR('',#2129,10.);
#285=VECTOR('',#2130,10.);
#286=VECTOR('',#2131,10.);
#287=VECTOR('',#2134,10.);
#288=VECTOR('',#2135,10.);
#289=VECTOR('',#2136,10.);
#290=VECTOR('',#2139,10.);
#291=VECTOR('',#2140,10.);
#292=VECTOR('',#2141,10.);
#293=VECTOR('',#2144,10.);
#294=VECTOR('',#2145,10.);
#295=VECTOR('',#2148,10.);
#296=VECTOR('',#2149,10.);
#297=VECTOR('',#2150,10.);
#298=VECTOR('',#2151,10.);
#299=VECTOR('',#2154,10.);
#300=VECTOR('',#2155,10.);
#301=VECTOR('',#2160,10.);
#302=VECTOR('',#2161,10.);
#303=VECTOR('',#2162,10.);
#304=VECTOR('',#2163,10.);
#305=VECTOR('',#2166,10.);
#306=VECTOR('',#2167,10.);
#307=VECTOR('',#2168,10.);
#308=VECTOR('',#2171,10.);
#309=VECTOR('',#2172,10.);
#310=VECTOR('',#2173,10.);
#311=VECTOR('',#2176,10.);
#312=VECTOR('',#2177,10.);
#313=VECTOR('',#2180,10.);
#314=VECTOR('',#2181,10.);
#315=VECTOR('',#2182,10.);
#316=VECTOR('',#2185,10.);
#317=VECTOR('',#2186,10.);
#318=VECTOR('',#2191,10.);
#319=VECTOR('',#2192,10.);
#320=VECTOR('',#2193,10.);
#321=VECTOR('',#2194,10.);
#322=VECTOR('',#2197,10.);
#323=VECTOR('',#2198,10.);
#324=VECTOR('',#2199,10.);
#325=VECTOR('',#2202,10.);
#326=VECTOR('',#2203,10.);
#327=VECTOR('',#2204,10.);
#328=VECTOR('',#2207,10.);
#329=VECTOR('',#2208,10.);
#330=VECTOR('',#2211,10.);
#331=VECTOR('',#2212,10.);
#332=VECTOR('',#2213,10.);
#333=VECTOR('',#2214,10.);
#334=VECTOR('',#2217,10.);
#335=VECTOR('',#2218,10.);
#336=VECTOR('',#2219,10.);
#337=VECTOR('',#2224,10.);
#338=VECTOR('',#2225,10.);
#339=VECTOR('',#2226,10.);
#340=VECTOR('',#2227,10.);
#341=VECTOR('',#2230,10.);
#342=VECTOR('',#2231,10.);
#343=VECTOR('',#2232,10.);
#344=VECTOR('',#2235,10.);
#345=VECTOR('',#2236,10.);
#346=VECTOR('',#2237,10.);
#347=VECTOR('',#2240,10.);
#348=VECTOR('',#2241,10.);
#349=VECTOR('',#2244,10.);
#350=VECTOR('',#2245,10.);
#351=VECTOR('',#2246,10.);
#352=VECTOR('',#2249,10.);
#353=VECTOR('',#2250,10.);
#354=VECTOR('',#2251,10.);
#355=VECTOR('',#2256,10.);
#356=VECTOR('',#2257,10.);
#357=VECTOR('',#2260,10.);
#358=VECTOR('',#2263,10.);
#359=VECTOR('',#2264,10.);
#360=VECTOR('',#2265,10.);
#361=VECTOR('',#2268,10.);
#362=VECTOR('',#2269,10.);
#363=VECTOR('',#2270,10.);
#364=VECTOR('',#2271,10.);
#365=VECTOR('',#2272,10.);
#366=VECTOR('',#2273,10.);
#367=VECTOR('',#2274,10.);
#368=VECTOR('',#2275,10.);
#369=VECTOR('',#2276,10.);
#370=VECTOR('',#2277,10.);
#371=VECTOR('',#2278,10.);
#372=VECTOR('',#2279,10.);
#373=VECTOR('',#2280,10.);
#374=VECTOR('',#2281,10.);
#375=VECTOR('',#2284,10.);
#376=VECTOR('',#2285,10.);
#377=VECTOR('',#2288,10.);
#378=VECTOR('',#2291,10.);
#379=VECTOR('',#2294,10.);
#380=VECTOR('',#2295,10.);
#381=VECTOR('',#2300,10.);
#382=VECTOR('',#2301,10.);
#383=VECTOR('',#2304,10.);
#384=VECTOR('',#2307,10.);
#385=VECTOR('',#2308,10.);
#386=VECTOR('',#2311,10.);
#387=VECTOR('',#2314,10.);
#388=VECTOR('',#2315,10.);
#389=VECTOR('',#2318,10.);
#390=VECTOR('',#2323,10.);
#391=VECTOR('',#2326,10.);
#392=VECTOR('',#2331,10.);
#393=VECTOR('',#2334,10.);
#394=VECTOR('',#2337,10.);
#395=VECTOR('',#2340,10.);
#396=VECTOR('',#2343,10.);
#397=VECTOR('',#2344,10.);
#398=VECTOR('',#2347,10.);
#399=VECTOR('',#2348,10.);
#400=VECTOR('',#2349,10.);
#401=VECTOR('',#2352,10.);
#402=VECTOR('',#2353,10.);
#403=VECTOR('',#2356,10.);
#404=VECTOR('',#2357,10.);
#405=VECTOR('',#2358,10.);
#406=VECTOR('',#2359,10.);
#407=VECTOR('',#2364,10.);
#408=VECTOR('',#2371,10.);
#409=VECTOR('',#2376,10.);
#410=VECTOR('',#2379,10.);
#411=VECTOR('',#2382,10.);
#412=VECTOR('',#2383,10.);
#413=VECTOR('',#2384,10.);
#414=VECTOR('',#2387,10.);
#415=VECTOR('',#2388,10.);
#416=VECTOR('',#2391,10.);
#417=VECTOR('',#2392,10.);
#418=VECTOR('',#2395,10.);
#419=VECTOR('',#2398,10.);
#420=VECTOR('',#2399,10.);
#421=VECTOR('',#2402,10.);
#422=VECTOR('',#2405,10.);
#423=VECTOR('',#2406,10.);
#424=VECTOR('',#2407,10.);
#425=VECTOR('',#2410,10.);
#426=VECTOR('',#2411,10.);
#427=VECTOR('',#2412,10.);
#428=VECTOR('',#2415,10.);
#429=VECTOR('',#2416,10.);
#430=VECTOR('',#2417,10.);
#431=VECTOR('',#2420,10.);
#432=VECTOR('',#2421,10.);
#433=VECTOR('',#2422,10.);
#434=VECTOR('',#2425,10.);
#435=VECTOR('',#2426,10.);
#436=VECTOR('',#2427,10.);
#437=VECTOR('',#2430,10.);
#438=VECTOR('',#2431,10.);
#439=VECTOR('',#2432,10.);
#440=VECTOR('',#2435,10.);
#441=VECTOR('',#2438,10.);
#442=VECTOR('',#2439,10.);
#443=VECTOR('',#2440,10.);
#444=VECTOR('',#2443,10.);
#445=VECTOR('',#2444,10.);
#446=VECTOR('',#2445,10.);
#447=VECTOR('',#2448,10.);
#448=VECTOR('',#2451,10.);
#449=VECTOR('',#2454,10.);
#450=VECTOR('',#2457,10.);
#451=VECTOR('',#2460,10.);
#452=VECTOR('',#2463,10.);
#453=VECTOR('',#2464,10.);
#454=VECTOR('',#2465,10.);
#455=VECTOR('',#2466,10.);
#456=VECTOR('',#2469,10.);
#457=VECTOR('',#2470,10.);
#458=VECTOR('',#2471,10.);
#459=VECTOR('',#2474,10.);
#460=VECTOR('',#2475,10.);
#461=VECTOR('',#2478,10.);
#462=VECTOR('',#2479,10.);
#463=VECTOR('',#2482,10.);
#464=VECTOR('',#2485,10.);
#465=VECTOR('',#2486,10.);
#466=VECTOR('',#2489,10.);
#467=VECTOR('',#2492,10.);
#468=VECTOR('',#2493,10.);
#469=VECTOR('',#2494,10.);
#470=VECTOR('',#2503,10.);
#471=CYLINDRICAL_SURFACE('',#1860,2.25);
#472=CYLINDRICAL_SURFACE('',#1866,2.25);
#473=CYLINDRICAL_SURFACE('',#1872,2.25);
#474=CYLINDRICAL_SURFACE('',#1878,2.25);
#475=CYLINDRICAL_SURFACE('',#1884,2.25);
#476=CYLINDRICAL_SURFACE('',#1888,0.899999999999999);
#477=CYLINDRICAL_SURFACE('',#1890,0.899999999999999);
#478=CYLINDRICAL_SURFACE('',#1892,0.899999999999999);
#479=CYLINDRICAL_SURFACE('',#1894,0.899999999999999);
#480=CYLINDRICAL_SURFACE('',#1896,0.899999999999999);
#481=CYLINDRICAL_SURFACE('',#1949,0.5);
#482=CYLINDRICAL_SURFACE('',#1952,0.5);
#483=CYLINDRICAL_SURFACE('',#1954,0.5);
#484=CYLINDRICAL_SURFACE('',#1956,0.5);
#485=CYLINDRICAL_SURFACE('',#1960,0.5);
#486=CYLINDRICAL_SURFACE('',#1963,0.5);
#487=CYLINDRICAL_SURFACE('',#1965,0.5);
#488=CYLINDRICAL_SURFACE('',#1967,0.5);
#489=FACE_OUTER_BOUND('',#604,.T.);
#490=FACE_OUTER_BOUND('',#605,.T.);
#491=FACE_OUTER_BOUND('',#606,.T.);
#492=FACE_OUTER_BOUND('',#607,.T.);
#493=FACE_OUTER_BOUND('',#608,.T.);
#494=FACE_OUTER_BOUND('',#609,.T.);
#495=FACE_OUTER_BOUND('',#610,.T.);
#496=FACE_OUTER_BOUND('',#611,.T.);
#497=FACE_OUTER_BOUND('',#612,.T.);
#498=FACE_OUTER_BOUND('',#613,.T.);
#499=FACE_OUTER_BOUND('',#614,.T.);
#500=FACE_OUTER_BOUND('',#615,.T.);
#501=FACE_OUTER_BOUND('',#616,.T.);
#502=FACE_OUTER_BOUND('',#617,.T.);
#503=FACE_OUTER_BOUND('',#618,.T.);
#504=FACE_OUTER_BOUND('',#619,.T.);
#505=FACE_OUTER_BOUND('',#620,.T.);
#506=FACE_OUTER_BOUND('',#621,.T.);
#507=FACE_OUTER_BOUND('',#622,.T.);
#508=FACE_OUTER_BOUND('',#623,.T.);
#509=FACE_OUTER_BOUND('',#624,.T.);
#510=FACE_OUTER_BOUND('',#625,.T.);
#511=FACE_OUTER_BOUND('',#626,.T.);
#512=FACE_OUTER_BOUND('',#627,.T.);
#513=FACE_OUTER_BOUND('',#628,.T.);
#514=FACE_OUTER_BOUND('',#629,.T.);
#515=FACE_OUTER_BOUND('',#630,.T.);
#516=FACE_OUTER_BOUND('',#631,.T.);
#517=FACE_OUTER_BOUND('',#632,.T.);
#518=FACE_OUTER_BOUND('',#633,.T.);
#519=FACE_OUTER_BOUND('',#634,.T.);
#520=FACE_OUTER_BOUND('',#635,.T.);
#521=FACE_OUTER_BOUND('',#636,.T.);
#522=FACE_OUTER_BOUND('',#637,.T.);
#523=FACE_OUTER_BOUND('',#638,.T.);
#524=FACE_OUTER_BOUND('',#639,.T.);
#525=FACE_OUTER_BOUND('',#640,.T.);
#526=FACE_OUTER_BOUND('',#641,.T.);
#527=FACE_OUTER_BOUND('',#642,.T.);
#528=FACE_OUTER_BOUND('',#643,.T.);
#529=FACE_OUTER_BOUND('',#644,.T.);
#530=FACE_OUTER_BOUND('',#645,.T.);
#531=FACE_OUTER_BOUND('',#646,.T.);
#532=FACE_OUTER_BOUND('',#647,.T.);
#533=FACE_OUTER_BOUND('',#648,.T.);
#534=FACE_OUTER_BOUND('',#649,.T.);
#535=FACE_OUTER_BOUND('',#650,.T.);
#536=FACE_OUTER_BOUND('',#651,.T.);
#537=FACE_OUTER_BOUND('',#652,.T.);
#538=FACE_OUTER_BOUND('',#653,.T.);
#539=FACE_OUTER_BOUND('',#654,.T.);
#540=FACE_OUTER_BOUND('',#655,.T.);
#541=FACE_OUTER_BOUND('',#656,.T.);
#542=FACE_OUTER_BOUND('',#657,.T.);
#543=FACE_OUTER_BOUND('',#658,.T.);
#544=FACE_OUTER_BOUND('',#659,.T.);
#545=FACE_OUTER_BOUND('',#660,.T.);
#546=FACE_OUTER_BOUND('',#661,.T.);
#547=FACE_OUTER_BOUND('',#662,.T.);
#548=FACE_OUTER_BOUND('',#669,.T.);
#549=FACE_OUTER_BOUND('',#670,.T.);
#550=FACE_OUTER_BOUND('',#671,.T.);
#551=FACE_OUTER_BOUND('',#672,.T.);
#552=FACE_OUTER_BOUND('',#673,.T.);
#553=FACE_OUTER_BOUND('',#674,.T.);
#554=FACE_OUTER_BOUND('',#675,.T.);
#555=FACE_OUTER_BOUND('',#676,.T.);
#556=FACE_OUTER_BOUND('',#677,.T.);
#557=FACE_OUTER_BOUND('',#678,.T.);
#558=FACE_OUTER_BOUND('',#679,.T.);
#559=FACE_OUTER_BOUND('',#680,.T.);
#560=FACE_OUTER_BOUND('',#681,.T.);
#561=FACE_OUTER_BOUND('',#682,.T.);
#562=FACE_OUTER_BOUND('',#683,.T.);
#563=FACE_OUTER_BOUND('',#684,.T.);
#564=FACE_OUTER_BOUND('',#685,.T.);
#565=FACE_OUTER_BOUND('',#686,.T.);
#566=FACE_OUTER_BOUND('',#687,.T.);
#567=FACE_OUTER_BOUND('',#689,.T.);
#568=FACE_OUTER_BOUND('',#690,.T.);
#569=FACE_OUTER_BOUND('',#691,.T.);
#570=FACE_OUTER_BOUND('',#692,.T.);
#571=FACE_OUTER_BOUND('',#693,.T.);
#572=FACE_OUTER_BOUND('',#694,.T.);
#573=FACE_OUTER_BOUND('',#695,.T.);
#574=FACE_OUTER_BOUND('',#696,.T.);
#575=FACE_OUTER_BOUND('',#697,.T.);
#576=FACE_OUTER_BOUND('',#698,.T.);
#577=FACE_OUTER_BOUND('',#699,.T.);
#578=FACE_OUTER_BOUND('',#700,.T.);
#579=FACE_OUTER_BOUND('',#701,.T.);
#580=FACE_OUTER_BOUND('',#702,.T.);
#581=FACE_OUTER_BOUND('',#703,.T.);
#582=FACE_OUTER_BOUND('',#704,.T.);
#583=FACE_OUTER_BOUND('',#705,.T.);
#584=FACE_OUTER_BOUND('',#706,.T.);
#585=FACE_OUTER_BOUND('',#707,.T.);
#586=FACE_OUTER_BOUND('',#708,.T.);
#587=FACE_OUTER_BOUND('',#709,.T.);
#588=FACE_OUTER_BOUND('',#710,.T.);
#589=FACE_OUTER_BOUND('',#711,.T.);
#590=FACE_OUTER_BOUND('',#712,.T.);
#591=FACE_OUTER_BOUND('',#713,.T.);
#592=FACE_OUTER_BOUND('',#720,.T.);
#593=FACE_OUTER_BOUND('',#721,.T.);
#594=FACE_OUTER_BOUND('',#722,.T.);
#595=FACE_OUTER_BOUND('',#723,.T.);
#596=FACE_OUTER_BOUND('',#724,.T.);
#597=FACE_OUTER_BOUND('',#725,.T.);
#598=FACE_OUTER_BOUND('',#726,.T.);
#599=FACE_OUTER_BOUND('',#728,.T.);
#600=FACE_OUTER_BOUND('',#729,.T.);
#601=FACE_OUTER_BOUND('',#730,.T.);
#602=FACE_OUTER_BOUND('',#731,.T.);
#603=FACE_OUTER_BOUND('',#732,.T.);
#604=EDGE_LOOP('',(#1142));
#605=EDGE_LOOP('',(#1143,#1144,#1145,#1146));
#606=EDGE_LOOP('',(#1147));
#607=EDGE_LOOP('',(#1148));
#608=EDGE_LOOP('',(#1149,#1150,#1151,#1152));
#609=EDGE_LOOP('',(#1153));
#610=EDGE_LOOP('',(#1154));
#611=EDGE_LOOP('',(#1155,#1156,#1157,#1158));
#612=EDGE_LOOP('',(#1159));
#613=EDGE_LOOP('',(#1160));
#614=EDGE_LOOP('',(#1161,#1162,#1163,#1164));
#615=EDGE_LOOP('',(#1165));
#616=EDGE_LOOP('',(#1166));
#617=EDGE_LOOP('',(#1167,#1168,#1169,#1170));
#618=EDGE_LOOP('',(#1171));
#619=EDGE_LOOP('',(#1172,#1173,#1174,#1175));
#620=EDGE_LOOP('',(#1176,#1177,#1178,#1179));
#621=EDGE_LOOP('',(#1180,#1181,#1182,#1183));
#622=EDGE_LOOP('',(#1184,#1185,#1186,#1187));
#623=EDGE_LOOP('',(#1188,#1189,#1190,#1191));
#624=EDGE_LOOP('',(#1192,#1193,#1194,#1195));
#625=EDGE_LOOP('',(#1196,#1197,#1198,#1199));
#626=EDGE_LOOP('',(#1200,#1201,#1202,#1203));
#627=EDGE_LOOP('',(#1204,#1205,#1206,#1207));
#628=EDGE_LOOP('',(#1208,#1209,#1210,#1211,#1212));
#629=EDGE_LOOP('',(#1213,#1214,#1215,#1216,#1217));
#630=EDGE_LOOP('',(#1218,#1219,#1220,#1221));
#631=EDGE_LOOP('',(#1222,#1223,#1224,#1225));
#632=EDGE_LOOP('',(#1226,#1227,#1228,#1229));
#633=EDGE_LOOP('',(#1230,#1231,#1232,#1233));
#634=EDGE_LOOP('',(#1234,#1235,#1236,#1237));
#635=EDGE_LOOP('',(#1238,#1239,#1240,#1241,#1242));
#636=EDGE_LOOP('',(#1243,#1244,#1245,#1246));
#637=EDGE_LOOP('',(#1247,#1248,#1249,#1250));
#638=EDGE_LOOP('',(#1251,#1252,#1253,#1254));
#639=EDGE_LOOP('',(#1255,#1256,#1257,#1258));
#640=EDGE_LOOP('',(#1259,#1260,#1261,#1262));
#641=EDGE_LOOP('',(#1263,#1264,#1265,#1266));
#642=EDGE_LOOP('',(#1267,#1268,#1269,#1270));
#643=EDGE_LOOP('',(#1271,#1272,#1273,#1274));
#644=EDGE_LOOP('',(#1275,#1276,#1277,#1278));
#645=EDGE_LOOP('',(#1279,#1280,#1281,#1282));
#646=EDGE_LOOP('',(#1283,#1284,#1285,#1286));
#647=EDGE_LOOP('',(#1287,#1288,#1289,#1290));
#648=EDGE_LOOP('',(#1291,#1292,#1293,#1294));
#649=EDGE_LOOP('',(#1295,#1296,#1297,#1298,#1299));
#650=EDGE_LOOP('',(#1300,#1301,#1302,#1303,#1304));
#651=EDGE_LOOP('',(#1305,#1306,#1307,#1308));
#652=EDGE_LOOP('',(#1309,#1310,#1311,#1312));
#653=EDGE_LOOP('',(#1313,#1314,#1315,#1316));
#654=EDGE_LOOP('',(#1317,#1318,#1319,#1320));
#655=EDGE_LOOP('',(#1321,#1322,#1323,#1324));
#656=EDGE_LOOP('',(#1325,#1326,#1327,#1328));
#657=EDGE_LOOP('',(#1329,#1330,#1331,#1332,#1333));
#658=EDGE_LOOP('',(#1334,#1335,#1336,#1337));
#659=EDGE_LOOP('',(#1338,#1339,#1340,#1341));
#660=EDGE_LOOP('',(#1342,#1343,#1344,#1345));
#661=EDGE_LOOP('',(#1346,#1347,#1348,#1349));
#662=EDGE_LOOP('',(#1350,#1351,#1352,#1353,#1354,#1355,#1356,#1357,#1358,
#1359,#1360,#1361,#1362,#1363,#1364,#1365,#1366,#1367));
#663=EDGE_LOOP('',(#1368));
#664=EDGE_LOOP('',(#1369));
#665=EDGE_LOOP('',(#1370));
#666=EDGE_LOOP('',(#1371));
#667=EDGE_LOOP('',(#1372));
#668=EDGE_LOOP('',(#1373,#1374,#1375,#1376));
#669=EDGE_LOOP('',(#1377,#1378,#1379,#1380));
#670=EDGE_LOOP('',(#1381,#1382,#1383,#1384,#1385));
#671=EDGE_LOOP('',(#1386,#1387,#1388,#1389));
#672=EDGE_LOOP('',(#1390,#1391,#1392,#1393,#1394));
#673=EDGE_LOOP('',(#1395,#1396,#1397,#1398));
#674=EDGE_LOOP('',(#1399,#1400,#1401,#1402));
#675=EDGE_LOOP('',(#1403,#1404,#1405,#1406));
#676=EDGE_LOOP('',(#1407,#1408,#1409,#1410));
#677=EDGE_LOOP('',(#1411,#1412,#1413,#1414));
#678=EDGE_LOOP('',(#1415,#1416,#1417,#1418));
#679=EDGE_LOOP('',(#1419,#1420,#1421,#1422,#1423));
#680=EDGE_LOOP('',(#1424,#1425,#1426,#1427,#1428));
#681=EDGE_LOOP('',(#1429,#1430,#1431,#1432));
#682=EDGE_LOOP('',(#1433,#1434,#1435,#1436));
#683=EDGE_LOOP('',(#1437,#1438,#1439,#1440));
#684=EDGE_LOOP('',(#1441,#1442,#1443,#1444));
#685=EDGE_LOOP('',(#1445,#1446,#1447,#1448));
#686=EDGE_LOOP('',(#1449,#1450,#1451,#1452));
#687=EDGE_LOOP('',(#1453,#1454,#1455,#1456));
#688=EDGE_LOOP('',(#1457,#1458,#1459,#1460));
#689=EDGE_LOOP('',(#1461,#1462,#1463,#1464));
#690=EDGE_LOOP('',(#1465,#1466,#1467,#1468));
#691=EDGE_LOOP('',(#1469,#1470,#1471,#1472));
#692=EDGE_LOOP('',(#1473,#1474,#1475,#1476));
#693=EDGE_LOOP('',(#1477,#1478,#1479,#1480));
#694=EDGE_LOOP('',(#1481,#1482,#1483,#1484));
#695=EDGE_LOOP('',(#1485,#1486,#1487,#1488));
#696=EDGE_LOOP('',(#1489,#1490,#1491,#1492));
#697=EDGE_LOOP('',(#1493,#1494,#1495,#1496));
#698=EDGE_LOOP('',(#1497,#1498,#1499,#1500));
#699=EDGE_LOOP('',(#1501,#1502,#1503));
#700=EDGE_LOOP('',(#1504,#1505,#1506,#1507));
#701=EDGE_LOOP('',(#1508,#1509,#1510));
#702=EDGE_LOOP('',(#1511,#1512,#1513,#1514));
#703=EDGE_LOOP('',(#1515,#1516,#1517));
#704=EDGE_LOOP('',(#1518,#1519,#1520,#1521));
#705=EDGE_LOOP('',(#1522,#1523,#1524,#1525));
#706=EDGE_LOOP('',(#1526,#1527,#1528));
#707=EDGE_LOOP('',(#1529,#1530,#1531,#1532));
#708=EDGE_LOOP('',(#1533,#1534,#1535,#1536));
#709=EDGE_LOOP('',(#1537,#1538,#1539,#1540));
#710=EDGE_LOOP('',(#1541,#1542,#1543,#1544));
#711=EDGE_LOOP('',(#1545,#1546,#1547,#1548));
#712=EDGE_LOOP('',(#1549,#1550,#1551,#1552));
#713=EDGE_LOOP('',(#1553,#1554,#1555,#1556));
#714=EDGE_LOOP('',(#1557,#1558,#1559,#1560));
#715=EDGE_LOOP('',(#1561));
#716=EDGE_LOOP('',(#1562));
#717=EDGE_LOOP('',(#1563));
#718=EDGE_LOOP('',(#1564));
#719=EDGE_LOOP('',(#1565));
#720=EDGE_LOOP('',(#1566,#1567,#1568,#1569));
#721=EDGE_LOOP('',(#1570,#1571,#1572,#1573));
#722=EDGE_LOOP('',(#1574,#1575,#1576,#1577));
#723=EDGE_LOOP('',(#1578,#1579,#1580,#1581));
#724=EDGE_LOOP('',(#1582,#1583,#1584,#1585));
#725=EDGE_LOOP('',(#1586,#1587,#1588,#1589));
#726=EDGE_LOOP('',(#1590,#1591,#1592,#1593,#1594,#1595,#1596,#1597));
#727=EDGE_LOOP('',(#1598,#1599,#1600,#1601,#1602,#1603,#1604,#1605,#1606,
#1607,#1608,#1609,#1610,#1611));
#728=EDGE_LOOP('',(#1612,#1613,#1614,#1615));
#729=EDGE_LOOP('',(#1616,#1617,#1618,#1619));
#730=EDGE_LOOP('',(#1620,#1621,#1622,#1623));
#731=EDGE_LOOP('',(#1624,#1625,#1626,#1627));
#732=EDGE_LOOP('',(#1628,#1629,#1630,#1631));
#733=CIRCLE('',#1859,0.899999999999999);
#734=CIRCLE('',#1861,2.25);
#735=CIRCLE('',#1862,2.25);
#736=CIRCLE('',#1865,0.899999999999999);
#737=CIRCLE('',#1867,2.25);
#738=CIRCLE('',#1868,2.25);
#739=CIRCLE('',#1871,0.899999999999999);
#740=CIRCLE('',#1873,2.25);
#741=CIRCLE('',#1874,2.25);
#742=CIRCLE('',#1877,0.899999999999999);
#743=CIRCLE('',#1879,2.25);
#744=CIRCLE('',#1880,2.25);
#745=CIRCLE('',#1883,0.899999999999999);
#746=CIRCLE('',#1885,2.25);
#747=CIRCLE('',#1886,2.25);
#748=CIRCLE('',#1889,0.899999999999999);
#749=CIRCLE('',#1891,0.899999999999999);
#750=CIRCLE('',#1893,0.899999999999999);
#751=CIRCLE('',#1895,0.899999999999999);
#752=CIRCLE('',#1897,0.899999999999999);
#753=VERTEX_POINT('',#2508);
#754=VERTEX_POINT('',#2511);
#755=VERTEX_POINT('',#2513);
#756=VERTEX_POINT('',#2518);
#757=VERTEX_POINT('',#2521);
#758=VERTEX_POINT('',#2523);
#759=VERTEX_POINT('',#2528);
#760=VERTEX_POINT('',#2531);
#761=VERTEX_POINT('',#2533);
#762=VERTEX_POINT('',#2538);
#763=VERTEX_POINT('',#2541);
#764=VERTEX_POINT('',#2543);
#765=VERTEX_POINT('',#2548);
#766=VERTEX_POINT('',#2551);
#767=VERTEX_POINT('',#2553);
#768=VERTEX_POINT('',#2558);
#769=VERTEX_POINT('',#2562);
#770=VERTEX_POINT('',#2566);
#771=VERTEX_POINT('',#2570);
#772=VERTEX_POINT('',#2574);
#773=VERTEX_POINT('',#2578);
#774=VERTEX_POINT('',#2579);
#775=VERTEX_POINT('',#2581);
#776=VERTEX_POINT('',#2583);
#777=VERTEX_POINT('',#2587);
#778=VERTEX_POINT('',#2589);
#779=VERTEX_POINT('',#2593);
#780=VERTEX_POINT('',#2595);
#781=VERTEX_POINT('',#2602);
#782=VERTEX_POINT('',#2604);
#783=VERTEX_POINT('',#2606);
#784=VERTEX_POINT('',#2610);
#785=VERTEX_POINT('',#2612);
#786=VERTEX_POINT('',#2617);
#787=VERTEX_POINT('',#2618);
#788=VERTEX_POINT('',#2620);
#789=VERTEX_POINT('',#2622);
#790=VERTEX_POINT('',#2626);
#791=VERTEX_POINT('',#2628);
#792=VERTEX_POINT('',#2632);
#793=VERTEX_POINT('',#2634);
#794=VERTEX_POINT('',#2641);
#795=VERTEX_POINT('',#2643);
#796=VERTEX_POINT('',#2645);
#797=VERTEX_POINT('',#2649);
#798=VERTEX_POINT('',#2654);
#799=VERTEX_POINT('',#2655);
#800=VERTEX_POINT('',#2657);
#801=VERTEX_POINT('',#2659);
#802=VERTEX_POINT('',#2663);
#803=VERTEX_POINT('',#2665);
#804=VERTEX_POINT('',#2669);
#805=VERTEX_POINT('',#2671);
#806=VERTEX_POINT('',#2678);
#807=VERTEX_POINT('',#2680);
#808=VERTEX_POINT('',#2684);
#809=VERTEX_POINT('',#2689);
#810=VERTEX_POINT('',#2690);
#811=VERTEX_POINT('',#2692);
#812=VERTEX_POINT('',#2694);
#813=VERTEX_POINT('',#2698);
#814=VERTEX_POINT('',#2700);
#815=VERTEX_POINT('',#2704);
#816=VERTEX_POINT('',#2706);
#817=VERTEX_POINT('',#2713);
#818=VERTEX_POINT('',#2715);
#819=VERTEX_POINT('',#2717);
#820=VERTEX_POINT('',#2721);
#821=VERTEX_POINT('',#2723);
#822=VERTEX_POINT('',#2728);
#823=VERTEX_POINT('',#2729);
#824=VERTEX_POINT('',#2731);
#825=VERTEX_POINT('',#2733);
#826=VERTEX_POINT('',#2737);
#827=VERTEX_POINT('',#2739);
#828=VERTEX_POINT('',#2743);
#829=VERTEX_POINT('',#2745);
#830=VERTEX_POINT('',#2752);
#831=VERTEX_POINT('',#2754);
#832=VERTEX_POINT('',#2758);
#833=VERTEX_POINT('',#2760);
#834=VERTEX_POINT('',#2765);
#835=VERTEX_POINT('',#2771);
#836=VERTEX_POINT('',#2773);
#837=VERTEX_POINT('',#2777);
#838=VERTEX_POINT('',#2779);
#839=VERTEX_POINT('',#2782);
#840=VERTEX_POINT('',#2784);
#841=VERTEX_POINT('',#2786);
#842=VERTEX_POINT('',#2789);
#843=VERTEX_POINT('',#2793);
#844=VERTEX_POINT('',#2794);
#845=VERTEX_POINT('',#2796);
#846=VERTEX_POINT('',#2798);
#847=VERTEX_POINT('',#2802);
#848=VERTEX_POINT('',#2819);
#849=VERTEX_POINT('',#2831);
#850=VERTEX_POINT('',#2832);
#851=VERTEX_POINT('',#2834);
#852=VERTEX_POINT('',#2836);
#853=VERTEX_POINT('',#2840);
#854=VERTEX_POINT('',#2842);
#855=VERTEX_POINT('',#2846);
#856=VERTEX_POINT('',#2848);
#857=VERTEX_POINT('',#2855);
#858=VERTEX_POINT('',#2857);
#859=VERTEX_POINT('',#2861);
#860=VERTEX_POINT('',#2865);
#861=VERTEX_POINT('',#2866);
#862=VERTEX_POINT('',#2868);
#863=VERTEX_POINT('',#2870);
#864=VERTEX_POINT('',#2874);
#865=VERTEX_POINT('',#2876);
#866=VERTEX_POINT('',#2880);
#867=VERTEX_POINT('',#2884);
#868=VERTEX_POINT('',#2890);
#869=VERTEX_POINT('',#2892);
#870=VERTEX_POINT('',#2896);
#871=VERTEX_POINT('',#2900);
#872=VERTEX_POINT('',#2906);
#873=VERTEX_POINT('',#2912);
#874=VERTEX_POINT('',#2914);
#875=VERTEX_POINT('',#2918);
#876=VERTEX_POINT('',#2919);
#877=VERTEX_POINT('',#2924);
#878=VERTEX_POINT('',#2926);
#879=VERTEX_POINT('',#2930);
#880=VERTEX_POINT('',#2931);
#881=VERTEX_POINT('',#2936);
#882=VERTEX_POINT('',#2938);
#883=VERTEX_POINT('',#2942);
#884=VERTEX_POINT('',#2943);
#885=VERTEX_POINT('',#2950);
#886=VERTEX_POINT('',#2952);
#887=VERTEX_POINT('',#2956);
#888=VERTEX_POINT('',#2957);
#889=VERTEX_POINT('',#2972);
#890=VERTEX_POINT('',#2973);
#891=VERTEX_POINT('',#2975);
#892=VERTEX_POINT('',#2977);
#893=VERTEX_POINT('',#2981);
#894=VERTEX_POINT('',#2983);
#895=VERTEX_POINT('',#2987);
#896=VERTEX_POINT('',#2991);
#897=EDGE_CURVE('',#753,#753,#733,.T.);
#898=EDGE_CURVE('',#754,#754,#734,.T.);
#899=EDGE_CURVE('',#754,#755,#37,.T.);
#900=EDGE_CURVE('',#755,#755,#735,.T.);
#901=EDGE_CURVE('',#756,#756,#736,.T.);
#902=EDGE_CURVE('',#757,#757,#737,.T.);
#903=EDGE_CURVE('',#757,#758,#38,.T.);
#904=EDGE_CURVE('',#758,#758,#738,.T.);
#905=EDGE_CURVE('',#759,#759,#739,.T.);
#906=EDGE_CURVE('',#760,#760,#740,.T.);
#907=EDGE_CURVE('',#760,#761,#39,.T.);
#908=EDGE_CURVE('',#761,#761,#741,.T.);
#909=EDGE_CURVE('',#762,#762,#742,.T.);
#910=EDGE_CURVE('',#763,#763,#743,.T.);
#911=EDGE_CURVE('',#763,#764,#40,.T.);
#912=EDGE_CURVE('',#764,#764,#744,.T.);
#913=EDGE_CURVE('',#765,#765,#745,.T.);
#914=EDGE_CURVE('',#766,#766,#746,.T.);
#915=EDGE_CURVE('',#766,#767,#41,.T.);
#916=EDGE_CURVE('',#767,#767,#747,.T.);
#917=EDGE_CURVE('',#768,#768,#748,.T.);
#918=EDGE_CURVE('',#768,#765,#42,.T.);
#919=EDGE_CURVE('',#769,#769,#749,.T.);
#920=EDGE_CURVE('',#769,#762,#43,.T.);
#921=EDGE_CURVE('',#770,#770,#750,.T.);
#922=EDGE_CURVE('',#770,#759,#44,.T.);
#923=EDGE_CURVE('',#771,#771,#751,.T.);
#924=EDGE_CURVE('',#771,#756,#45,.T.);
#925=EDGE_CURVE('',#772,#772,#752,.T.);
#926=EDGE_CURVE('',#772,#753,#46,.T.);
#927=EDGE_CURVE('',#773,#774,#47,.T.);
#928=EDGE_CURVE('',#774,#775,#48,.T.);
#929=EDGE_CURVE('',#775,#776,#49,.T.);
#930=EDGE_CURVE('',#773,#776,#50,.T.);
#931=EDGE_CURVE('',#774,#777,#51,.T.);
#932=EDGE_CURVE('',#777,#778,#52,.T.);
#933=EDGE_CURVE('',#778,#775,#53,.T.);
#934=EDGE_CURVE('',#777,#779,#54,.T.);
#935=EDGE_CURVE('',#779,#780,#55,.T.);
#936=EDGE_CURVE('',#780,#778,#56,.T.);
#937=EDGE_CURVE('',#776,#780,#57,.T.);
#938=EDGE_CURVE('',#779,#773,#58,.T.);
#939=EDGE_CURVE('',#781,#776,#59,.T.);
#940=EDGE_CURVE('',#782,#781,#60,.T.);
#941=EDGE_CURVE('',#783,#782,#61,.T.);
#942=EDGE_CURVE('',#783,#780,#62,.T.);
#943=EDGE_CURVE('',#784,#775,#63,.T.);
#944=EDGE_CURVE('',#785,#784,#64,.T.);
#945=EDGE_CURVE('',#781,#785,#65,.T.);
#946=EDGE_CURVE('',#786,#787,#66,.T.);
#947=EDGE_CURVE('',#787,#788,#67,.T.);
#948=EDGE_CURVE('',#788,#789,#68,.T.);
#949=EDGE_CURVE('',#786,#789,#69,.T.);
#950=EDGE_CURVE('',#787,#790,#70,.T.);
#951=EDGE_CURVE('',#790,#791,#71,.T.);
#952=EDGE_CURVE('',#791,#788,#72,.T.);
#953=EDGE_CURVE('',#790,#792,#73,.T.);
#954=EDGE_CURVE('',#792,#793,#74,.T.);
#955=EDGE_CURVE('',#793,#791,#75,.T.);
#956=EDGE_CURVE('',#789,#793,#76,.T.);
#957=EDGE_CURVE('',#792,#786,#77,.T.);
#958=EDGE_CURVE('',#794,#789,#78,.T.);
#959=EDGE_CURVE('',#795,#794,#79,.T.);
#960=EDGE_CURVE('',#796,#795,#80,.T.);
#961=EDGE_CURVE('',#796,#793,#81,.T.);
#962=EDGE_CURVE('',#797,#788,#82,.T.);
#963=EDGE_CURVE('',#797,#794,#83,.T.);
#964=EDGE_CURVE('',#798,#799,#84,.T.);
#965=EDGE_CURVE('',#799,#800,#85,.T.);
#966=EDGE_CURVE('',#800,#801,#86,.T.);
#967=EDGE_CURVE('',#798,#801,#87,.T.);
#968=EDGE_CURVE('',#799,#802,#88,.T.);
#969=EDGE_CURVE('',#802,#803,#89,.T.);
#970=EDGE_CURVE('',#803,#800,#90,.T.);
#971=EDGE_CURVE('',#802,#804,#91,.T.);
#972=EDGE_CURVE('',#804,#805,#92,.T.);
#973=EDGE_CURVE('',#805,#803,#93,.T.);
#974=EDGE_CURVE('',#801,#805,#94,.T.);
#975=EDGE_CURVE('',#804,#798,#95,.T.);
#976=EDGE_CURVE('',#806,#801,#96,.T.);
#977=EDGE_CURVE('',#806,#807,#97,.T.);
#978=EDGE_CURVE('',#807,#805,#98,.T.);
#979=EDGE_CURVE('',#808,#800,#99,.T.);
#980=EDGE_CURVE('',#808,#806,#100,.T.);
#981=EDGE_CURVE('',#809,#810,#101,.T.);
#982=EDGE_CURVE('',#810,#811,#102,.T.);
#983=EDGE_CURVE('',#811,#812,#103,.T.);
#984=EDGE_CURVE('',#809,#812,#104,.T.);
#985=EDGE_CURVE('',#810,#813,#105,.T.);
#986=EDGE_CURVE('',#813,#814,#106,.T.);
#987=EDGE_CURVE('',#814,#811,#107,.T.);
#988=EDGE_CURVE('',#813,#815,#108,.T.);
#989=EDGE_CURVE('',#815,#816,#109,.T.);
#990=EDGE_CURVE('',#816,#814,#110,.T.);
#991=EDGE_CURVE('',#812,#816,#111,.T.);
#992=EDGE_CURVE('',#815,#809,#112,.T.);
#993=EDGE_CURVE('',#817,#812,#113,.T.);
#994=EDGE_CURVE('',#818,#817,#114,.T.);
#995=EDGE_CURVE('',#819,#818,#115,.T.);
#996=EDGE_CURVE('',#819,#816,#116,.T.);
#997=EDGE_CURVE('',#820,#811,#117,.T.);
#998=EDGE_CURVE('',#821,#820,#118,.T.);
#999=EDGE_CURVE('',#817,#821,#119,.T.);
#1000=EDGE_CURVE('',#822,#823,#120,.T.);
#1001=EDGE_CURVE('',#823,#824,#121,.T.);
#1002=EDGE_CURVE('',#824,#825,#122,.T.);
#1003=EDGE_CURVE('',#822,#825,#123,.T.);
#1004=EDGE_CURVE('',#823,#826,#124,.T.);
#1005=EDGE_CURVE('',#826,#827,#125,.T.);
#1006=EDGE_CURVE('',#827,#824,#126,.T.);
#1007=EDGE_CURVE('',#826,#828,#127,.T.);
#1008=EDGE_CURVE('',#828,#829,#128,.T.);
#1009=EDGE_CURVE('',#829,#827,#129,.T.);
#1010=EDGE_CURVE('',#825,#829,#130,.T.);
#1011=EDGE_CURVE('',#828,#822,#131,.T.);
#1012=EDGE_CURVE('',#830,#825,#132,.T.);
#1013=EDGE_CURVE('',#831,#830,#133,.T.);
#1014=EDGE_CURVE('',#831,#829,#134,.T.);
#1015=EDGE_CURVE('',#832,#824,#135,.T.);
#1016=EDGE_CURVE('',#833,#832,#136,.T.);
#1017=EDGE_CURVE('',#830,#833,#137,.T.);
#1018=EDGE_CURVE('',#783,#834,#138,.T.);
#1019=EDGE_CURVE('',#834,#778,#139,.T.);
#1020=EDGE_CURVE('',#834,#784,#140,.T.);
#1021=EDGE_CURVE('',#782,#835,#141,.F.);
#1022=EDGE_CURVE('',#836,#835,#142,.F.);
#1023=EDGE_CURVE('',#836,#783,#143,.T.);
#1024=EDGE_CURVE('',#837,#785,#144,.F.);
#1025=EDGE_CURVE('',#837,#838,#145,.T.);
#1026=EDGE_CURVE('',#838,#796,#146,.T.);
#1027=EDGE_CURVE('',#839,#795,#147,.F.);
#1028=EDGE_CURVE('',#839,#840,#148,.T.);
#1029=EDGE_CURVE('',#840,#841,#149,.T.);
#1030=EDGE_CURVE('',#818,#841,#150,.F.);
#1031=EDGE_CURVE('',#842,#821,#151,.F.);
#1032=EDGE_CURVE('',#842,#831,#152,.T.);
#1033=EDGE_CURVE('',#835,#833,#153,.F.);
#1034=EDGE_CURVE('',#843,#844,#154,.T.);
#1035=EDGE_CURVE('',#844,#845,#155,.T.);
#1036=EDGE_CURVE('',#845,#846,#156,.T.);
#1037=EDGE_CURVE('',#846,#843,#157,.T.);
#1038=EDGE_CURVE('',#847,#827,#158,.T.);
#1039=EDGE_CURVE('',#847,#832,#159,.T.);
#1040=EDGE_CURVE('',#847,#842,#160,.T.);
#1041=EDGE_CURVE('',#820,#847,#161,.T.);
#1042=EDGE_CURVE('',#838,#791,#162,.T.);
#1043=EDGE_CURVE('',#797,#837,#163,.T.);
#1044=EDGE_CURVE('',#794,#808,#164,.T.);
#1045=EDGE_CURVE('',#808,#839,#165,.T.);
#1046=EDGE_CURVE('',#784,#797,#166,.T.);
#1047=EDGE_CURVE('',#848,#814,#167,.T.);
#1048=EDGE_CURVE('',#848,#820,#168,.T.);
#1049=EDGE_CURVE('',#819,#848,#169,.T.);
#1050=EDGE_CURVE('',#841,#807,#170,.T.);
#1051=EDGE_CURVE('',#807,#819,#171,.T.);
#1052=EDGE_CURVE('',#840,#803,#172,.T.);
#1053=EDGE_CURVE('',#849,#850,#173,.T.);
#1054=EDGE_CURVE('',#850,#851,#15,.T.);
#1055=EDGE_CURVE('',#851,#852,#174,.T.);
#1056=EDGE_CURVE('',#849,#852,#16,.T.);
#1057=EDGE_CURVE('',#850,#853,#175,.T.);
#1058=EDGE_CURVE('',#853,#854,#17,.T.);
#1059=EDGE_CURVE('',#854,#851,#176,.T.);
#1060=EDGE_CURVE('',#853,#855,#177,.T.);
#1061=EDGE_CURVE('',#855,#856,#18,.T.);
#1062=EDGE_CURVE('',#856,#854,#178,.T.);
#1063=EDGE_CURVE('',#852,#856,#179,.T.);
#1064=EDGE_CURVE('',#855,#849,#180,.T.);
#1065=EDGE_CURVE('',#857,#852,#181,.T.);
#1066=EDGE_CURVE('',#858,#857,#182,.T.);
#1067=EDGE_CURVE('',#858,#856,#183,.T.);
#1068=EDGE_CURVE('',#859,#851,#184,.T.);
#1069=EDGE_CURVE('',#857,#859,#185,.T.);
#1070=EDGE_CURVE('',#860,#861,#186,.T.);
#1071=EDGE_CURVE('',#862,#860,#187,.T.);
#1072=EDGE_CURVE('',#863,#862,#188,.T.);
#1073=EDGE_CURVE('',#861,#863,#189,.T.);
#1074=EDGE_CURVE('',#861,#864,#19,.T.);
#1075=EDGE_CURVE('',#864,#865,#190,.T.);
#1076=EDGE_CURVE('',#860,#865,#20,.T.);
#1077=EDGE_CURVE('',#863,#866,#21,.T.);
#1078=EDGE_CURVE('',#866,#864,#191,.T.);
#1079=EDGE_CURVE('',#862,#867,#22,.T.);
#1080=EDGE_CURVE('',#867,#866,#192,.T.);
#1081=EDGE_CURVE('',#865,#867,#193,.T.);
#1082=EDGE_CURVE('',#868,#865,#194,.T.);
#1083=EDGE_CURVE('',#869,#868,#195,.T.);
#1084=EDGE_CURVE('',#869,#867,#196,.T.);
#1085=EDGE_CURVE('',#870,#864,#197,.T.);
#1086=EDGE_CURVE('',#868,#870,#198,.T.);
#1087=EDGE_CURVE('',#871,#866,#199,.T.);
#1088=EDGE_CURVE('',#870,#871,#200,.T.);
#1089=EDGE_CURVE('',#871,#869,#201,.T.);
#1090=EDGE_CURVE('',#872,#858,#202,.T.);
#1091=EDGE_CURVE('',#872,#854,#203,.T.);
#1092=EDGE_CURVE('',#859,#872,#204,.T.);
#1093=EDGE_CURVE('',#873,#857,#205,.T.);
#1094=EDGE_CURVE('',#874,#873,#206,.T.);
#1095=EDGE_CURVE('',#857,#874,#207,.T.);
#1096=EDGE_CURVE('',#875,#876,#208,.T.);
#1097=EDGE_CURVE('',#876,#874,#209,.T.);
#1098=EDGE_CURVE('',#873,#875,#210,.T.);
#1099=EDGE_CURVE('',#877,#858,#211,.T.);
#1100=EDGE_CURVE('',#878,#877,#212,.T.);
#1101=EDGE_CURVE('',#858,#878,#213,.T.);
#1102=EDGE_CURVE('',#879,#880,#214,.T.);
#1103=EDGE_CURVE('',#880,#878,#215,.T.);
#1104=EDGE_CURVE('',#877,#879,#216,.T.);
#1105=EDGE_CURVE('',#881,#859,#217,.T.);
#1106=EDGE_CURVE('',#882,#881,#218,.T.);
#1107=EDGE_CURVE('',#859,#882,#219,.T.);
#1108=EDGE_CURVE('',#883,#884,#220,.T.);
#1109=EDGE_CURVE('',#884,#882,#221,.T.);
#1110=EDGE_CURVE('',#881,#883,#222,.T.);
#1111=EDGE_CURVE('',#882,#873,#223,.T.);
#1112=EDGE_CURVE('',#885,#872,#224,.T.);
#1113=EDGE_CURVE('',#886,#885,#225,.T.);
#1114=EDGE_CURVE('',#872,#886,#226,.T.);
#1115=EDGE_CURVE('',#887,#888,#227,.T.);
#1116=EDGE_CURVE('',#888,#886,#228,.T.);
#1117=EDGE_CURVE('',#885,#887,#229,.T.);
#1118=EDGE_CURVE('',#886,#881,#230,.T.);
#1119=EDGE_CURVE('',#878,#885,#231,.T.);
#1120=EDGE_CURVE('',#874,#877,#232,.T.);
#1121=EDGE_CURVE('',#884,#875,#233,.T.);
#1122=EDGE_CURVE('',#888,#883,#234,.T.);
#1123=EDGE_CURVE('',#889,#890,#235,.T.);
#1124=EDGE_CURVE('',#891,#889,#236,.T.);
#1125=EDGE_CURVE('',#892,#891,#237,.T.);
#1126=EDGE_CURVE('',#890,#892,#238,.T.);
#1127=EDGE_CURVE('',#890,#893,#239,.T.);
#1128=EDGE_CURVE('',#893,#894,#240,.T.);
#1129=EDGE_CURVE('',#894,#889,#241,.T.);
#1130=EDGE_CURVE('',#892,#895,#242,.T.);
#1131=EDGE_CURVE('',#895,#893,#243,.T.);
#1132=EDGE_CURVE('',#891,#896,#244,.T.);
#1133=EDGE_CURVE('',#896,#895,#245,.T.);
#1134=EDGE_CURVE('',#894,#896,#246,.T.);
#1135=EDGE_CURVE('',#894,#843,#247,.T.);
#1136=EDGE_CURVE('',#896,#846,#248,.T.);
#1137=EDGE_CURVE('',#893,#844,#249,.T.);
#1138=EDGE_CURVE('',#880,#887,#250,.T.);
#1139=EDGE_CURVE('',#876,#879,#251,.T.);
#1140=EDGE_CURVE('',#832,#836,#252,.T.);
#1141=EDGE_CURVE('',#895,#845,#253,.T.);
#1142=ORIENTED_EDGE('',*,*,#897,.T.);
#1143=ORIENTED_EDGE('',*,*,#898,.F.);
#1144=ORIENTED_EDGE('',*,*,#899,.T.);
#1145=ORIENTED_EDGE('',*,*,#900,.T.);
#1146=ORIENTED_EDGE('',*,*,#899,.F.);
#1147=ORIENTED_EDGE('',*,*,#900,.F.);
#1148=ORIENTED_EDGE('',*,*,#901,.T.);
#1149=ORIENTED_EDGE('',*,*,#902,.F.);
#1150=ORIENTED_EDGE('',*,*,#903,.T.);
#1151=ORIENTED_EDGE('',*,*,#904,.T.);
#1152=ORIENTED_EDGE('',*,*,#903,.F.);
#1153=ORIENTED_EDGE('',*,*,#904,.F.);
#1154=ORIENTED_EDGE('',*,*,#905,.T.);
#1155=ORIENTED_EDGE('',*,*,#906,.F.);
#1156=ORIENTED_EDGE('',*,*,#907,.T.);
#1157=ORIENTED_EDGE('',*,*,#908,.T.);
#1158=ORIENTED_EDGE('',*,*,#907,.F.);
#1159=ORIENTED_EDGE('',*,*,#908,.F.);
#1160=ORIENTED_EDGE('',*,*,#909,.T.);
#1161=ORIENTED_EDGE('',*,*,#910,.F.);
#1162=ORIENTED_EDGE('',*,*,#911,.T.);
#1163=ORIENTED_EDGE('',*,*,#912,.T.);
#1164=ORIENTED_EDGE('',*,*,#911,.F.);
#1165=ORIENTED_EDGE('',*,*,#912,.F.);
#1166=ORIENTED_EDGE('',*,*,#913,.T.);
#1167=ORIENTED_EDGE('',*,*,#914,.F.);
#1168=ORIENTED_EDGE('',*,*,#915,.T.);
#1169=ORIENTED_EDGE('',*,*,#916,.T.);
#1170=ORIENTED_EDGE('',*,*,#915,.F.);
#1171=ORIENTED_EDGE('',*,*,#916,.F.);
#1172=ORIENTED_EDGE('',*,*,#917,.F.);
#1173=ORIENTED_EDGE('',*,*,#918,.T.);
#1174=ORIENTED_EDGE('',*,*,#913,.F.);
#1175=ORIENTED_EDGE('',*,*,#918,.F.);
#1176=ORIENTED_EDGE('',*,*,#919,.F.);
#1177=ORIENTED_EDGE('',*,*,#920,.T.);
#1178=ORIENTED_EDGE('',*,*,#909,.F.);
#1179=ORIENTED_EDGE('',*,*,#920,.F.);
#1180=ORIENTED_EDGE('',*,*,#921,.F.);
#1181=ORIENTED_EDGE('',*,*,#922,.T.);
#1182=ORIENTED_EDGE('',*,*,#905,.F.);
#1183=ORIENTED_EDGE('',*,*,#922,.F.);
#1184=ORIENTED_EDGE('',*,*,#923,.F.);
#1185=ORIENTED_EDGE('',*,*,#924,.T.);
#1186=ORIENTED_EDGE('',*,*,#901,.F.);
#1187=ORIENTED_EDGE('',*,*,#924,.F.);
#1188=ORIENTED_EDGE('',*,*,#925,.F.);
#1189=ORIENTED_EDGE('',*,*,#926,.T.);
#1190=ORIENTED_EDGE('',*,*,#897,.F.);
#1191=ORIENTED_EDGE('',*,*,#926,.F.);
#1192=ORIENTED_EDGE('',*,*,#927,.T.);
#1193=ORIENTED_EDGE('',*,*,#928,.T.);
#1194=ORIENTED_EDGE('',*,*,#929,.T.);
#1195=ORIENTED_EDGE('',*,*,#930,.F.);
#1196=ORIENTED_EDGE('',*,*,#931,.T.);
#1197=ORIENTED_EDGE('',*,*,#932,.T.);
#1198=ORIENTED_EDGE('',*,*,#933,.T.);
#1199=ORIENTED_EDGE('',*,*,#928,.F.);
#1200=ORIENTED_EDGE('',*,*,#934,.T.);
#1201=ORIENTED_EDGE('',*,*,#935,.T.);
#1202=ORIENTED_EDGE('',*,*,#936,.T.);
#1203=ORIENTED_EDGE('',*,*,#932,.F.);
#1204=ORIENTED_EDGE('',*,*,#937,.T.);
#1205=ORIENTED_EDGE('',*,*,#935,.F.);
#1206=ORIENTED_EDGE('',*,*,#938,.T.);
#1207=ORIENTED_EDGE('',*,*,#930,.T.);
#1208=ORIENTED_EDGE('',*,*,#937,.F.);
#1209=ORIENTED_EDGE('',*,*,#939,.F.);
#1210=ORIENTED_EDGE('',*,*,#940,.F.);
#1211=ORIENTED_EDGE('',*,*,#941,.F.);
#1212=ORIENTED_EDGE('',*,*,#942,.T.);
#1213=ORIENTED_EDGE('',*,*,#929,.F.);
#1214=ORIENTED_EDGE('',*,*,#943,.F.);
#1215=ORIENTED_EDGE('',*,*,#944,.F.);
#1216=ORIENTED_EDGE('',*,*,#945,.F.);
#1217=ORIENTED_EDGE('',*,*,#939,.T.);
#1218=ORIENTED_EDGE('',*,*,#927,.F.);
#1219=ORIENTED_EDGE('',*,*,#938,.F.);
#1220=ORIENTED_EDGE('',*,*,#934,.F.);
#1221=ORIENTED_EDGE('',*,*,#931,.F.);
#1222=ORIENTED_EDGE('',*,*,#946,.T.);
#1223=ORIENTED_EDGE('',*,*,#947,.T.);
#1224=ORIENTED_EDGE('',*,*,#948,.T.);
#1225=ORIENTED_EDGE('',*,*,#949,.F.);
#1226=ORIENTED_EDGE('',*,*,#950,.T.);
#1227=ORIENTED_EDGE('',*,*,#951,.T.);
#1228=ORIENTED_EDGE('',*,*,#952,.T.);
#1229=ORIENTED_EDGE('',*,*,#947,.F.);
#1230=ORIENTED_EDGE('',*,*,#953,.T.);
#1231=ORIENTED_EDGE('',*,*,#954,.T.);
#1232=ORIENTED_EDGE('',*,*,#955,.T.);
#1233=ORIENTED_EDGE('',*,*,#951,.F.);
#1234=ORIENTED_EDGE('',*,*,#956,.T.);
#1235=ORIENTED_EDGE('',*,*,#954,.F.);
#1236=ORIENTED_EDGE('',*,*,#957,.T.);
#1237=ORIENTED_EDGE('',*,*,#949,.T.);
#1238=ORIENTED_EDGE('',*,*,#956,.F.);
#1239=ORIENTED_EDGE('',*,*,#958,.F.);
#1240=ORIENTED_EDGE('',*,*,#959,.F.);
#1241=ORIENTED_EDGE('',*,*,#960,.F.);
#1242=ORIENTED_EDGE('',*,*,#961,.T.);
#1243=ORIENTED_EDGE('',*,*,#948,.F.);
#1244=ORIENTED_EDGE('',*,*,#962,.F.);
#1245=ORIENTED_EDGE('',*,*,#963,.T.);
#1246=ORIENTED_EDGE('',*,*,#958,.T.);
#1247=ORIENTED_EDGE('',*,*,#946,.F.);
#1248=ORIENTED_EDGE('',*,*,#957,.F.);
#1249=ORIENTED_EDGE('',*,*,#953,.F.);
#1250=ORIENTED_EDGE('',*,*,#950,.F.);
#1251=ORIENTED_EDGE('',*,*,#964,.T.);
#1252=ORIENTED_EDGE('',*,*,#965,.T.);
#1253=ORIENTED_EDGE('',*,*,#966,.T.);
#1254=ORIENTED_EDGE('',*,*,#967,.F.);
#1255=ORIENTED_EDGE('',*,*,#968,.T.);
#1256=ORIENTED_EDGE('',*,*,#969,.T.);
#1257=ORIENTED_EDGE('',*,*,#970,.T.);
#1258=ORIENTED_EDGE('',*,*,#965,.F.);
#1259=ORIENTED_EDGE('',*,*,#971,.T.);
#1260=ORIENTED_EDGE('',*,*,#972,.T.);
#1261=ORIENTED_EDGE('',*,*,#973,.T.);
#1262=ORIENTED_EDGE('',*,*,#969,.F.);
#1263=ORIENTED_EDGE('',*,*,#974,.T.);
#1264=ORIENTED_EDGE('',*,*,#972,.F.);
#1265=ORIENTED_EDGE('',*,*,#975,.T.);
#1266=ORIENTED_EDGE('',*,*,#967,.T.);
#1267=ORIENTED_EDGE('',*,*,#974,.F.);
#1268=ORIENTED_EDGE('',*,*,#976,.F.);
#1269=ORIENTED_EDGE('',*,*,#977,.T.);
#1270=ORIENTED_EDGE('',*,*,#978,.T.);
#1271=ORIENTED_EDGE('',*,*,#966,.F.);
#1272=ORIENTED_EDGE('',*,*,#979,.F.);
#1273=ORIENTED_EDGE('',*,*,#980,.T.);
#1274=ORIENTED_EDGE('',*,*,#976,.T.);
#1275=ORIENTED_EDGE('',*,*,#964,.F.);
#1276=ORIENTED_EDGE('',*,*,#975,.F.);
#1277=ORIENTED_EDGE('',*,*,#971,.F.);
#1278=ORIENTED_EDGE('',*,*,#968,.F.);
#1279=ORIENTED_EDGE('',*,*,#981,.T.);
#1280=ORIENTED_EDGE('',*,*,#982,.T.);
#1281=ORIENTED_EDGE('',*,*,#983,.T.);
#1282=ORIENTED_EDGE('',*,*,#984,.F.);
#1283=ORIENTED_EDGE('',*,*,#985,.T.);
#1284=ORIENTED_EDGE('',*,*,#986,.T.);
#1285=ORIENTED_EDGE('',*,*,#987,.T.);
#1286=ORIENTED_EDGE('',*,*,#982,.F.);
#1287=ORIENTED_EDGE('',*,*,#988,.T.);
#1288=ORIENTED_EDGE('',*,*,#989,.T.);
#1289=ORIENTED_EDGE('',*,*,#990,.T.);
#1290=ORIENTED_EDGE('',*,*,#986,.F.);
#1291=ORIENTED_EDGE('',*,*,#991,.T.);
#1292=ORIENTED_EDGE('',*,*,#989,.F.);
#1293=ORIENTED_EDGE('',*,*,#992,.T.);
#1294=ORIENTED_EDGE('',*,*,#984,.T.);
#1295=ORIENTED_EDGE('',*,*,#991,.F.);
#1296=ORIENTED_EDGE('',*,*,#993,.F.);
#1297=ORIENTED_EDGE('',*,*,#994,.F.);
#1298=ORIENTED_EDGE('',*,*,#995,.F.);
#1299=ORIENTED_EDGE('',*,*,#996,.T.);
#1300=ORIENTED_EDGE('',*,*,#983,.F.);
#1301=ORIENTED_EDGE('',*,*,#997,.F.);
#1302=ORIENTED_EDGE('',*,*,#998,.F.);
#1303=ORIENTED_EDGE('',*,*,#999,.F.);
#1304=ORIENTED_EDGE('',*,*,#993,.T.);
#1305=ORIENTED_EDGE('',*,*,#981,.F.);
#1306=ORIENTED_EDGE('',*,*,#992,.F.);
#1307=ORIENTED_EDGE('',*,*,#988,.F.);
#1308=ORIENTED_EDGE('',*,*,#985,.F.);
#1309=ORIENTED_EDGE('',*,*,#1000,.T.);
#1310=ORIENTED_EDGE('',*,*,#1001,.T.);
#1311=ORIENTED_EDGE('',*,*,#1002,.T.);
#1312=ORIENTED_EDGE('',*,*,#1003,.F.);
#1313=ORIENTED_EDGE('',*,*,#1004,.T.);
#1314=ORIENTED_EDGE('',*,*,#1005,.T.);
#1315=ORIENTED_EDGE('',*,*,#1006,.T.);
#1316=ORIENTED_EDGE('',*,*,#1001,.F.);
#1317=ORIENTED_EDGE('',*,*,#1007,.T.);
#1318=ORIENTED_EDGE('',*,*,#1008,.T.);
#1319=ORIENTED_EDGE('',*,*,#1009,.T.);
#1320=ORIENTED_EDGE('',*,*,#1005,.F.);
#1321=ORIENTED_EDGE('',*,*,#1010,.T.);
#1322=ORIENTED_EDGE('',*,*,#1008,.F.);
#1323=ORIENTED_EDGE('',*,*,#1011,.T.);
#1324=ORIENTED_EDGE('',*,*,#1003,.T.);
#1325=ORIENTED_EDGE('',*,*,#1010,.F.);
#1326=ORIENTED_EDGE('',*,*,#1012,.F.);
#1327=ORIENTED_EDGE('',*,*,#1013,.F.);
#1328=ORIENTED_EDGE('',*,*,#1014,.T.);
#1329=ORIENTED_EDGE('',*,*,#1002,.F.);
#1330=ORIENTED_EDGE('',*,*,#1015,.F.);
#1331=ORIENTED_EDGE('',*,*,#1016,.F.);
#1332=ORIENTED_EDGE('',*,*,#1017,.F.);
#1333=ORIENTED_EDGE('',*,*,#1012,.T.);
#1334=ORIENTED_EDGE('',*,*,#1000,.F.);
#1335=ORIENTED_EDGE('',*,*,#1011,.F.);
#1336=ORIENTED_EDGE('',*,*,#1007,.F.);
#1337=ORIENTED_EDGE('',*,*,#1004,.F.);
#1338=ORIENTED_EDGE('',*,*,#936,.F.);
#1339=ORIENTED_EDGE('',*,*,#942,.F.);
#1340=ORIENTED_EDGE('',*,*,#1018,.T.);
#1341=ORIENTED_EDGE('',*,*,#1019,.T.);
#1342=ORIENTED_EDGE('',*,*,#933,.F.);
#1343=ORIENTED_EDGE('',*,*,#1019,.F.);
#1344=ORIENTED_EDGE('',*,*,#1020,.T.);
#1345=ORIENTED_EDGE('',*,*,#943,.T.);
#1346=ORIENTED_EDGE('',*,*,#941,.T.);
#1347=ORIENTED_EDGE('',*,*,#1021,.T.);
#1348=ORIENTED_EDGE('',*,*,#1022,.F.);
#1349=ORIENTED_EDGE('',*,*,#1023,.T.);
#1350=ORIENTED_EDGE('',*,*,#940,.T.);
#1351=ORIENTED_EDGE('',*,*,#945,.T.);
#1352=ORIENTED_EDGE('',*,*,#1024,.F.);
#1353=ORIENTED_EDGE('',*,*,#1025,.T.);
#1354=ORIENTED_EDGE('',*,*,#1026,.T.);
#1355=ORIENTED_EDGE('',*,*,#960,.T.);
#1356=ORIENTED_EDGE('',*,*,#1027,.F.);
#1357=ORIENTED_EDGE('',*,*,#1028,.T.);
#1358=ORIENTED_EDGE('',*,*,#1029,.T.);
#1359=ORIENTED_EDGE('',*,*,#1030,.F.);
#1360=ORIENTED_EDGE('',*,*,#994,.T.);
#1361=ORIENTED_EDGE('',*,*,#999,.T.);
#1362=ORIENTED_EDGE('',*,*,#1031,.F.);
#1363=ORIENTED_EDGE('',*,*,#1032,.T.);
#1364=ORIENTED_EDGE('',*,*,#1013,.T.);
#1365=ORIENTED_EDGE('',*,*,#1017,.T.);
#1366=ORIENTED_EDGE('',*,*,#1033,.F.);
#1367=ORIENTED_EDGE('',*,*,#1021,.F.);
#1368=ORIENTED_EDGE('',*,*,#898,.T.);
#1369=ORIENTED_EDGE('',*,*,#902,.T.);
#1370=ORIENTED_EDGE('',*,*,#906,.T.);
#1371=ORIENTED_EDGE('',*,*,#910,.T.);
#1372=ORIENTED_EDGE('',*,*,#914,.T.);
#1373=ORIENTED_EDGE('',*,*,#1034,.T.);
#1374=ORIENTED_EDGE('',*,*,#1035,.T.);
#1375=ORIENTED_EDGE('',*,*,#1036,.T.);
#1376=ORIENTED_EDGE('',*,*,#1037,.T.);
#1377=ORIENTED_EDGE('',*,*,#1006,.F.);
#1378=ORIENTED_EDGE('',*,*,#1038,.F.);
#1379=ORIENTED_EDGE('',*,*,#1039,.T.);
#1380=ORIENTED_EDGE('',*,*,#1015,.T.);
#1381=ORIENTED_EDGE('',*,*,#1009,.F.);
#1382=ORIENTED_EDGE('',*,*,#1014,.F.);
#1383=ORIENTED_EDGE('',*,*,#1032,.F.);
#1384=ORIENTED_EDGE('',*,*,#1040,.F.);
#1385=ORIENTED_EDGE('',*,*,#1038,.T.);
#1386=ORIENTED_EDGE('',*,*,#1040,.T.);
#1387=ORIENTED_EDGE('',*,*,#1031,.T.);
#1388=ORIENTED_EDGE('',*,*,#998,.T.);
#1389=ORIENTED_EDGE('',*,*,#1041,.T.);
#1390=ORIENTED_EDGE('',*,*,#952,.F.);
#1391=ORIENTED_EDGE('',*,*,#1042,.F.);
#1392=ORIENTED_EDGE('',*,*,#1025,.F.);
#1393=ORIENTED_EDGE('',*,*,#1043,.F.);
#1394=ORIENTED_EDGE('',*,*,#962,.T.);
#1395=ORIENTED_EDGE('',*,*,#955,.F.);
#1396=ORIENTED_EDGE('',*,*,#961,.F.);
#1397=ORIENTED_EDGE('',*,*,#1026,.F.);
#1398=ORIENTED_EDGE('',*,*,#1042,.T.);
#1399=ORIENTED_EDGE('',*,*,#959,.T.);
#1400=ORIENTED_EDGE('',*,*,#1044,.T.);
#1401=ORIENTED_EDGE('',*,*,#1045,.T.);
#1402=ORIENTED_EDGE('',*,*,#1027,.T.);
#1403=ORIENTED_EDGE('',*,*,#944,.T.);
#1404=ORIENTED_EDGE('',*,*,#1046,.T.);
#1405=ORIENTED_EDGE('',*,*,#1043,.T.);
#1406=ORIENTED_EDGE('',*,*,#1024,.T.);
#1407=ORIENTED_EDGE('',*,*,#987,.F.);
#1408=ORIENTED_EDGE('',*,*,#1047,.F.);
#1409=ORIENTED_EDGE('',*,*,#1048,.T.);
#1410=ORIENTED_EDGE('',*,*,#997,.T.);
#1411=ORIENTED_EDGE('',*,*,#990,.F.);
#1412=ORIENTED_EDGE('',*,*,#996,.F.);
#1413=ORIENTED_EDGE('',*,*,#1049,.T.);
#1414=ORIENTED_EDGE('',*,*,#1047,.T.);
#1415=ORIENTED_EDGE('',*,*,#995,.T.);
#1416=ORIENTED_EDGE('',*,*,#1030,.T.);
#1417=ORIENTED_EDGE('',*,*,#1050,.T.);
#1418=ORIENTED_EDGE('',*,*,#1051,.T.);
#1419=ORIENTED_EDGE('',*,*,#970,.F.);
#1420=ORIENTED_EDGE('',*,*,#1052,.F.);
#1421=ORIENTED_EDGE('',*,*,#1028,.F.);
#1422=ORIENTED_EDGE('',*,*,#1045,.F.);
#1423=ORIENTED_EDGE('',*,*,#979,.T.);
#1424=ORIENTED_EDGE('',*,*,#973,.F.);
#1425=ORIENTED_EDGE('',*,*,#978,.F.);
#1426=ORIENTED_EDGE('',*,*,#1050,.F.);
#1427=ORIENTED_EDGE('',*,*,#1029,.F.);
#1428=ORIENTED_EDGE('',*,*,#1052,.T.);
#1429=ORIENTED_EDGE('',*,*,#1053,.T.);
#1430=ORIENTED_EDGE('',*,*,#1054,.T.);
#1431=ORIENTED_EDGE('',*,*,#1055,.T.);
#1432=ORIENTED_EDGE('',*,*,#1056,.F.);
#1433=ORIENTED_EDGE('',*,*,#1057,.T.);
#1434=ORIENTED_EDGE('',*,*,#1058,.T.);
#1435=ORIENTED_EDGE('',*,*,#1059,.T.);
#1436=ORIENTED_EDGE('',*,*,#1054,.F.);
#1437=ORIENTED_EDGE('',*,*,#1060,.T.);
#1438=ORIENTED_EDGE('',*,*,#1061,.T.);
#1439=ORIENTED_EDGE('',*,*,#1062,.T.);
#1440=ORIENTED_EDGE('',*,*,#1058,.F.);
#1441=ORIENTED_EDGE('',*,*,#1063,.T.);
#1442=ORIENTED_EDGE('',*,*,#1061,.F.);
#1443=ORIENTED_EDGE('',*,*,#1064,.T.);
#1444=ORIENTED_EDGE('',*,*,#1056,.T.);
#1445=ORIENTED_EDGE('',*,*,#1063,.F.);
#1446=ORIENTED_EDGE('',*,*,#1065,.F.);
#1447=ORIENTED_EDGE('',*,*,#1066,.F.);
#1448=ORIENTED_EDGE('',*,*,#1067,.T.);
#1449=ORIENTED_EDGE('',*,*,#1055,.F.);
#1450=ORIENTED_EDGE('',*,*,#1068,.F.);
#1451=ORIENTED_EDGE('',*,*,#1069,.F.);
#1452=ORIENTED_EDGE('',*,*,#1065,.T.);
#1453=ORIENTED_EDGE('',*,*,#1053,.F.);
#1454=ORIENTED_EDGE('',*,*,#1064,.F.);
#1455=ORIENTED_EDGE('',*,*,#1060,.F.);
#1456=ORIENTED_EDGE('',*,*,#1057,.F.);
#1457=ORIENTED_EDGE('',*,*,#1070,.F.);
#1458=ORIENTED_EDGE('',*,*,#1071,.F.);
#1459=ORIENTED_EDGE('',*,*,#1072,.F.);
#1460=ORIENTED_EDGE('',*,*,#1073,.F.);
#1461=ORIENTED_EDGE('',*,*,#1070,.T.);
#1462=ORIENTED_EDGE('',*,*,#1074,.T.);
#1463=ORIENTED_EDGE('',*,*,#1075,.T.);
#1464=ORIENTED_EDGE('',*,*,#1076,.F.);
#1465=ORIENTED_EDGE('',*,*,#1073,.T.);
#1466=ORIENTED_EDGE('',*,*,#1077,.T.);
#1467=ORIENTED_EDGE('',*,*,#1078,.T.);
#1468=ORIENTED_EDGE('',*,*,#1074,.F.);
#1469=ORIENTED_EDGE('',*,*,#1072,.T.);
#1470=ORIENTED_EDGE('',*,*,#1079,.T.);
#1471=ORIENTED_EDGE('',*,*,#1080,.T.);
#1472=ORIENTED_EDGE('',*,*,#1077,.F.);
#1473=ORIENTED_EDGE('',*,*,#1081,.T.);
#1474=ORIENTED_EDGE('',*,*,#1079,.F.);
#1475=ORIENTED_EDGE('',*,*,#1071,.T.);
#1476=ORIENTED_EDGE('',*,*,#1076,.T.);
#1477=ORIENTED_EDGE('',*,*,#1081,.F.);
#1478=ORIENTED_EDGE('',*,*,#1082,.F.);
#1479=ORIENTED_EDGE('',*,*,#1083,.F.);
#1480=ORIENTED_EDGE('',*,*,#1084,.T.);
#1481=ORIENTED_EDGE('',*,*,#1075,.F.);
#1482=ORIENTED_EDGE('',*,*,#1085,.F.);
#1483=ORIENTED_EDGE('',*,*,#1086,.F.);
#1484=ORIENTED_EDGE('',*,*,#1082,.T.);
#1485=ORIENTED_EDGE('',*,*,#1078,.F.);
#1486=ORIENTED_EDGE('',*,*,#1087,.F.);
#1487=ORIENTED_EDGE('',*,*,#1088,.F.);
#1488=ORIENTED_EDGE('',*,*,#1085,.T.);
#1489=ORIENTED_EDGE('',*,*,#1080,.F.);
#1490=ORIENTED_EDGE('',*,*,#1084,.F.);
#1491=ORIENTED_EDGE('',*,*,#1089,.F.);
#1492=ORIENTED_EDGE('',*,*,#1087,.T.);
#1493=ORIENTED_EDGE('',*,*,#1062,.F.);
#1494=ORIENTED_EDGE('',*,*,#1067,.F.);
#1495=ORIENTED_EDGE('',*,*,#1090,.F.);
#1496=ORIENTED_EDGE('',*,*,#1091,.T.);
#1497=ORIENTED_EDGE('',*,*,#1059,.F.);
#1498=ORIENTED_EDGE('',*,*,#1091,.F.);
#1499=ORIENTED_EDGE('',*,*,#1092,.F.);
#1500=ORIENTED_EDGE('',*,*,#1068,.T.);
#1501=ORIENTED_EDGE('',*,*,#1093,.F.);
#1502=ORIENTED_EDGE('',*,*,#1094,.F.);
#1503=ORIENTED_EDGE('',*,*,#1095,.F.);
#1504=ORIENTED_EDGE('',*,*,#1096,.T.);
#1505=ORIENTED_EDGE('',*,*,#1097,.T.);
#1506=ORIENTED_EDGE('',*,*,#1094,.T.);
#1507=ORIENTED_EDGE('',*,*,#1098,.T.);
#1508=ORIENTED_EDGE('',*,*,#1099,.F.);
#1509=ORIENTED_EDGE('',*,*,#1100,.F.);
#1510=ORIENTED_EDGE('',*,*,#1101,.F.);
#1511=ORIENTED_EDGE('',*,*,#1102,.T.);
#1512=ORIENTED_EDGE('',*,*,#1103,.T.);
#1513=ORIENTED_EDGE('',*,*,#1100,.T.);
#1514=ORIENTED_EDGE('',*,*,#1104,.T.);
#1515=ORIENTED_EDGE('',*,*,#1105,.F.);
#1516=ORIENTED_EDGE('',*,*,#1106,.F.);
#1517=ORIENTED_EDGE('',*,*,#1107,.F.);
#1518=ORIENTED_EDGE('',*,*,#1108,.T.);
#1519=ORIENTED_EDGE('',*,*,#1109,.T.);
#1520=ORIENTED_EDGE('',*,*,#1106,.T.);
#1521=ORIENTED_EDGE('',*,*,#1110,.T.);
#1522=ORIENTED_EDGE('',*,*,#1093,.T.);
#1523=ORIENTED_EDGE('',*,*,#1069,.T.);
#1524=ORIENTED_EDGE('',*,*,#1107,.T.);
#1525=ORIENTED_EDGE('',*,*,#1111,.T.);
#1526=ORIENTED_EDGE('',*,*,#1112,.F.);
#1527=ORIENTED_EDGE('',*,*,#1113,.F.);
#1528=ORIENTED_EDGE('',*,*,#1114,.F.);
#1529=ORIENTED_EDGE('',*,*,#1115,.T.);
#1530=ORIENTED_EDGE('',*,*,#1116,.T.);
#1531=ORIENTED_EDGE('',*,*,#1113,.T.);
#1532=ORIENTED_EDGE('',*,*,#1117,.T.);
#1533=ORIENTED_EDGE('',*,*,#1105,.T.);
#1534=ORIENTED_EDGE('',*,*,#1092,.T.);
#1535=ORIENTED_EDGE('',*,*,#1114,.T.);
#1536=ORIENTED_EDGE('',*,*,#1118,.T.);
#1537=ORIENTED_EDGE('',*,*,#1112,.T.);
#1538=ORIENTED_EDGE('',*,*,#1090,.T.);
#1539=ORIENTED_EDGE('',*,*,#1101,.T.);
#1540=ORIENTED_EDGE('',*,*,#1119,.T.);
#1541=ORIENTED_EDGE('',*,*,#1099,.T.);
#1542=ORIENTED_EDGE('',*,*,#1066,.T.);
#1543=ORIENTED_EDGE('',*,*,#1095,.T.);
#1544=ORIENTED_EDGE('',*,*,#1120,.T.);
#1545=ORIENTED_EDGE('',*,*,#1098,.F.);
#1546=ORIENTED_EDGE('',*,*,#1111,.F.);
#1547=ORIENTED_EDGE('',*,*,#1109,.F.);
#1548=ORIENTED_EDGE('',*,*,#1121,.T.);
#1549=ORIENTED_EDGE('',*,*,#1110,.F.);
#1550=ORIENTED_EDGE('',*,*,#1118,.F.);
#1551=ORIENTED_EDGE('',*,*,#1116,.F.);
#1552=ORIENTED_EDGE('',*,*,#1122,.T.);
#1553=ORIENTED_EDGE('',*,*,#1088,.T.);
#1554=ORIENTED_EDGE('',*,*,#1089,.T.);
#1555=ORIENTED_EDGE('',*,*,#1083,.T.);
#1556=ORIENTED_EDGE('',*,*,#1086,.T.);
#1557=ORIENTED_EDGE('',*,*,#1123,.F.);
#1558=ORIENTED_EDGE('',*,*,#1124,.F.);
#1559=ORIENTED_EDGE('',*,*,#1125,.F.);
#1560=ORIENTED_EDGE('',*,*,#1126,.F.);
#1561=ORIENTED_EDGE('',*,*,#925,.T.);
#1562=ORIENTED_EDGE('',*,*,#923,.T.);
#1563=ORIENTED_EDGE('',*,*,#921,.T.);
#1564=ORIENTED_EDGE('',*,*,#919,.T.);
#1565=ORIENTED_EDGE('',*,*,#917,.T.);
#1566=ORIENTED_EDGE('',*,*,#1123,.T.);
#1567=ORIENTED_EDGE('',*,*,#1127,.T.);
#1568=ORIENTED_EDGE('',*,*,#1128,.T.);
#1569=ORIENTED_EDGE('',*,*,#1129,.T.);
#1570=ORIENTED_EDGE('',*,*,#1126,.T.);
#1571=ORIENTED_EDGE('',*,*,#1130,.T.);
#1572=ORIENTED_EDGE('',*,*,#1131,.T.);
#1573=ORIENTED_EDGE('',*,*,#1127,.F.);
#1574=ORIENTED_EDGE('',*,*,#1125,.T.);
#1575=ORIENTED_EDGE('',*,*,#1132,.T.);
#1576=ORIENTED_EDGE('',*,*,#1133,.T.);
#1577=ORIENTED_EDGE('',*,*,#1130,.F.);
#1578=ORIENTED_EDGE('',*,*,#1134,.T.);
#1579=ORIENTED_EDGE('',*,*,#1132,.F.);
#1580=ORIENTED_EDGE('',*,*,#1124,.T.);
#1581=ORIENTED_EDGE('',*,*,#1129,.F.);
#1582=ORIENTED_EDGE('',*,*,#1134,.F.);
#1583=ORIENTED_EDGE('',*,*,#1135,.T.);
#1584=ORIENTED_EDGE('',*,*,#1037,.F.);
#1585=ORIENTED_EDGE('',*,*,#1136,.F.);
#1586=ORIENTED_EDGE('',*,*,#1128,.F.);
#1587=ORIENTED_EDGE('',*,*,#1137,.T.);
#1588=ORIENTED_EDGE('',*,*,#1034,.F.);
#1589=ORIENTED_EDGE('',*,*,#1135,.F.);
#1590=ORIENTED_EDGE('',*,*,#1096,.F.);
#1591=ORIENTED_EDGE('',*,*,#1121,.F.);
#1592=ORIENTED_EDGE('',*,*,#1108,.F.);
#1593=ORIENTED_EDGE('',*,*,#1122,.F.);
#1594=ORIENTED_EDGE('',*,*,#1115,.F.);
#1595=ORIENTED_EDGE('',*,*,#1138,.F.);
#1596=ORIENTED_EDGE('',*,*,#1102,.F.);
#1597=ORIENTED_EDGE('',*,*,#1139,.F.);
#1598=ORIENTED_EDGE('',*,*,#1020,.F.);
#1599=ORIENTED_EDGE('',*,*,#1018,.F.);
#1600=ORIENTED_EDGE('',*,*,#1023,.F.);
#1601=ORIENTED_EDGE('',*,*,#1140,.F.);
#1602=ORIENTED_EDGE('',*,*,#1039,.F.);
#1603=ORIENTED_EDGE('',*,*,#1041,.F.);
#1604=ORIENTED_EDGE('',*,*,#1048,.F.);
#1605=ORIENTED_EDGE('',*,*,#1049,.F.);
#1606=ORIENTED_EDGE('',*,*,#1051,.F.);
#1607=ORIENTED_EDGE('',*,*,#977,.F.);
#1608=ORIENTED_EDGE('',*,*,#980,.F.);
#1609=ORIENTED_EDGE('',*,*,#1044,.F.);
#1610=ORIENTED_EDGE('',*,*,#963,.F.);
#1611=ORIENTED_EDGE('',*,*,#1046,.F.);
#1612=ORIENTED_EDGE('',*,*,#1016,.T.);
#1613=ORIENTED_EDGE('',*,*,#1140,.T.);
#1614=ORIENTED_EDGE('',*,*,#1022,.T.);
#1615=ORIENTED_EDGE('',*,*,#1033,.T.);
#1616=ORIENTED_EDGE('',*,*,#1097,.F.);
#1617=ORIENTED_EDGE('',*,*,#1139,.T.);
#1618=ORIENTED_EDGE('',*,*,#1104,.F.);
#1619=ORIENTED_EDGE('',*,*,#1120,.F.);
#1620=ORIENTED_EDGE('',*,*,#1103,.F.);
#1621=ORIENTED_EDGE('',*,*,#1138,.T.);
#1622=ORIENTED_EDGE('',*,*,#1117,.F.);
#1623=ORIENTED_EDGE('',*,*,#1119,.F.);
#1624=ORIENTED_EDGE('',*,*,#1131,.F.);
#1625=ORIENTED_EDGE('',*,*,#1141,.T.);
#1626=ORIENTED_EDGE('',*,*,#1035,.F.);
#1627=ORIENTED_EDGE('',*,*,#1137,.F.);
#1628=ORIENTED_EDGE('',*,*,#1133,.F.);
#1629=ORIENTED_EDGE('',*,*,#1136,.T.);
#1630=ORIENTED_EDGE('',*,*,#1036,.F.);
#1631=ORIENTED_EDGE('',*,*,#1141,.F.);
#1632=PLANE('',#1858);
#1633=PLANE('',#1863);
#1634=PLANE('',#1864);
#1635=PLANE('',#1869);
#1636=PLANE('',#1870);
#1637=PLANE('',#1875);
#1638=PLANE('',#1876);
#1639=PLANE('',#1881);
#1640=PLANE('',#1882);
#1641=PLANE('',#1887);
#1642=PLANE('',#1898);
#1643=PLANE('',#1899);
#1644=PLANE('',#1900);
#1645=PLANE('',#1901);
#1646=PLANE('',#1902);
#1647=PLANE('',#1903);
#1648=PLANE('',#1904);
#1649=PLANE('',#1905);
#1650=PLANE('',#1906);
#1651=PLANE('',#1907);
#1652=PLANE('',#1908);
#1653=PLANE('',#1909);
#1654=PLANE('',#1910);
#1655=PLANE('',#1911);
#1656=PLANE('',#1912);
#1657=PLANE('',#1913);
#1658=PLANE('',#1914);
#1659=PLANE('',#1915);
#1660=PLANE('',#1916);
#1661=PLANE('',#1917);
#1662=PLANE('',#1918);
#1663=PLANE('',#1919);
#1664=PLANE('',#1920);
#1665=PLANE('',#1921);
#1666=PLANE('',#1922);
#1667=PLANE('',#1923);
#1668=PLANE('',#1924);
#1669=PLANE('',#1925);
#1670=PLANE('',#1926);
#1671=PLANE('',#1927);
#1672=PLANE('',#1928);
#1673=PLANE('',#1929);
#1674=PLANE('',#1930);
#1675=PLANE('',#1931);
#1676=PLANE('',#1932);
#1677=PLANE('',#1933);
#1678=PLANE('',#1934);
#1679=PLANE('',#1935);
#1680=PLANE('',#1936);
#1681=PLANE('',#1937);
#1682=PLANE('',#1938);
#1683=PLANE('',#1939);
#1684=PLANE('',#1940);
#1685=PLANE('',#1941);
#1686=PLANE('',#1942);
#1687=PLANE('',#1943);
#1688=PLANE('',#1944);
#1689=PLANE('',#1945);
#1690=PLANE('',#1946);
#1691=PLANE('',#1947);
#1692=PLANE('',#1948);
#1693=PLANE('',#1957);
#1694=PLANE('',#1958);
#1695=PLANE('',#1959);
#1696=PLANE('',#1968);
#1697=PLANE('',#1969);
#1698=PLANE('',#1970);
#1699=PLANE('',#1971);
#1700=PLANE('',#1972);
#1701=PLANE('',#1973);
#1702=PLANE('',#1974);
#1703=PLANE('',#1975);
#1704=PLANE('',#1976);
#1705=PLANE('',#1977);
#1706=PLANE('',#1978);
#1707=PLANE('',#1979);
#1708=PLANE('',#1980);
#1709=PLANE('',#1981);
#1710=PLANE('',#1982);
#1711=PLANE('',#1983);
#1712=PLANE('',#1984);
#1713=PLANE('',#1985);
#1714=PLANE('',#1986);
#1715=PLANE('',#1987);
#1716=PLANE('',#1988);
#1717=PLANE('',#1989);
#1718=PLANE('',#1990);
#1719=PLANE('',#1991);
#1720=PLANE('',#1992);
#1721=PLANE('',#1993);
#1722=PLANE('',#1994);
#1723=PLANE('',#1995);
#1724=PLANE('',#1996);
#1725=PLANE('',#1997);
#1726=PLANE('',#1998);
#1727=PLANE('',#1999);
#1728=PLANE('',#2000);
#1729=ADVANCED_FACE('',(#489),#1632,.T.);
#1730=ADVANCED_FACE('',(#490),#471,.T.);
#1731=ADVANCED_FACE('',(#491),#1633,.F.);
#1732=ADVANCED_FACE('',(#492),#1634,.T.);
#1733=ADVANCED_FACE('',(#493),#472,.T.);
#1734=ADVANCED_FACE('',(#494),#1635,.F.);
#1735=ADVANCED_FACE('',(#495),#1636,.T.);
#1736=ADVANCED_FACE('',(#496),#473,.T.);
#1737=ADVANCED_FACE('',(#497),#1637,.F.);
#1738=ADVANCED_FACE('',(#498),#1638,.T.);
#1739=ADVANCED_FACE('',(#499),#474,.T.);
#1740=ADVANCED_FACE('',(#500),#1639,.F.);
#1741=ADVANCED_FACE('',(#501),#1640,.T.);
#1742=ADVANCED_FACE('',(#502),#475,.T.);
#1743=ADVANCED_FACE('',(#503),#1641,.F.);
#1744=ADVANCED_FACE('',(#504),#476,.F.);
#1745=ADVANCED_FACE('',(#505),#477,.F.);
#1746=ADVANCED_FACE('',(#506),#478,.F.);
#1747=ADVANCED_FACE('',(#507),#479,.F.);
#1748=ADVANCED_FACE('',(#508),#480,.F.);
#1749=ADVANCED_FACE('',(#509),#1642,.T.);
#1750=ADVANCED_FACE('',(#510),#1643,.T.);
#1751=ADVANCED_FACE('',(#511),#1644,.T.);
#1752=ADVANCED_FACE('',(#512),#1645,.T.);
#1753=ADVANCED_FACE('',(#513),#1646,.T.);
#1754=ADVANCED_FACE('',(#514),#1647,.T.);
#1755=ADVANCED_FACE('',(#515),#1648,.T.);
#1756=ADVANCED_FACE('',(#516),#1649,.T.);
#1757=ADVANCED_FACE('',(#517),#1650,.T.);
#1758=ADVANCED_FACE('',(#518),#1651,.T.);
#1759=ADVANCED_FACE('',(#519),#1652,.T.);
#1760=ADVANCED_FACE('',(#520),#1653,.T.);
#1761=ADVANCED_FACE('',(#521),#1654,.T.);
#1762=ADVANCED_FACE('',(#522),#1655,.T.);
#1763=ADVANCED_FACE('',(#523),#1656,.T.);
#1764=ADVANCED_FACE('',(#524),#1657,.T.);
#1765=ADVANCED_FACE('',(#525),#1658,.T.);
#1766=ADVANCED_FACE('',(#526),#1659,.T.);
#1767=ADVANCED_FACE('',(#527),#1660,.T.);
#1768=ADVANCED_FACE('',(#528),#1661,.T.);
#1769=ADVANCED_FACE('',(#529),#1662,.T.);
#1770=ADVANCED_FACE('',(#530),#1663,.T.);
#1771=ADVANCED_FACE('',(#531),#1664,.T.);
#1772=ADVANCED_FACE('',(#532),#1665,.T.);
#1773=ADVANCED_FACE('',(#533),#1666,.T.);
#1774=ADVANCED_FACE('',(#534),#1667,.T.);
#1775=ADVANCED_FACE('',(#535),#1668,.T.);
#1776=ADVANCED_FACE('',(#536),#1669,.T.);
#1777=ADVANCED_FACE('',(#537),#1670,.T.);
#1778=ADVANCED_FACE('',(#538),#1671,.T.);
#1779=ADVANCED_FACE('',(#539),#1672,.T.);
#1780=ADVANCED_FACE('',(#540),#1673,.T.);
#1781=ADVANCED_FACE('',(#541),#1674,.T.);
#1782=ADVANCED_FACE('',(#542),#1675,.T.);
#1783=ADVANCED_FACE('',(#543),#1676,.T.);
#1784=ADVANCED_FACE('',(#544),#1677,.T.);
#1785=ADVANCED_FACE('',(#545),#1678,.T.);
#1786=ADVANCED_FACE('',(#546),#1679,.F.);
#1787=ADVANCED_FACE('',(#547,#23,#24,#25,#26,#27,#28),#1680,.F.);
#1788=ADVANCED_FACE('',(#548),#1681,.T.);
#1789=ADVANCED_FACE('',(#549),#1682,.T.);
#1790=ADVANCED_FACE('',(#550),#1683,.F.);
#1791=ADVANCED_FACE('',(#551),#1684,.T.);
#1792=ADVANCED_FACE('',(#552),#1685,.T.);
#1793=ADVANCED_FACE('',(#553),#1686,.F.);
#1794=ADVANCED_FACE('',(#554),#1687,.F.);
#1795=ADVANCED_FACE('',(#555),#1688,.T.);
#1796=ADVANCED_FACE('',(#556),#1689,.T.);
#1797=ADVANCED_FACE('',(#557),#1690,.F.);
#1798=ADVANCED_FACE('',(#558),#1691,.T.);
#1799=ADVANCED_FACE('',(#559),#1692,.T.);
#1800=ADVANCED_FACE('',(#560),#481,.T.);
#1801=ADVANCED_FACE('',(#561),#482,.T.);
#1802=ADVANCED_FACE('',(#562),#483,.T.);
#1803=ADVANCED_FACE('',(#563),#484,.T.);
#1804=ADVANCED_FACE('',(#564),#1693,.T.);
#1805=ADVANCED_FACE('',(#565),#1694,.T.);
#1806=ADVANCED_FACE('',(#566,#29),#1695,.T.);
#1807=ADVANCED_FACE('',(#567),#485,.T.);
#1808=ADVANCED_FACE('',(#568),#486,.T.);
#1809=ADVANCED_FACE('',(#569),#487,.T.);
#1810=ADVANCED_FACE('',(#570),#488,.T.);
#1811=ADVANCED_FACE('',(#571),#1696,.T.);
#1812=ADVANCED_FACE('',(#572),#1697,.T.);
#1813=ADVANCED_FACE('',(#573),#1698,.T.);
#1814=ADVANCED_FACE('',(#574),#1699,.T.);
#1815=ADVANCED_FACE('',(#575),#1700,.T.);
#1816=ADVANCED_FACE('',(#576),#1701,.T.);
#1817=ADVANCED_FACE('',(#577),#1702,.T.);
#1818=ADVANCED_FACE('',(#578),#1703,.T.);
#1819=ADVANCED_FACE('',(#579),#1704,.T.);
#1820=ADVANCED_FACE('',(#580),#1705,.T.);
#1821=ADVANCED_FACE('',(#581),#1706,.T.);
#1822=ADVANCED_FACE('',(#582),#1707,.T.);
#1823=ADVANCED_FACE('',(#583),#1708,.T.);
#1824=ADVANCED_FACE('',(#584),#1709,.T.);
#1825=ADVANCED_FACE('',(#585),#1710,.T.);
#1826=ADVANCED_FACE('',(#586),#1711,.T.);
#1827=ADVANCED_FACE('',(#587),#1712,.T.);
#1828=ADVANCED_FACE('',(#588),#1713,.T.);
#1829=ADVANCED_FACE('',(#589),#1714,.T.);
#1830=ADVANCED_FACE('',(#590),#1715,.T.);
#1831=ADVANCED_FACE('',(#591,#30,#31,#32,#33,#34,#35),#1716,.T.);
#1832=ADVANCED_FACE('',(#592),#1717,.T.);
#1833=ADVANCED_FACE('',(#593),#1718,.T.);
#1834=ADVANCED_FACE('',(#594),#1719,.T.);
#1835=ADVANCED_FACE('',(#595),#1720,.T.);
#1836=ADVANCED_FACE('',(#596),#1721,.F.);
#1837=ADVANCED_FACE('',(#597),#1722,.F.);
#1838=ADVANCED_FACE('',(#598,#36),#1723,.F.);
#1839=ADVANCED_FACE('',(#599),#1724,.F.);
#1840=ADVANCED_FACE('',(#600),#1725,.T.);
#1841=ADVANCED_FACE('',(#601),#1726,.T.);
#1842=ADVANCED_FACE('',(#602),#1727,.F.);
#1843=ADVANCED_FACE('',(#603),#1728,.F.);
#1844=CLOSED_SHELL('',(#1729,#1730,#1731,#1732,#1733,#1734,#1735,#1736,
#1737,#1738,#1739,#1740,#1741,#1742,#1743,#1744,#1745,#1746,#1747,#1748,
#1749,#1750,#1751,#1752,#1753,#1754,#1755,#1756,#1757,#1758,#1759,#1760,
#1761,#1762,#1763,#1764,#1765,#1766,#1767,#1768,#1769,#1770,#1771,#1772,
#1773,#1774,#1775,#1776,#1777,#1778,#1779,#1780,#1781,#1782,#1783,#1784,
#1785,#1786,#1787,#1788,#1789,#1790,#1791,#1792,#1793,#1794,#1795,#1796,
#1797,#1798,#1799,#1800,#1801,#1802,#1803,#1804,#1805,#1806,#1807,#1808,
#1809,#1810,#1811,#1812,#1813,#1814,#1815,#1816,#1817,#1818,#1819,#1820,
#1821,#1822,#1823,#1824,#1825,#1826,#1827,#1828,#1829,#1830,#1831,#1832,
#1833,#1834,#1835,#1836,#1837,#1838,#1839,#1840,#1841,#1842,#1843));
#1845=DERIVED_UNIT_ELEMENT(#1847,1.);
#1846=DERIVED_UNIT_ELEMENT(#3016,-3.);
#1847=(
MASS_UNIT()
NAMED_UNIT(*)
SI_UNIT(.KILO.,.GRAM.)
);
#1848=DERIVED_UNIT((#1845,#1846));
#1849=MEASURE_REPRESENTATION_ITEM('density measure',
POSITIVE_RATIO_MEASURE(7850.),#1848);
#1850=PROPERTY_DEFINITION_REPRESENTATION(#1855,#1852);
#1851=PROPERTY_DEFINITION_REPRESENTATION(#1856,#1853);
#1852=REPRESENTATION('material name',(#1854),#3013);
#1853=REPRESENTATION('density',(#1849),#3013);
#1854=DESCRIPTIVE_REPRESENTATION_ITEM('Steel','Steel');
#1855=PROPERTY_DEFINITION('material property','material name',#3023);
#1856=PROPERTY_DEFINITION('material property','density of part',#3023);
#1857=AXIS2_PLACEMENT_3D('',#2506,#2001,#2002);
#1858=AXIS2_PLACEMENT_3D('',#2507,#2003,#2004);
#1859=AXIS2_PLACEMENT_3D('',#2509,#2005,#2006);
#1860=AXIS2_PLACEMENT_3D('',#2510,#2007,#2008);
#1861=AXIS2_PLACEMENT_3D('',#2512,#2009,#2010);
#1862=AXIS2_PLACEMENT_3D('',#2515,#2012,#2013);
#1863=AXIS2_PLACEMENT_3D('',#2516,#2014,#2015);
#1864=AXIS2_PLACEMENT_3D('',#2517,#2016,#2017);
#1865=AXIS2_PLACEMENT_3D('',#2519,#2018,#2019);
#1866=AXIS2_PLACEMENT_3D('',#2520,#2020,#2021);
#1867=AXIS2_PLACEMENT_3D('',#2522,#2022,#2023);
#1868=AXIS2_PLACEMENT_3D('',#2525,#2025,#2026);
#1869=AXIS2_PLACEMENT_3D('',#2526,#2027,#2028);
#1870=AXIS2_PLACEMENT_3D('',#2527,#2029,#2030);
#1871=AXIS2_PLACEMENT_3D('',#2529,#2031,#2032);
#1872=AXIS2_PLACEMENT_3D('',#2530,#2033,#2034);
#1873=AXIS2_PLACEMENT_3D('',#2532,#2035,#2036);
#1874=AXIS2_PLACEMENT_3D('',#2535,#2038,#2039);
#1875=AXIS2_PLACEMENT_3D('',#2536,#2040,#2041);
#1876=AXIS2_PLACEMENT_3D('',#2537,#2042,#2043);
#1877=AXIS2_PLACEMENT_3D('',#2539,#2044,#2045);
#1878=AXIS2_PLACEMENT_3D('',#2540,#2046,#2047);
#1879=AXIS2_PLACEMENT_3D('',#2542,#2048,#2049);
#1880=AXIS2_PLACEMENT_3D('',#2545,#2051,#2052);
#1881=AXIS2_PLACEMENT_3D('',#2546,#2053,#2054);
#1882=AXIS2_PLACEMENT_3D('',#2547,#2055,#2056);
#1883=AXIS2_PLACEMENT_3D('',#2549,#2057,#2058);
#1884=AXIS2_PLACEMENT_3D('',#2550,#2059,#2060);
#1885=AXIS2_PLACEMENT_3D('',#2552,#2061,#2062);
#1886=AXIS2_PLACEMENT_3D('',#2555,#2064,#2065);
#1887=AXIS2_PLACEMENT_3D('',#2556,#2066,#2067);
#1888=AXIS2_PLACEMENT_3D('',#2557,#2068,#2069);
#1889=AXIS2_PLACEMENT_3D('',#2559,#2070,#2071);
#1890=AXIS2_PLACEMENT_3D('',#2561,#2073,#2074);
#1891=AXIS2_PLACEMENT_3D('',#2563,#2075,#2076);
#1892=AXIS2_PLACEMENT_3D('',#2565,#2078,#2079);
#1893=AXIS2_PLACEMENT_3D('',#2567,#2080,#2081);
#1894=AXIS2_PLACEMENT_3D('',#2569,#2083,#2084);
#1895=AXIS2_PLACEMENT_3D('',#2571,#2085,#2086);
#1896=AXIS2_PLACEMENT_3D('',#2573,#2088,#2089);
#1897=AXIS2_PLACEMENT_3D('',#2575,#2090,#2091);
#1898=AXIS2_PLACEMENT_3D('',#2577,#2093,#2094);
#1899=AXIS2_PLACEMENT_3D('',#2586,#2099,#2100);
#1900=AXIS2_PLACEMENT_3D('',#2592,#2104,#2105);
#1901=AXIS2_PLACEMENT_3D('',#2598,#2109,#2110);
#1902=AXIS2_PLACEMENT_3D('',#2601,#2113,#2114);
#1903=AXIS2_PLACEMENT_3D('',#2609,#2119,#2120);
#1904=AXIS2_PLACEMENT_3D('',#2615,#2124,#2125);
#1905=AXIS2_PLACEMENT_3D('',#2616,#2126,#2127);
#1906=AXIS2_PLACEMENT_3D('',#2625,#2132,#2133);
#1907=AXIS2_PLACEMENT_3D('',#2631,#2137,#2138);
#1908=AXIS2_PLACEMENT_3D('',#2637,#2142,#2143);
#1909=AXIS2_PLACEMENT_3D('',#2640,#2146,#2147);
#1910=AXIS2_PLACEMENT_3D('',#2648,#2152,#2153);
#1911=AXIS2_PLACEMENT_3D('',#2652,#2156,#2157);
#1912=AXIS2_PLACEMENT_3D('',#2653,#2158,#2159);
#1913=AXIS2_PLACEMENT_3D('',#2662,#2164,#2165);
#1914=AXIS2_PLACEMENT_3D('',#2668,#2169,#2170);
#1915=AXIS2_PLACEMENT_3D('',#2674,#2174,#2175);
#1916=AXIS2_PLACEMENT_3D('',#2677,#2178,#2179);
#1917=AXIS2_PLACEMENT_3D('',#2683,#2183,#2184);
#1918=AXIS2_PLACEMENT_3D('',#2687,#2187,#2188);
#1919=AXIS2_PLACEMENT_3D('',#2688,#2189,#2190);
#1920=AXIS2_PLACEMENT_3D('',#2697,#2195,#2196);
#1921=AXIS2_PLACEMENT_3D('',#2703,#2200,#2201);
#1922=AXIS2_PLACEMENT_3D('',#2709,#2205,#2206);
#1923=AXIS2_PLACEMENT_3D('',#2712,#2209,#2210);
#1924=AXIS2_PLACEMENT_3D('',#2720,#2215,#2216);
#1925=AXIS2_PLACEMENT_3D('',#2726,#2220,#2221);
#1926=AXIS2_PLACEMENT_3D('',#2727,#2222,#2223);
#1927=AXIS2_PLACEMENT_3D('',#2736,#2228,#2229);
#1928=AXIS2_PLACEMENT_3D('',#2742,#2233,#2234);
#1929=AXIS2_PLACEMENT_3D('',#2748,#2238,#2239);
#1930=AXIS2_PLACEMENT_3D('',#2751,#2242,#2243);
#1931=AXIS2_PLACEMENT_3D('',#2757,#2247,#2248);
#1932=AXIS2_PLACEMENT_3D('',#2763,#2252,#2253);
#1933=AXIS2_PLACEMENT_3D('',#2764,#2254,#2255);
#1934=AXIS2_PLACEMENT_3D('',#2768,#2258,#2259);
#1935=AXIS2_PLACEMENT_3D('',#2770,#2261,#2262);
#1936=AXIS2_PLACEMENT_3D('',#2776,#2266,#2267);
#1937=AXIS2_PLACEMENT_3D('',#2801,#2282,#2283);
#1938=AXIS2_PLACEMENT_3D('',#2805,#2286,#2287);
#1939=AXIS2_PLACEMENT_3D('',#2807,#2289,#2290);
#1940=AXIS2_PLACEMENT_3D('',#2809,#2292,#2293);
#1941=AXIS2_PLACEMENT_3D('',#2812,#2296,#2297);
#1942=AXIS2_PLACEMENT_3D('',#2813,#2298,#2299);
#1943=AXIS2_PLACEMENT_3D('',#2816,#2302,#2303);
#1944=AXIS2_PLACEMENT_3D('',#2818,#2305,#2306);
#1945=AXIS2_PLACEMENT_3D('',#2822,#2309,#2310);
#1946=AXIS2_PLACEMENT_3D('',#2824,#2312,#2313);
#1947=AXIS2_PLACEMENT_3D('',#2827,#2316,#2317);
#1948=AXIS2_PLACEMENT_3D('',#2829,#2319,#2320);
#1949=AXIS2_PLACEMENT_3D('',#2830,#2321,#2322);
#1950=AXIS2_PLACEMENT_3D('',#2835,#2324,#2325);
#1951=AXIS2_PLACEMENT_3D('',#2838,#2327,#2328);
#1952=AXIS2_PLACEMENT_3D('',#2839,#2329,#2330);
#1953=AXIS2_PLACEMENT_3D('',#2843,#2332,#2333);
#1954=AXIS2_PLACEMENT_3D('',#2845,#2335,#2336);
#1955=AXIS2_PLACEMENT_3D('',#2849,#2338,#2339);
#1956=AXIS2_PLACEMENT_3D('',#2851,#2341,#2342);
#1957=AXIS2_PLACEMENT_3D('',#2854,#2345,#2346);
#1958=AXIS2_PLACEMENT_3D('',#2860,#2350,#2351);
#1959=AXIS2_PLACEMENT_3D('',#2864,#2354,#2355);
#1960=AXIS2_PLACEMENT_3D('',#2873,#2360,#2361);
#1961=AXIS2_PLACEMENT_3D('',#2875,#2362,#2363);
#1962=AXIS2_PLACEMENT_3D('',#2878,#2365,#2366);
#1963=AXIS2_PLACEMENT_3D('',#2879,#2367,#2368);
#1964=AXIS2_PLACEMENT_3D('',#2881,#2369,#2370);
#1965=AXIS2_PLACEMENT_3D('',#2883,#2372,#2373);
#1966=AXIS2_PLACEMENT_3D('',#2885,#2374,#2375);
#1967=AXIS2_PLACEMENT_3D('',#2887,#2377,#2378);
#1968=AXIS2_PLACEMENT_3D('',#2889,#2380,#2381);
#1969=AXIS2_PLACEMENT_3D('',#2895,#2385,#2386);
#1970=AXIS2_PLACEMENT_3D('',#2899,#2389,#2390);
#1971=AXIS2_PLACEMENT_3D('',#2903,#2393,#2394);
#1972=AXIS2_PLACEMENT_3D('',#2905,#2396,#2397);
#1973=AXIS2_PLACEMENT_3D('',#2909,#2400,#2401);
#1974=AXIS2_PLACEMENT_3D('',#2911,#2403,#2404);
#1975=AXIS2_PLACEMENT_3D('',#2917,#2408,#2409);
#1976=AXIS2_PLACEMENT_3D('',#2923,#2413,#2414);
#1977=AXIS2_PLACEMENT_3D('',#2929,#2418,#2419);
#1978=AXIS2_PLACEMENT_3D('',#2935,#2423,#2424);
#1979=AXIS2_PLACEMENT_3D('',#2941,#2428,#2429);
#1980=AXIS2_PLACEMENT_3D('',#2947,#2433,#2434);
#1981=AXIS2_PLACEMENT_3D('',#2949,#2436,#2437);
#1982=AXIS2_PLACEMENT_3D('',#2955,#2441,#2442);
#1983=AXIS2_PLACEMENT_3D('',#2961,#2446,#2447);
#1984=AXIS2_PLACEMENT_3D('',#2963,#2449,#2450);
#1985=AXIS2_PLACEMENT_3D('',#2965,#2452,#2453);
#1986=AXIS2_PLACEMENT_3D('',#2967,#2455,#2456);
#1987=AXIS2_PLACEMENT_3D('',#2969,#2458,#2459);
#1988=AXIS2_PLACEMENT_3D('',#2971,#2461,#2462);
#1989=AXIS2_PLACEMENT_3D('',#2980,#2467,#2468);
#1990=AXIS2_PLACEMENT_3D('',#2986,#2472,#2473);
#1991=AXIS2_PLACEMENT_3D('',#2990,#2476,#2477);
#1992=AXIS2_PLACEMENT_3D('',#2994,#2480,#2481);
#1993=AXIS2_PLACEMENT_3D('',#2996,#2483,#2484);
#1994=AXIS2_PLACEMENT_3D('',#2999,#2487,#2488);
#1995=AXIS2_PLACEMENT_3D('',#3001,#2490,#2491);
#1996=AXIS2_PLACEMENT_3D('',#3005,#2495,#2496);
#1997=AXIS2_PLACEMENT_3D('',#3006,#2497,#2498);
#1998=AXIS2_PLACEMENT_3D('',#3007,#2499,#2500);
#1999=AXIS2_PLACEMENT_3D('',#3008,#2501,#2502);
#2000=AXIS2_PLACEMENT_3D('',#3010,#2504,#2505);
#2001=DIRECTION('axis',(0.,0.,1.));
#2002=DIRECTION('refdir',(1.,0.,0.));
#2003=DIRECTION('center_axis',(0.,0.,1.));
#2004=DIRECTION('ref_axis',(-1.,0.,0.));
#2005=DIRECTION('center_axis',(0.,0.,1.));
#2006=DIRECTION('ref_axis',(-1.,0.,0.));
#2007=DIRECTION('center_axis',(0.,0.,1.));
#2008=DIRECTION('ref_axis',(-1.,0.,0.));
#2009=DIRECTION('center_axis',(0.,0.,1.));
#2010=DIRECTION('ref_axis',(-1.,0.,0.));
#2011=DIRECTION('',(0.,0.,-1.));
#2012=DIRECTION('center_axis',(0.,0.,1.));
#2013=DIRECTION('ref_axis',(-1.,0.,0.));
#2014=DIRECTION('center_axis',(0.,0.,1.));
#2015=DIRECTION('ref_axis',(-1.,0.,0.));
#2016=DIRECTION('center_axis',(0.,0.,1.));
#2017=DIRECTION('ref_axis',(-1.,0.,0.));
#2018=DIRECTION('center_axis',(0.,0.,1.));
#2019=DIRECTION('ref_axis',(-1.,0.,0.));
#2020=DIRECTION('center_axis',(0.,0.,1.));
#2021=DIRECTION('ref_axis',(-1.,0.,0.));
#2022=DIRECTION('center_axis',(0.,0.,1.));
#2023=DIRECTION('ref_axis',(-1.,0.,0.));
#2024=DIRECTION('',(0.,0.,-1.));
#2025=DIRECTION('center_axis',(0.,0.,1.));
#2026=DIRECTION('ref_axis',(-1.,0.,0.));
#2027=DIRECTION('center_axis',(0.,0.,1.));
#2028=DIRECTION('ref_axis',(-1.,0.,0.));
#2029=DIRECTION('center_axis',(0.,0.,1.));
#2030=DIRECTION('ref_axis',(-1.,0.,0.));
#2031=DIRECTION('center_axis',(0.,0.,1.));
#2032=DIRECTION('ref_axis',(-1.,0.,0.));
#2033=DIRECTION('center_axis',(0.,0.,1.));
#2034=DIRECTION('ref_axis',(-1.,0.,0.));
#2035=DIRECTION('center_axis',(0.,0.,1.));
#2036=DIRECTION('ref_axis',(-1.,0.,0.));
#2037=DIRECTION('',(0.,0.,-1.));
#2038=DIRECTION('center_axis',(0.,0.,1.));
#2039=DIRECTION('ref_axis',(-1.,0.,0.));
#2040=DIRECTION('center_axis',(0.,0.,1.));
#2041=DIRECTION('ref_axis',(-1.,0.,0.));
#2042=DIRECTION('center_axis',(0.,0.,1.));
#2043=DIRECTION('ref_axis',(-1.,0.,0.));
#2044=DIRECTION('center_axis',(0.,0.,1.));
#2045=DIRECTION('ref_axis',(-1.,0.,0.));
#2046=DIRECTION('center_axis',(0.,0.,1.));
#2047=DIRECTION('ref_axis',(-1.,0.,0.));
#2048=DIRECTION('center_axis',(0.,0.,1.));
#2049=DIRECTION('ref_axis',(-1.,0.,0.));
#2050=DIRECTION('',(0.,0.,-1.));
#2051=DIRECTION('center_axis',(0.,0.,1.));
#2052=DIRECTION('ref_axis',(-1.,0.,0.));
#2053=DIRECTION('center_axis',(0.,0.,1.));
#2054=DIRECTION('ref_axis',(-1.,0.,0.));
#2055=DIRECTION('center_axis',(0.,0.,1.));
#2056=DIRECTION('ref_axis',(-1.,0.,0.));
#2057=DIRECTION('center_axis',(0.,0.,1.));
#2058=DIRECTION('ref_axis',(-1.,0.,0.));
#2059=DIRECTION('center_axis',(0.,0.,1.));
#2060=DIRECTION('ref_axis',(-1.,0.,0.));
#2061=DIRECTION('center_axis',(0.,0.,1.));
#2062=DIRECTION('ref_axis',(-1.,0.,0.));
#2063=DIRECTION('',(0.,0.,-1.));
#2064=DIRECTION('center_axis',(0.,0.,1.));
#2065=DIRECTION('ref_axis',(-1.,0.,0.));
#2066=DIRECTION('center_axis',(0.,0.,1.));
#2067=DIRECTION('ref_axis',(-1.,0.,0.));
#2068=DIRECTION('center_axis',(0.,0.,-1.));
#2069=DIRECTION('ref_axis',(-1.,0.,0.));
#2070=DIRECTION('center_axis',(0.,0.,-1.));
#2071=DIRECTION('ref_axis',(-1.,0.,0.));
#2072=DIRECTION('',(0.,0.,-1.));
#2073=DIRECTION('center_axis',(0.,0.,-1.));
#2074=DIRECTION('ref_axis',(-1.,0.,0.));
#2075=DIRECTION('center_axis',(0.,0.,-1.));
#2076=DIRECTION('ref_axis',(-1.,0.,0.));
#2077=DIRECTION('',(0.,0.,-1.));
#2078=DIRECTION('center_axis',(0.,0.,-1.));
#2079=DIRECTION('ref_axis',(-1.,0.,0.));
#2080=DIRECTION('center_axis',(0.,0.,-1.));
#2081=DIRECTION('ref_axis',(-1.,0.,0.));
#2082=DIRECTION('',(0.,0.,-1.));
#2083=DIRECTION('center_axis',(0.,0.,-1.));
#2084=DIRECTION('ref_axis',(-1.,0.,0.));
#2085=DIRECTION('center_axis',(0.,0.,-1.));
#2086=DIRECTION('ref_axis',(-1.,0.,0.));
#2087=DIRECTION('',(0.,0.,-1.));
#2088=DIRECTION('center_axis',(0.,0.,-1.));
#2089=DIRECTION('ref_axis',(-1.,0.,0.));
#2090=DIRECTION('center_axis',(0.,0.,-1.));
#2091=DIRECTION('ref_axis',(-1.,0.,0.));
#2092=DIRECTION('',(0.,0.,-1.));
#2093=DIRECTION('center_axis',(-0.707106781186544,0.,-0.707106781186551));
#2094=DIRECTION('ref_axis',(-0.707106781186551,0.,0.707106781186544));
#2095=DIRECTION('',(0.,-1.,0.));
#2096=DIRECTION('',(-0.577350269189631,-0.577350269189621,0.577350269189625));
#2097=DIRECTION('',(0.,1.,0.));
#2098=DIRECTION('',(-0.577350269189631,0.577350269189621,0.577350269189625));
#2099=DIRECTION('center_axis',(0.,-0.70710678118655,-0.707106781186545));
#2100=DIRECTION('ref_axis',(-1.,0.,0.));
#2101=DIRECTION('',(1.,0.,0.));
#2102=DIRECTION('',(0.577350269189631,-0.577350269189621,0.577350269189625));
#2103=DIRECTION('',(-1.,0.,0.));
#2104=DIRECTION('center_axis',(0.707106781186544,0.,-0.707106781186551));
#2105=DIRECTION('ref_axis',(-0.707106781186551,0.,-0.707106781186544));
#2106=DIRECTION('',(0.,1.,0.));
#2107=DIRECTION('',(0.577350269189631,0.577350269189621,0.577350269189625));
#2108=DIRECTION('',(0.,-1.,0.));
#2109=DIRECTION('center_axis',(0.,0.70710678118655,-0.707106781186545));
#2110=DIRECTION('ref_axis',(-1.,0.,0.));
#2111=DIRECTION('',(1.,0.,0.));
#2112=DIRECTION('',(-1.,0.,0.));
#2113=DIRECTION('center_axis',(0.,1.,0.));
#2114=DIRECTION('ref_axis',(1.,0.,0.));
#2115=DIRECTION('',(0.,0.,-1.));
#2116=DIRECTION('',(-1.,0.,0.));
#2117=DIRECTION('',(0.,0.,1.));
#2118=DIRECTION('',(0.,0.,-1.));
#2119=DIRECTION('center_axis',(-1.,0.,0.));
#2120=DIRECTION('ref_axis',(0.,1.,0.));
#2121=DIRECTION('',(0.,0.,-1.));
#2122=DIRECTION('',(0.,0.,-1.));
#2123=DIRECTION('',(0.,-1.,0.));
#2124=DIRECTION('center_axis',(0.,0.,-1.));
#2125=DIRECTION('ref_axis',(-1.,0.,0.));
#2126=DIRECTION('center_axis',(0.,-0.70710678118655,-0.707106781186545));
#2127=DIRECTION('ref_axis',(-1.,0.,0.));
#2128=DIRECTION('',(1.,0.,0.));
#2129=DIRECTION('',(0.577350269189625,-0.577350269189625,0.577350269189628));
#2130=DIRECTION('',(-1.,0.,0.));
#2131=DIRECTION('',(-0.577350269189618,-0.577350269189628,0.577350269189632));
#2132=DIRECTION('center_axis',(0.70710678118655,0.,-0.707106781186545));
#2133=DIRECTION('ref_axis',(-0.707106781186545,0.,-0.70710678118655));
#2134=DIRECTION('',(0.,1.,0.));
#2135=DIRECTION('',(0.577350269189618,0.577350269189628,0.577350269189632));
#2136=DIRECTION('',(0.,-1.,0.));
#2137=DIRECTION('center_axis',(0.,0.70710678118655,-0.707106781186545));
#2138=DIRECTION('ref_axis',(-1.,0.,0.));
#2139=DIRECTION('',(-1.,0.,0.));
#2140=DIRECTION('',(-0.577350269189625,0.577350269189625,0.577350269189628));
#2141=DIRECTION('',(1.,0.,0.));
#2142=DIRECTION('center_axis',(-0.70710678118655,0.,-0.707106781186545));
#2143=DIRECTION('ref_axis',(-0.707106781186545,0.,0.70710678118655));
#2144=DIRECTION('',(0.,1.,0.));
#2145=DIRECTION('',(0.,-1.,0.));
#2146=DIRECTION('center_axis',(-1.,0.,0.));
#2147=DIRECTION('ref_axis',(0.,1.,0.));
#2148=DIRECTION('',(0.,0.,-1.));
#2149=DIRECTION('',(0.,0.,-1.));
#2150=DIRECTION('',(0.,-1.,0.));
#2151=DIRECTION('',(0.,0.,-1.));
#2152=DIRECTION('center_axis',(0.,-1.,0.));
#2153=DIRECTION('ref_axis',(-1.,0.,0.));
#2154=DIRECTION('',(0.,0.,-1.));
#2155=DIRECTION('',(-1.,4.67462326157961E-17,0.));
#2156=DIRECTION('center_axis',(0.,0.,-1.));
#2157=DIRECTION('ref_axis',(-1.,0.,0.));
#2158=DIRECTION('center_axis',(0.,-0.70710678118655,-0.707106781186545));
#2159=DIRECTION('ref_axis',(-1.,0.,0.));
#2160=DIRECTION('',(1.,0.,0.));
#2161=DIRECTION('',(0.577350269189631,-0.577350269189621,0.577350269189625));
#2162=DIRECTION('',(-1.,0.,0.));
#2163=DIRECTION('',(-0.577350269189631,-0.577350269189621,0.577350269189625));
#2164=DIRECTION('center_axis',(0.707106781186544,0.,-0.707106781186551));
#2165=DIRECTION('ref_axis',(-0.707106781186551,0.,-0.707106781186544));
#2166=DIRECTION('',(0.,1.,0.));
#2167=DIRECTION('',(0.577350269189631,0.577350269189621,0.577350269189625));
#2168=DIRECTION('',(0.,-1.,0.));
#2169=DIRECTION('center_axis',(0.,0.70710678118655,-0.707106781186545));
#2170=DIRECTION('ref_axis',(-1.,0.,0.));
#2171=DIRECTION('',(-1.,0.,0.));
#2172=DIRECTION('',(-0.577350269189631,0.577350269189621,0.577350269189625));
#2173=DIRECTION('',(1.,0.,0.));
#2174=DIRECTION('center_axis',(-0.707106781186544,0.,-0.707106781186551));
#2175=DIRECTION('ref_axis',(-0.707106781186551,0.,0.707106781186544));
#2176=DIRECTION('',(0.,1.,0.));
#2177=DIRECTION('',(0.,-1.,0.));
#2178=DIRECTION('center_axis',(-1.,0.,0.));
#2179=DIRECTION('ref_axis',(0.,1.,0.));
#2180=DIRECTION('',(0.,0.,-1.));
#2181=DIRECTION('',(-6.72862439166762E-16,1.,0.));
#2182=DIRECTION('',(0.,0.,-1.));
#2183=DIRECTION('center_axis',(0.,-1.,0.));
#2184=DIRECTION('ref_axis',(-1.,0.,0.));
#2185=DIRECTION('',(0.,0.,-1.));
#2186=DIRECTION('',(-1.,4.67462326157961E-17,0.));
#2187=DIRECTION('center_axis',(0.,0.,-1.));
#2188=DIRECTION('ref_axis',(-1.,0.,0.));
#2189=DIRECTION('center_axis',(0.707106781186544,0.,-0.707106781186551));
#2190=DIRECTION('ref_axis',(-0.707106781186551,0.,-0.707106781186544));
#2191=DIRECTION('',(0.,1.,0.));
#2192=DIRECTION('',(0.577350269189631,0.577350269189621,0.577350269189625));
#2193=DIRECTION('',(0.,-1.,0.));
#2194=DIRECTION('',(0.577350269189631,-0.577350269189621,0.577350269189625));
#2195=DIRECTION('center_axis',(0.,0.70710678118655,-0.707106781186545));
#2196=DIRECTION('ref_axis',(-1.,0.,0.));
#2197=DIRECTION('',(-1.,0.,0.));
#2198=DIRECTION('',(-0.577350269189631,0.577350269189621,0.577350269189625));
#2199=DIRECTION('',(1.,0.,0.));
#2200=DIRECTION('center_axis',(-0.707106781186544,0.,-0.707106781186551));
#2201=DIRECTION('ref_axis',(-0.707106781186551,0.,0.707106781186544));
#2202=DIRECTION('',(0.,-1.,0.));
#2203=DIRECTION('',(-0.577350269189631,-0.577350269189621,0.577350269189625));
#2204=DIRECTION('',(0.,1.,0.));
#2205=DIRECTION('center_axis',(0.,-0.70710678118655,-0.707106781186545));
#2206=DIRECTION('ref_axis',(-1.,0.,0.));
#2207=DIRECTION('',(-1.,0.,0.));
#2208=DIRECTION('',(1.,0.,0.));
#2209=DIRECTION('center_axis',(0.,-1.,0.));
#2210=DIRECTION('ref_axis',(-1.,0.,0.));
#2211=DIRECTION('',(0.,0.,-1.));
#2212=DIRECTION('',(1.,0.,0.));
#2213=DIRECTION('',(0.,0.,1.));
#2214=DIRECTION('',(0.,0.,-1.));
#2215=DIRECTION('center_axis',(1.,0.,0.));
#2216=DIRECTION('ref_axis',(0.,-1.,0.));
#2217=DIRECTION('',(0.,0.,-1.));
#2218=DIRECTION('',(0.,0.,-1.));
#2219=DIRECTION('',(0.,1.,0.));
#2220=DIRECTION('center_axis',(0.,0.,-1.));
#2221=DIRECTION('ref_axis',(-1.,0.,0.));
#2222=DIRECTION('center_axis',(0.70710678118655,0.,-0.707106781186545));
#2223=DIRECTION('ref_axis',(-0.707106781186545,0.,-0.70710678118655));
#2224=DIRECTION('',(0.,1.,0.));
#2225=DIRECTION('',(0.577350269189631,0.577350269189621,0.577350269189625));
#2226=DIRECTION('',(0.,-1.,0.));
#2227=DIRECTION('',(0.577350269189625,-0.577350269189625,0.577350269189628));
#2228=DIRECTION('center_axis',(0.,0.70710678118655,-0.707106781186545));
#2229=DIRECTION('ref_axis',(-1.,0.,0.));
#2230=DIRECTION('',(-1.,0.,0.));
#2231=DIRECTION('',(-0.577350269189625,0.577350269189625,0.577350269189628));
#2232=DIRECTION('',(1.,0.,0.));
#2233=DIRECTION('center_axis',(-0.70710678118655,0.,-0.707106781186545));
#2234=DIRECTION('ref_axis',(-0.707106781186545,0.,0.70710678118655));
#2235=DIRECTION('',(0.,-1.,0.));
#2236=DIRECTION('',(-0.577350269189631,-0.577350269189621,0.577350269189625));
#2237=DIRECTION('',(0.,1.,0.));
#2238=DIRECTION('center_axis',(0.,-0.70710678118655,-0.707106781186545));
#2239=DIRECTION('ref_axis',(-1.,0.,0.));
#2240=DIRECTION('',(-1.,0.,0.));
#2241=DIRECTION('',(1.,0.,0.));
#2242=DIRECTION('center_axis',(0.,-1.,0.));
#2243=DIRECTION('ref_axis',(-1.,0.,0.));
#2244=DIRECTION('',(0.,0.,-1.));
#2245=DIRECTION('',(1.,0.,0.));
#2246=DIRECTION('',(0.,0.,-1.));
#2247=DIRECTION('center_axis',(1.,0.,0.));
#2248=DIRECTION('ref_axis',(0.,-1.,0.));
#2249=DIRECTION('',(0.,0.,-1.));
#2250=DIRECTION('',(0.,0.,-1.));
#2251=DIRECTION('',(0.,1.,0.));
#2252=DIRECTION('center_axis',(0.,0.,-1.));
#2253=DIRECTION('ref_axis',(-1.,0.,0.));
#2254=DIRECTION('center_axis',(1.,0.,0.));
#2255=DIRECTION('ref_axis',(0.,-1.,0.));
#2256=DIRECTION('',(-1.34572487833352E-16,-1.,0.));
#2257=DIRECTION('',(0.,0.,-1.));
#2258=DIRECTION('center_axis',(0.,-1.,0.));
#2259=DIRECTION('ref_axis',(-1.,0.,0.));
#2260=DIRECTION('',(-1.,4.67462326157961E-17,0.));
#2261=DIRECTION('center_axis',(1.,-1.34572487833352E-16,0.));
#2262=DIRECTION('ref_axis',(1.34572487833352E-16,1.,0.));
#2263=DIRECTION('',(-1.34572487833352E-16,-1.,0.));
#2264=DIRECTION('',(0.,0.,-1.));
#2265=DIRECTION('',(-1.34572487833352E-16,-1.,0.));
#2266=DIRECTION('center_axis',(0.,0.,1.));
#2267=DIRECTION('ref_axis',(1.,0.,0.));
#2268=DIRECTION('',(-1.,4.67462326157961E-17,0.));
#2269=DIRECTION('',(0.,1.,0.));
#2270=DIRECTION('',(-1.,0.,0.));
#2271=DIRECTION('',(-1.,4.67462326157961E-17,0.));
#2272=DIRECTION('',(0.,1.,0.));
#2273=DIRECTION('',(-1.,0.,0.));
#2274=DIRECTION('',(-6.72862439166762E-16,1.,0.));
#2275=DIRECTION('',(1.,0.,0.));
#2276=DIRECTION('',(0.,-1.,0.));
#2277=DIRECTION('',(1.,0.,0.));
#2278=DIRECTION('',(1.,-5.36988161850136E-17,0.));
#2279=DIRECTION('',(0.,1.,0.));
#2280=DIRECTION('',(-1.,5.36988161850136E-17,0.));
#2281=DIRECTION('',(0.,-1.,0.));
#2282=DIRECTION('center_axis',(0.,1.,0.));
#2283=DIRECTION('ref_axis',(1.,0.,0.));
#2284=DIRECTION('',(0.,0.,-1.));
#2285=DIRECTION('',(1.,0.,0.));
#2286=DIRECTION('center_axis',(-1.,0.,0.));
#2287=DIRECTION('ref_axis',(0.,1.,0.));
#2288=DIRECTION('',(0.,0.,1.));
#2289=DIRECTION('center_axis',(0.,1.,0.));
#2290=DIRECTION('ref_axis',(-1.,0.,0.));
#2291=DIRECTION('',(1.,0.,0.));
#2292=DIRECTION('center_axis',(1.,0.,0.));
#2293=DIRECTION('ref_axis',(0.,-1.,0.));
#2294=DIRECTION('',(0.,0.,-1.));
#2295=DIRECTION('',(0.,0.,1.));
#2296=DIRECTION('center_axis',(0.,1.,0.));
#2297=DIRECTION('ref_axis',(1.,0.,0.));
#2298=DIRECTION('center_axis',(-4.67462326157961E-17,-1.,0.));
#2299=DIRECTION('ref_axis',(1.,-4.67462326157961E-17,0.));
#2300=DIRECTION('',(-1.,4.67462326157961E-17,0.));
#2301=DIRECTION('',(0.,0.,1.));
#2302=DIRECTION('center_axis',(-4.67462326157961E-17,-1.,0.));
#2303=DIRECTION('ref_axis',(1.,-4.67462326157961E-17,0.));
#2304=DIRECTION('',(-1.,4.67462326157961E-17,0.));
#2305=DIRECTION('center_axis',(0.,1.,0.));
#2306=DIRECTION('ref_axis',(1.,0.,0.));
#2307=DIRECTION('',(0.,0.,-1.));
#2308=DIRECTION('',(1.,0.,0.));
#2309=DIRECTION('center_axis',(-1.,0.,0.));
#2310=DIRECTION('ref_axis',(0.,1.,0.));
#2311=DIRECTION('',(-6.72862439166762E-16,1.,0.));
#2312=DIRECTION('center_axis',(-1.,-6.72862439166762E-16,0.));
#2313=DIRECTION('ref_axis',(6.72862439166762E-16,-1.,0.));
#2314=DIRECTION('',(0.,0.,-1.));
#2315=DIRECTION('',(-6.72862439166762E-16,1.,0.));
#2316=DIRECTION('center_axis',(1.,0.,0.));
#2317=DIRECTION('ref_axis',(0.,-1.,0.));
#2318=DIRECTION('',(0.,0.,-1.));
#2319=DIRECTION('center_axis',(0.,1.,0.));
#2320=DIRECTION('ref_axis',(1.,0.,0.));
#2321=DIRECTION('center_axis',(0.,1.,0.));
#2322=DIRECTION('ref_axis',(0.707106781186548,0.,0.707106781186548));
#2323=DIRECTION('',(0.,-1.,0.));
#2324=DIRECTION('center_axis',(0.707106781186535,0.70710678118656,-1.25607396694704E-14));
#2325=DIRECTION('ref_axis',(0.70710678118656,-0.707106781186535,-1.25607396694708E-14));
#2326=DIRECTION('',(0.,1.,0.));
#2327=DIRECTION('center_axis',(-0.707106781186548,0.707106781186548,1.25607396694701E-14));
#2328=DIRECTION('ref_axis',(0.707106781186548,0.707106781186548,1.25607396694701E-14));
#2329=DIRECTION('center_axis',(1.,4.50851989695495E-17,0.));
#2330=DIRECTION('ref_axis',(0.,-0.707106781186548,0.707106781186548));
#2331=DIRECTION('',(-1.,-4.50851989695495E-17,0.));
#2332=DIRECTION('center_axis',(0.707106781186541,-0.707106781186554,0.));
#2333=DIRECTION('ref_axis',(-0.707106781186554,-0.707106781186541,0.));
#2334=DIRECTION('',(1.,4.50851989695495E-17,0.));
#2335=DIRECTION('center_axis',(5.50808322294651E-16,-1.,0.));
#2336=DIRECTION('ref_axis',(-0.707106781186548,0.,0.707106781186548));
#2337=DIRECTION('',(-5.50808322294651E-16,1.,0.));
#2338=DIRECTION('center_axis',(-0.707106781186541,-0.707106781186554,-1.25607396694702E-14));
#2339=DIRECTION('ref_axis',(-0.707106781186554,0.707106781186541,-1.25607396694705E-14));
#2340=DIRECTION('',(5.50808322294651E-16,-1.,0.));
#2341=DIRECTION('center_axis',(-1.,-4.50851989695495E-17,0.));
#2342=DIRECTION('ref_axis',(0.,0.707106781186548,0.707106781186548));
#2343=DIRECTION('',(-1.,-4.50851989695495E-17,0.));
#2344=DIRECTION('',(1.,4.50851989695495E-17,0.));
#2345=DIRECTION('center_axis',(-4.50851989695495E-17,1.,0.));
#2346=DIRECTION('ref_axis',(-1.,-4.50851989695495E-17,0.));
#2347=DIRECTION('',(0.,0.,1.));
#2348=DIRECTION('',(1.,0.,0.));
#2349=DIRECTION('',(0.,0.,1.));
#2350=DIRECTION('center_axis',(1.,0.,0.));
#2351=DIRECTION('ref_axis',(0.,1.,0.));
#2352=DIRECTION('',(0.,0.,1.));
#2353=DIRECTION('',(-1.34572487833352E-16,-1.,0.));
#2354=DIRECTION('center_axis',(0.,0.,1.));
#2355=DIRECTION('ref_axis',(1.,0.,0.));
#2356=DIRECTION('',(1.,4.58769844886429E-17,0.));
#2357=DIRECTION('',(2.8285936933125E-16,-1.,0.));
#2358=DIRECTION('',(-1.,-4.58769844886428E-17,0.));
#2359=DIRECTION('',(0.,1.,0.));
#2360=DIRECTION('center_axis',(-1.,-4.58769844886429E-17,0.));
#2361=DIRECTION('ref_axis',(0.,0.707106781186548,0.707106781186548));
#2362=DIRECTION('center_axis',(-0.707106781186548,-0.707106781186548,0.));
#2363=DIRECTION('ref_axis',(0.707106781186548,-0.707106781186548,0.));
#2364=DIRECTION('',(-1.,-4.58769844886429E-17,0.));
#2365=DIRECTION('center_axis',(-0.707106781186548,0.707106781186548,2.51214793389403E-14));
#2366=DIRECTION('ref_axis',(-0.707106781186547,-0.707106781186547,2.51214793389403E-14));
#2367=DIRECTION('center_axis',(0.,-1.,0.));
#2368=DIRECTION('ref_axis',(-0.707106781186548,0.,0.707106781186548));
#2369=DIRECTION('center_axis',(0.707106781186541,-0.707106781186554,-2.512147933894E-14));
#2370=DIRECTION('ref_axis',(0.707106781186554,0.707106781186541,-2.51214793389405E-14));
#2371=DIRECTION('',(0.,-1.,0.));
#2372=DIRECTION('center_axis',(1.,4.58769844886429E-17,0.));
#2373=DIRECTION('ref_axis',(0.,-0.707106781186548,0.707106781186548));
#2374=DIRECTION('center_axis',(0.707106781186529,0.707106781186566,0.));
#2375=DIRECTION('ref_axis',(-0.707106781186566,0.707106781186529,0.));
#2376=DIRECTION('',(1.,4.58769844886428E-17,0.));
#2377=DIRECTION('center_axis',(-2.8285936933125E-16,1.,0.));
#2378=DIRECTION('ref_axis',(0.707106781186548,0.,0.707106781186548));
#2379=DIRECTION('',(-2.8285936933125E-16,1.,0.));
#2380=DIRECTION('center_axis',(1.,2.8285936933125E-16,0.));
#2381=DIRECTION('ref_axis',(-2.8285936933125E-16,1.,0.));
#2382=DIRECTION('',(0.,0.,1.));
#2383=DIRECTION('',(2.8285936933125E-16,-1.,0.));
#2384=DIRECTION('',(0.,0.,1.));
#2385=DIRECTION('center_axis',(-4.58769844886429E-17,1.,0.));
#2386=DIRECTION('ref_axis',(-1.,-4.58769844886429E-17,0.));
#2387=DIRECTION('',(0.,0.,1.));
#2388=DIRECTION('',(1.,4.58769844886429E-17,0.));
#2389=DIRECTION('center_axis',(-1.,0.,0.));
#2390=DIRECTION('ref_axis',(0.,-1.,0.));
#2391=DIRECTION('',(0.,0.,1.));
#2392=DIRECTION('',(0.,1.,0.));
#2393=DIRECTION('center_axis',(4.58769844886429E-17,-1.,0.));
#2394=DIRECTION('ref_axis',(1.,4.58769844886428E-17,0.));
#2395=DIRECTION('',(-1.,-4.58769844886428E-17,0.));
#2396=DIRECTION('center_axis',(-1.,-5.50808322294651E-16,0.));
#2397=DIRECTION('ref_axis',(5.50808322294651E-16,-1.,0.));
#2398=DIRECTION('',(-6.72862439166762E-16,1.,0.));
#2399=DIRECTION('',(0.,0.,1.));
#2400=DIRECTION('center_axis',(4.50851989695495E-17,-1.,0.));
#2401=DIRECTION('ref_axis',(1.,4.50851989695495E-17,0.));
#2402=DIRECTION('',(-1.,4.67462326157961E-17,0.));
#2403=DIRECTION('center_axis',(0.577350269189621,0.577350269189631,0.577350269189626));
#2404=DIRECTION('ref_axis',(0.707106781186551,0.,-0.707106781186544));
#2405=DIRECTION('',(-0.707106781186549,0.,0.707106781186546));
#2406=DIRECTION('',(0.707106781186554,-0.707106781186541,0.));
#2407=DIRECTION('',(-8.37382644631346E-15,0.707106781186549,-0.707106781186546));
#2408=DIRECTION('center_axis',(0.707106781186541,0.707106781186554,0.));
#2409=DIRECTION('ref_axis',(0.,0.,-1.));
#2410=DIRECTION('',(-0.707106781186554,0.707106781186541,0.));
#2411=DIRECTION('',(0.,0.,1.));
#2412=DIRECTION('',(0.,0.,-1.));
#2413=DIRECTION('center_axis',(-0.577350269189623,0.577350269189623,0.577350269189632));
#2414=DIRECTION('ref_axis',(0.707106781186553,0.,0.707106781186542));
#2415=DIRECTION('',(8.37382644631346E-15,-0.707106781186549,0.707106781186546));
#2416=DIRECTION('',(0.707106781186548,0.707106781186548,0.));
#2417=DIRECTION('',(-0.707106781186553,0.,-0.707106781186542));
#2418=DIRECTION('center_axis',(-0.707106781186548,0.707106781186548,0.));
#2419=DIRECTION('ref_axis',(0.,0.,1.));
#2420=DIRECTION('',(-0.707106781186548,-0.707106781186548,0.));
#2421=DIRECTION('',(0.,0.,1.));
#2422=DIRECTION('',(0.,0.,-1.));
#2423=DIRECTION('center_axis',(0.577350269189624,-0.577350269189631,0.577350269189622));
#2424=DIRECTION('ref_axis',(0.707106781186546,0.,-0.707106781186548));
#2425=DIRECTION('',(1.6747652892627E-14,0.707106781186547,0.707106781186549));
#2426=DIRECTION('',(-0.707106781186552,-0.707106781186543,0.));
#2427=DIRECTION('',(0.707106781186549,4.18691322315673E-15,-0.707106781186546));
#2428=DIRECTION('center_axis',(0.707106781186543,-0.707106781186552,0.));
#2429=DIRECTION('ref_axis',(0.,0.,-1.));
#2430=DIRECTION('',(0.707106781186552,0.707106781186543,0.));
#2431=DIRECTION('',(0.,0.,1.));
#2432=DIRECTION('',(0.,0.,-1.));
#2433=DIRECTION('center_axis',(0.707106781186546,-9.51571187081074E-17,
0.707106781186549));
#2434=DIRECTION('ref_axis',(0.707106781186549,0.,-0.707106781186546));
#2435=DIRECTION('',(1.34572487833352E-16,1.,0.));
#2436=DIRECTION('center_axis',(-0.577350269189626,-0.57735026918962,0.577350269189632));
#2437=DIRECTION('ref_axis',(0.707106781186551,0.,0.707106781186544));
#2438=DIRECTION('',(0.707106781186553,-8.37382644631341E-15,0.707106781186542));
#2439=DIRECTION('',(-0.707106781186543,0.707106781186552,0.));
#2440=DIRECTION('',(-1.6747652892627E-14,-0.707106781186547,-0.707106781186549));
#2441=DIRECTION('center_axis',(-0.707106781186552,-0.707106781186543,0.));
#2442=DIRECTION('ref_axis',(0.,0.,1.));
#2443=DIRECTION('',(0.707106781186543,-0.707106781186552,0.));
#2444=DIRECTION('',(0.,0.,1.));
#2445=DIRECTION('',(0.,0.,-1.));
#2446=DIRECTION('center_axis',(-3.30545780775532E-17,-0.707106781186549,
0.707106781186547));
#2447=DIRECTION('ref_axis',(1.,0.,4.67462326157962E-17));
#2448=DIRECTION('',(1.,-4.67462326157961E-17,0.));
#2449=DIRECTION('center_axis',(-0.707106781186542,-4.75785593540534E-16,
0.707106781186553));
#2450=DIRECTION('ref_axis',(0.707106781186553,0.,0.707106781186542));
#2451=DIRECTION('',(6.72862439166762E-16,-1.,0.));
#2452=DIRECTION('center_axis',(0.,0.707106781186546,0.707106781186549));
#2453=DIRECTION('ref_axis',(1.,0.,0.));
#2454=DIRECTION('',(-1.,0.,0.));
#2455=DIRECTION('center_axis',(1.,-1.34572487833352E-16,0.));
#2456=DIRECTION('ref_axis',(1.34572487833352E-16,1.,0.));
#2457=DIRECTION('',(1.34572487833352E-16,1.,0.));
#2458=DIRECTION('center_axis',(-4.67462326157961E-17,-1.,0.));
#2459=DIRECTION('ref_axis',(1.,-4.67462326157961E-17,0.));
#2460=DIRECTION('',(1.,-4.67462326157961E-17,0.));
#2461=DIRECTION('center_axis',(0.,0.,1.));
#2462=DIRECTION('ref_axis',(1.,0.,0.));
#2463=DIRECTION('',(1.,-5.36988161850136E-17,0.));
#2464=DIRECTION('',(0.,-1.,0.));
#2465=DIRECTION('',(-1.,5.36988161850136E-17,0.));
#2466=DIRECTION('',(0.,1.,0.));
#2467=DIRECTION('center_axis',(3.79707970661131E-17,0.707106781186548,0.707106781186548));
#2468=DIRECTION('ref_axis',(1.,0.,-5.36988161850136E-17));
#2469=DIRECTION('',(-0.577350269189633,0.577350269189622,-0.577350269189622));
#2470=DIRECTION('',(-1.,5.36988161850136E-17,0.));
#2471=DIRECTION('',(-0.577350269189633,-0.577350269189622,0.577350269189622));
#2472=DIRECTION('center_axis',(-0.707106781186541,0.,0.707106781186554));
#2473=DIRECTION('ref_axis',(0.707106781186554,0.,0.707106781186541));
#2474=DIRECTION('',(-0.577350269189633,-0.577350269189622,-0.577350269189622));
#2475=DIRECTION('',(0.,-1.,0.));
#2476=DIRECTION('center_axis',(-3.79707970661131E-17,-0.707106781186548,
0.707106781186548));
#2477=DIRECTION('ref_axis',(1.,0.,5.36988161850136E-17));
#2478=DIRECTION('',(0.577350269189633,-0.577350269189622,-0.577350269189622));
#2479=DIRECTION('',(1.,-5.36988161850136E-17,0.));
#2480=DIRECTION('center_axis',(0.707106781186541,0.,0.707106781186554));
#2481=DIRECTION('ref_axis',(0.707106781186554,0.,-0.707106781186541));
#2482=DIRECTION('',(0.,1.,0.));
#2483=DIRECTION('center_axis',(-1.,0.,0.));
#2484=DIRECTION('ref_axis',(0.,1.,0.));
#2485=DIRECTION('',(0.,0.,-1.));
#2486=DIRECTION('',(0.,0.,-1.));
#2487=DIRECTION('center_axis',(-5.36988161850136E-17,-1.,0.));
#2488=DIRECTION('ref_axis',(-1.,5.36988161850136E-17,0.));
#2489=DIRECTION('',(0.,0.,-1.));
#2490=DIRECTION('center_axis',(0.,0.,1.));
#2491=DIRECTION('ref_axis',(1.,0.,0.));
#2492=DIRECTION('',(6.72862439166762E-16,-1.,0.));
#2493=DIRECTION('',(-1.,0.,0.));
#2494=DIRECTION('',(1.,0.,0.));
#2495=DIRECTION('center_axis',(0.,1.,0.));
#2496=DIRECTION('ref_axis',(-1.,0.,0.));
#2497=DIRECTION('center_axis',(0.,1.,0.));
#2498=DIRECTION('ref_axis',(-1.,0.,0.));
#2499=DIRECTION('center_axis',(-1.,-6.72862439166762E-16,0.));
#2500=DIRECTION('ref_axis',(6.72862439166762E-16,-1.,0.));
#2501=DIRECTION('center_axis',(1.,0.,0.));
#2502=DIRECTION('ref_axis',(0.,-1.,0.));
#2503=DIRECTION('',(0.,0.,-1.));
#2504=DIRECTION('center_axis',(5.36988161850136E-17,1.,0.));
#2505=DIRECTION('ref_axis',(1.,-5.36988161850136E-17,0.));
#2506=CARTESIAN_POINT('',(0.,0.,0.));
#2507=CARTESIAN_POINT('Origin',(91.3355770523378,-37.0757892850971,17.));
#2508=CARTESIAN_POINT('',(92.2355770523377,-37.0757892850971,17.));
#2509=CARTESIAN_POINT('Origin',(91.3355770523378,-37.0757892850971,17.));
#2510=CARTESIAN_POINT('Origin',(91.3355770523378,-37.0757892850971,3.));
#2511=CARTESIAN_POINT('',(93.5855770523378,-37.0757892850971,17.));
#2512=CARTESIAN_POINT('Origin',(91.3355770523378,-37.0757892850971,17.));
#2513=CARTESIAN_POINT('',(93.5855770523378,-37.0757892850971,3.));
#2514=CARTESIAN_POINT('',(93.5855770523378,-37.0757892850971,3.));
#2515=CARTESIAN_POINT('Origin',(91.3355770523378,-37.0757892850971,3.));
#2516=CARTESIAN_POINT('Origin',(91.3355770523378,-37.0757892850971,3.));
#2517=CARTESIAN_POINT('Origin',(94.,32.9747369049676,17.));
#2518=CARTESIAN_POINT('',(94.9,32.9747369049676,17.));
#2519=CARTESIAN_POINT('Origin',(94.,32.9747369049676,17.));
#2520=CARTESIAN_POINT('Origin',(94.,32.9747369049676,3.));
#2521=CARTESIAN_POINT('',(96.25,32.9747369049676,17.));
#2522=CARTESIAN_POINT('Origin',(94.,32.9747369049676,17.));
#2523=CARTESIAN_POINT('',(96.25,32.9747369049676,3.));
#2524=CARTESIAN_POINT('',(96.25,32.9747369049676,3.));
#2525=CARTESIAN_POINT('Origin',(94.,32.9747369049676,3.));
#2526=CARTESIAN_POINT('Origin',(94.,32.9747369049676,3.));
#2527=CARTESIAN_POINT('Origin',(96.6644229476622,-37.0757892850971,17.));
#2528=CARTESIAN_POINT('',(97.5644229476622,-37.0757892850971,17.));
#2529=CARTESIAN_POINT('Origin',(96.6644229476622,-37.0757892850971,17.));
#2530=CARTESIAN_POINT('Origin',(96.6644229476622,-37.0757892850971,3.));
#2531=CARTESIAN_POINT('',(98.9144229476622,-37.0757892850971,17.));
#2532=CARTESIAN_POINT('Origin',(96.6644229476622,-37.0757892850971,17.));
#2533=CARTESIAN_POINT('',(98.9144229476622,-37.0757892850971,3.));
#2534=CARTESIAN_POINT('',(98.9144229476622,-37.0757892850971,3.));
#2535=CARTESIAN_POINT('Origin',(96.6644229476622,-37.0757892850971,3.));
#2536=CARTESIAN_POINT('Origin',(96.6644229476622,-37.0757892850971,3.));
#2537=CARTESIAN_POINT('Origin',(94.,2.94947380993527,17.));
#2538=CARTESIAN_POINT('',(94.9,2.94947380993527,17.));
#2539=CARTESIAN_POINT('Origin',(94.,2.94947380993527,17.));
#2540=CARTESIAN_POINT('Origin',(94.,2.94947380993527,3.));
#2541=CARTESIAN_POINT('',(96.25,2.94947380993527,17.));
#2542=CARTESIAN_POINT('Origin',(94.,2.94947380993527,17.));
#2543=CARTESIAN_POINT('',(96.25,2.94947380993527,3.));
#2544=CARTESIAN_POINT('',(96.25,2.94947380993527,3.));
#2545=CARTESIAN_POINT('Origin',(94.,2.94947380993527,3.));
#2546=CARTESIAN_POINT('Origin',(94.,2.94947380993527,3.));
#2547=CARTESIAN_POINT('Origin',(94.,-27.0757892850971,17.));
#2548=CARTESIAN_POINT('',(94.9,-27.0757892850971,17.));
#2549=CARTESIAN_POINT('Origin',(94.,-27.0757892850971,17.));
#2550=CARTESIAN_POINT('Origin',(94.,-27.0757892850971,3.));
#2551=CARTESIAN_POINT('',(96.25,-27.0757892850971,17.));
#2552=CARTESIAN_POINT('Origin',(94.,-27.0757892850971,17.));
#2553=CARTESIAN_POINT('',(96.25,-27.0757892850971,3.));
#2554=CARTESIAN_POINT('',(96.25,-27.0757892850971,3.));
#2555=CARTESIAN_POINT('Origin',(94.,-27.0757892850971,3.));
#2556=CARTESIAN_POINT('Origin',(94.,-27.0757892850971,3.));
#2557=CARTESIAN_POINT('Origin',(94.,-27.0757892850971,20.));
#2558=CARTESIAN_POINT('',(94.9,-27.0757892850971,20.));
#2559=CARTESIAN_POINT('Origin',(94.,-27.0757892850971,20.));
#2560=CARTESIAN_POINT('',(94.9,-27.0757892850971,20.));
#2561=CARTESIAN_POINT('Origin',(94.,2.94947380993527,20.));
#2562=CARTESIAN_POINT('',(94.9,2.94947380993527,20.));
#2563=CARTESIAN_POINT('Origin',(94.,2.94947380993527,20.));
#2564=CARTESIAN_POINT('',(94.9,2.94947380993527,20.));
#2565=CARTESIAN_POINT('Origin',(96.6644229476622,-37.0757892850971,20.));
#2566=CARTESIAN_POINT('',(97.5644229476622,-37.0757892850971,20.));
#2567=CARTESIAN_POINT('Origin',(96.6644229476622,-37.0757892850971,20.));
#2568=CARTESIAN_POINT('',(97.5644229476622,-37.0757892850971,20.));
#2569=CARTESIAN_POINT('Origin',(94.,32.9747369049676,20.));
#2570=CARTESIAN_POINT('',(94.9,32.9747369049676,20.));
#2571=CARTESIAN_POINT('Origin',(94.,32.9747369049676,20.));
#2572=CARTESIAN_POINT('',(94.9,32.9747369049676,20.));
#2573=CARTESIAN_POINT('Origin',(91.3355770523378,-37.0757892850971,20.));
#2574=CARTESIAN_POINT('',(92.2355770523377,-37.0757892850971,20.));
#2575=CARTESIAN_POINT('Origin',(91.3355770523378,-37.0757892850971,20.));
#2576=CARTESIAN_POINT('',(92.2355770523377,-37.0757892850971,20.));
#2577=CARTESIAN_POINT('Origin',(100.25,-34.7238710773064,7.25));
#2578=CARTESIAN_POINT('',(100.5,49.6045156907743,7.));
#2579=CARTESIAN_POINT('',(100.5,-62.5,7.));
#2580=CARTESIAN_POINT('',(100.5,-34.7238710773064,7.));
#2581=CARTESIAN_POINT('',(100.,-63.,7.5));
#2582=CARTESIAN_POINT('',(100.5,-62.5,7.));
#2583=CARTESIAN_POINT('',(100.,50.1045156907743,7.5));
#2584=CARTESIAN_POINT('',(100.,-34.7238710773064,7.5));
#2585=CARTESIAN_POINT('',(100.5,49.6045156907743,7.));
#2586=CARTESIAN_POINT('Origin',(101.5,-62.75,7.25));
#2587=CARTESIAN_POINT('',(101.5,-62.5,7.));
#2588=CARTESIAN_POINT('',(101.5,-62.5,7.));
#2589=CARTESIAN_POINT('',(102.,-63.,7.5));
#2590=CARTESIAN_POINT('',(101.5,-62.5,7.));
#2591=CARTESIAN_POINT('',(101.5,-63.,7.5));
#2592=CARTESIAN_POINT('Origin',(101.75,21.8283867680807,7.25));
#2593=CARTESIAN_POINT('',(101.5,49.6045156907743,7.));
#2594=CARTESIAN_POINT('',(101.5,21.8283867680807,7.));
#2595=CARTESIAN_POINT('',(102.,50.1045156907743,7.5));
#2596=CARTESIAN_POINT('',(101.5,49.6045156907743,7.));
#2597=CARTESIAN_POINT('',(102.,21.8283867680807,7.5));
#2598=CARTESIAN_POINT('Origin',(100.5,49.8545156907743,7.25));
#2599=CARTESIAN_POINT('',(100.5,50.1045156907743,7.5));
#2600=CARTESIAN_POINT('',(100.5,49.6045156907743,7.));
#2601=CARTESIAN_POINT('Origin',(100.,50.1045156907743,17.));
#2602=CARTESIAN_POINT('',(100.,50.1045156907743,17.));
#2603=CARTESIAN_POINT('',(100.,50.1045156907743,17.));
#2604=CARTESIAN_POINT('',(102.,50.1045156907743,17.));
#2605=CARTESIAN_POINT('',(52.5,50.1045156907743,17.));
#2606=CARTESIAN_POINT('',(102.,50.1045156907743,10.));
#2607=CARTESIAN_POINT('',(102.,50.1045156907743,8.5));
#2608=CARTESIAN_POINT('',(102.,50.1045156907743,17.));
#2609=CARTESIAN_POINT('Origin',(100.,-63.,17.));
#2610=CARTESIAN_POINT('',(100.,-63.,10.));
#2611=CARTESIAN_POINT('',(100.,-63.,17.));
#2612=CARTESIAN_POINT('',(100.,-63.,17.));
#2613=CARTESIAN_POINT('',(100.,-63.,8.5));
#2614=CARTESIAN_POINT('',(100.,-31.5,17.));
#2615=CARTESIAN_POINT('Origin',(101.,-6.44774215461287,7.));
#2616=CARTESIAN_POINT('Origin',(34.4007539851907,-62.75,7.25));
#2617=CARTESIAN_POINT('',(-70.9876673334756,-62.5,7.));
#2618=CARTESIAN_POINT('',(69.1968944247461,-62.5,7.));
#2619=CARTESIAN_POINT('',(34.4007539851907,-62.5,7.));
#2620=CARTESIAN_POINT('',(69.6968944247461,-63.,7.5));
#2621=CARTESIAN_POINT('',(69.1968944247461,-62.5,7.));
#2622=CARTESIAN_POINT('',(-71.4876673334756,-63.,7.5));
#2623=CARTESIAN_POINT('',(34.4007539851907,-63.,7.5));
#2624=CARTESIAN_POINT('',(-70.9876673334756,-62.5,7.));
#2625=CARTESIAN_POINT('Origin',(69.4468944247461,-61.5,7.25));
#2626=CARTESIAN_POINT('',(69.1968944247461,-61.5,7.));
#2627=CARTESIAN_POINT('',(69.1968944247461,-61.5,7.));
#2628=CARTESIAN_POINT('',(69.6968944247461,-61.,7.5));
#2629=CARTESIAN_POINT('',(69.1968944247461,-61.5,7.));
#2630=CARTESIAN_POINT('',(69.6968944247461,-61.5,7.5));
#2631=CARTESIAN_POINT('Origin',(-36.1915268939201,-61.25,7.25));
#2632=CARTESIAN_POINT('',(-70.9876673334756,-61.5,7.));
#2633=CARTESIAN_POINT('',(-36.1915268939201,-61.5,7.));
#2634=CARTESIAN_POINT('',(-71.4876673334756,-61.,7.5));
#2635=CARTESIAN_POINT('',(-70.9876673334756,-61.5,7.));
#2636=CARTESIAN_POINT('',(-36.1915268939201,-61.,7.5));
#2637=CARTESIAN_POINT('Origin',(-71.2376673334755,-62.5,7.25));
#2638=CARTESIAN_POINT('',(-71.4876673334756,-62.5,7.5));
#2639=CARTESIAN_POINT('',(-70.9876673334756,-62.5,7.));
#2640=CARTESIAN_POINT('Origin',(-71.4876673334756,-63.,17.));
#2641=CARTESIAN_POINT('',(-71.4876673334756,-63.,10.));
#2642=CARTESIAN_POINT('',(-71.4876673334756,-63.,17.));
#2643=CARTESIAN_POINT('',(-71.4876673334756,-63.,17.));
#2644=CARTESIAN_POINT('',(-71.4876673334756,-63.,8.5));
#2645=CARTESIAN_POINT('',(-71.4876673334756,-61.,17.));
#2646=CARTESIAN_POINT('',(-71.4876673334756,-31.5,17.));
#2647=CARTESIAN_POINT('',(-71.4876673334756,-61.,17.));
#2648=CARTESIAN_POINT('Origin',(69.6968944247461,-63.,17.));
#2649=CARTESIAN_POINT('',(69.6968944247461,-63.,10.));
#2650=CARTESIAN_POINT('',(69.6968944247461,-63.,17.));
#2651=CARTESIAN_POINT('',(-45.,-63.,10.));
#2652=CARTESIAN_POINT('Origin',(-0.895386454364724,-62.,7.));
#2653=CARTESIAN_POINT('Origin',(-90.5016081088763,-62.75,7.25));
#2654=CARTESIAN_POINT('',(-91.4999999999999,-62.5,7.));
#2655=CARTESIAN_POINT('',(-90.5021441451685,-62.5,7.));
#2656=CARTESIAN_POINT('',(-90.5016081088763,-62.5,7.));
#2657=CARTESIAN_POINT('',(-90.0021441451685,-63.,7.5));
#2658=CARTESIAN_POINT('',(-90.5021441451685,-62.5,7.));
#2659=CARTESIAN_POINT('',(-91.9999999999999,-63.,7.5));
#2660=CARTESIAN_POINT('',(-90.5016081088763,-63.,7.5));
#2661=CARTESIAN_POINT('',(-91.4999999999999,-62.5,7.));
#2662=CARTESIAN_POINT('Origin',(-90.2521441451685,-39.1166322611569,7.25));
#2663=CARTESIAN_POINT('',(-90.5021441451685,-31.6555096815425,7.));
#2664=CARTESIAN_POINT('',(-90.5021441451685,-39.1166322611569,7.));
#2665=CARTESIAN_POINT('',(-90.0021441451685,-31.1555096815425,7.5));
#2666=CARTESIAN_POINT('',(-90.5021441451685,-31.6555096815425,7.));
#2667=CARTESIAN_POINT('',(-90.0021441451685,-39.1166322611569,7.5));
#2668=CARTESIAN_POINT('Origin',(-91.5005360362921,-31.4055096815425,7.25));
#2669=CARTESIAN_POINT('',(-91.4999999999999,-31.6555096815425,7.));
#2670=CARTESIAN_POINT('',(-91.5005360362921,-31.6555096815425,7.));
#2671=CARTESIAN_POINT('',(-91.9999999999999,-31.1555096815425,7.5));
#2672=CARTESIAN_POINT('',(-91.4999999999999,-31.6555096815425,7.));
#2673=CARTESIAN_POINT('',(-91.5005360362921,-31.1555096815425,7.5));
#2674=CARTESIAN_POINT('Origin',(-91.7499999999999,-55.0388774203856,7.25));
#2675=CARTESIAN_POINT('',(-91.9999999999999,-55.0388774203856,7.5));
#2676=CARTESIAN_POINT('',(-91.4999999999999,-55.0388774203856,7.));
#2677=CARTESIAN_POINT('Origin',(-91.9999999999999,-63.,17.));
#2678=CARTESIAN_POINT('',(-91.9999999999999,-63.,10.));
#2679=CARTESIAN_POINT('',(-91.9999999999999,-63.,17.));
#2680=CARTESIAN_POINT('',(-91.9999999999999,-31.1555096815425,10.));
#2681=CARTESIAN_POINT('',(-92.,33.,10.));
#2682=CARTESIAN_POINT('',(-91.9999999999999,-31.1555096815425,17.));
#2683=CARTESIAN_POINT('Origin',(-90.0021441451685,-63.,17.));
#2684=CARTESIAN_POINT('',(-90.0021441451685,-63.,10.));
#2685=CARTESIAN_POINT('',(-90.0021441451685,-63.,17.));
#2686=CARTESIAN_POINT('',(-45.,-63.,10.));
#2687=CARTESIAN_POINT('Origin',(-91.0010720725842,-47.0777548407713,7.));
#2688=CARTESIAN_POINT('Origin',(-90.25,55.5064637401541,7.25));
#2689=CARTESIAN_POINT('',(-90.5,33.5258549606163,7.));
#2690=CARTESIAN_POINT('',(-90.5,62.5,7.));
#2691=CARTESIAN_POINT('',(-90.5,55.5064637401541,7.));
#2692=CARTESIAN_POINT('',(-90.,63.,7.5));
#2693=CARTESIAN_POINT('',(-90.5,62.5,7.));
#2694=CARTESIAN_POINT('',(-90.,33.0258549606163,7.5));
#2695=CARTESIAN_POINT('',(-90.,55.5064637401541,7.5));
#2696=CARTESIAN_POINT('',(-90.5,33.5258549606163,7.));
#2697=CARTESIAN_POINT('Origin',(-91.5,62.75,7.25));
#2698=CARTESIAN_POINT('',(-91.5,62.5,7.));
#2699=CARTESIAN_POINT('',(-91.5,62.5,7.));
#2700=CARTESIAN_POINT('',(-92.,63.,7.5));
#2701=CARTESIAN_POINT('',(-91.5,62.5,7.));
#2702=CARTESIAN_POINT('',(-91.5,63.,7.5));
#2703=CARTESIAN_POINT('Origin',(-91.75,40.5193912204622,7.25));
#2704=CARTESIAN_POINT('',(-91.5,33.5258549606163,7.));
#2705=CARTESIAN_POINT('',(-91.5,40.5193912204622,7.));
#2706=CARTESIAN_POINT('',(-92.,33.0258549606163,7.5));
#2707=CARTESIAN_POINT('',(-91.5,33.5258549606163,7.));
#2708=CARTESIAN_POINT('',(-92.,40.5193912204622,7.5));
#2709=CARTESIAN_POINT('Origin',(-90.5,33.2758549606163,7.25));
#2710=CARTESIAN_POINT('',(-90.5,33.0258549606163,7.5));
#2711=CARTESIAN_POINT('',(-90.5,33.5258549606163,7.));
#2712=CARTESIAN_POINT('Origin',(-90.,33.0258549606163,17.));
#2713=CARTESIAN_POINT('',(-90.,33.0258549606163,17.));
#2714=CARTESIAN_POINT('',(-90.,33.0258549606163,17.));
#2715=CARTESIAN_POINT('',(-92.,33.0258549606163,17.));
#2716=CARTESIAN_POINT('',(-42.5,33.0258549606163,17.));
#2717=CARTESIAN_POINT('',(-92.,33.0258549606163,10.));
#2718=CARTESIAN_POINT('',(-92.,33.0258549606163,8.5));
#2719=CARTESIAN_POINT('',(-92.,33.0258549606163,17.));
#2720=CARTESIAN_POINT('Origin',(-90.,63.,17.));
#2721=CARTESIAN_POINT('',(-90.,63.,10.));
#2722=CARTESIAN_POINT('',(-90.,63.,17.));
#2723=CARTESIAN_POINT('',(-90.,63.,17.));
#2724=CARTESIAN_POINT('',(-90.,63.,8.5));
#2725=CARTESIAN_POINT('',(-90.,31.5,17.));
#2726=CARTESIAN_POINT('Origin',(-91.,48.0129274803082,7.));
#2727=CARTESIAN_POINT('Origin',(67.1925217315783,62.5,7.25));
#2728=CARTESIAN_POINT('',(66.9425217315783,61.5,7.));
#2729=CARTESIAN_POINT('',(66.9425217315783,62.5,7.));
#2730=CARTESIAN_POINT('',(66.9425217315783,62.5,7.));
#2731=CARTESIAN_POINT('',(67.4425217315783,63.,7.5));
#2732=CARTESIAN_POINT('',(66.9425217315783,62.5,7.));
#2733=CARTESIAN_POINT('',(67.4425217315783,61.,7.5));
#2734=CARTESIAN_POINT('',(67.4425217315783,62.5,7.5));
#2735=CARTESIAN_POINT('',(66.9425217315783,61.5,7.));
#2736=CARTESIAN_POINT('Origin',(-35.5282480705526,62.75,7.25));
#2737=CARTESIAN_POINT('',(-69.3518380045963,62.5,7.));
#2738=CARTESIAN_POINT('',(-35.5282480705526,62.5,7.));
#2739=CARTESIAN_POINT('',(-69.8518380045963,63.,7.5));
#2740=CARTESIAN_POINT('',(-69.3518380045963,62.5,7.));
#2741=CARTESIAN_POINT('',(-35.5282480705526,63.,7.5));
#2742=CARTESIAN_POINT('Origin',(-69.6018380045963,61.5,7.25));
#2743=CARTESIAN_POINT('',(-69.3518380045963,61.5,7.));
#2744=CARTESIAN_POINT('',(-69.3518380045963,61.5,7.));
#2745=CARTESIAN_POINT('',(-69.8518380045963,61.,7.5));
#2746=CARTESIAN_POINT('',(-69.3518380045963,61.5,7.));
#2747=CARTESIAN_POINT('',(-69.8518380045963,61.5,7.5));
#2748=CARTESIAN_POINT('Origin',(33.1189317975346,61.25,7.25));
#2749=CARTESIAN_POINT('',(33.1189317975346,61.,7.5));
#2750=CARTESIAN_POINT('',(33.1189317975346,61.5,7.));
#2751=CARTESIAN_POINT('Origin',(67.4425217315783,61.,17.));
#2752=CARTESIAN_POINT('',(67.4425217315783,61.,17.));
#2753=CARTESIAN_POINT('',(67.4425217315783,61.,17.));
#2754=CARTESIAN_POINT('',(-69.8518380045963,61.,17.));
#2755=CARTESIAN_POINT('',(36.2212608657891,61.,17.));
#2756=CARTESIAN_POINT('',(-69.8518380045963,61.,17.));
#2757=CARTESIAN_POINT('Origin',(67.4425217315783,63.,17.));
#2758=CARTESIAN_POINT('',(67.4425217315783,63.,10.));
#2759=CARTESIAN_POINT('',(67.4425217315783,63.,17.));
#2760=CARTESIAN_POINT('',(67.4425217315783,63.,17.));
#2761=CARTESIAN_POINT('',(67.4425217315783,63.,8.5));
#2762=CARTESIAN_POINT('',(67.4425217315783,31.5,17.));
#2763=CARTESIAN_POINT('Origin',(-1.20465813650899,62.,7.));
#2764=CARTESIAN_POINT('Origin',(102.,50.1045156907743,17.));
#2765=CARTESIAN_POINT('',(102.,-63.,10.));
#2766=CARTESIAN_POINT('',(102.,-33.,10.));
#2767=CARTESIAN_POINT('',(102.,-63.,17.));
#2768=CARTESIAN_POINT('Origin',(102.,-63.,17.));
#2769=CARTESIAN_POINT('',(-45.,-63.,10.));
#2770=CARTESIAN_POINT('Origin',(102.,-66.,0.));
#2771=CARTESIAN_POINT('',(102.,63.,17.));
#2772=CARTESIAN_POINT('',(102.,-33.,17.));
#2773=CARTESIAN_POINT('',(102.,63.,10.));
#2774=CARTESIAN_POINT('',(102.,63.,0.));
#2775=CARTESIAN_POINT('',(102.,-33.,10.));
#2776=CARTESIAN_POINT('Origin',(4.99999999999998,1.77635683940025E-14,17.));
#2777=CARTESIAN_POINT('',(69.6968944247461,-63.,17.));
#2778=CARTESIAN_POINT('',(-45.,-63.,17.));
#2779=CARTESIAN_POINT('',(69.6968944247461,-61.,17.));
#2780=CARTESIAN_POINT('',(69.6968944247461,-30.5,17.));
#2781=CARTESIAN_POINT('',(-33.2438336667378,-61.,17.));
#2782=CARTESIAN_POINT('',(-90.0021441451685,-63.,17.));
#2783=CARTESIAN_POINT('',(-45.,-63.,17.));
#2784=CARTESIAN_POINT('',(-90.0021441451685,-31.1555096815425,17.));
#2785=CARTESIAN_POINT('',(-90.0021441451685,-15.5777548407713,17.));
#2786=CARTESIAN_POINT('',(-91.9999999999999,-31.1555096815425,17.));
#2787=CARTESIAN_POINT('',(-43.5,-31.1555096815425,17.));
#2788=CARTESIAN_POINT('',(-92.,33.,17.));
#2789=CARTESIAN_POINT('',(-69.8518380045963,63.,17.));
#2790=CARTESIAN_POINT('',(55.,63.,17.));
#2791=CARTESIAN_POINT('',(-69.8518380045963,30.5,17.));
#2792=CARTESIAN_POINT('',(55.,63.,17.));
#2793=CARTESIAN_POINT('',(-82.6998201025637,-48.3,17.));
#2794=CARTESIAN_POINT('',(82.7001798974363,-48.3,17.));
#2795=CARTESIAN_POINT('',(43.8500899487181,-48.3,17.));
#2796=CARTESIAN_POINT('',(82.7001798974363,51.2,17.));
#2797=CARTESIAN_POINT('',(82.7001798974363,25.6,17.));
#2798=CARTESIAN_POINT('',(-82.6998201025637,51.2,17.));
#2799=CARTESIAN_POINT('',(-38.8499100512818,51.2,17.));
#2800=CARTESIAN_POINT('',(-82.6998201025637,-24.15,17.));
#2801=CARTESIAN_POINT('Origin',(-69.8518380045963,63.,17.));
#2802=CARTESIAN_POINT('',(-69.8518380045963,63.,10.));
#2803=CARTESIAN_POINT('',(-69.8518380045963,63.,17.));
#2804=CARTESIAN_POINT('',(55.,63.,10.));
#2805=CARTESIAN_POINT('Origin',(-69.8518380045963,61.,17.));
#2806=CARTESIAN_POINT('',(-69.8518380045963,63.,8.5));
#2807=CARTESIAN_POINT('Origin',(105.,63.,0.));
#2808=CARTESIAN_POINT('',(55.,63.,10.));
#2809=CARTESIAN_POINT('Origin',(69.6968944247461,-61.,17.));
#2810=CARTESIAN_POINT('',(69.6968944247461,-61.,17.));
#2811=CARTESIAN_POINT('',(69.6968944247461,-63.,8.5));
#2812=CARTESIAN_POINT('Origin',(-71.4876673334756,-61.,17.));
#2813=CARTESIAN_POINT('Origin',(-94.9999999999999,-63.,0.));
#2814=CARTESIAN_POINT('',(-45.,-63.,10.));
#2815=CARTESIAN_POINT('',(-90.0021441451685,-63.,8.5));
#2816=CARTESIAN_POINT('Origin',(-94.9999999999999,-63.,0.));
#2817=CARTESIAN_POINT('',(-45.,-63.,10.));
#2818=CARTESIAN_POINT('Origin',(-92.,63.,17.));
#2819=CARTESIAN_POINT('',(-92.,63.,10.));
#2820=CARTESIAN_POINT('',(-92.,63.,17.));
#2821=CARTESIAN_POINT('',(55.,63.,10.));
#2822=CARTESIAN_POINT('Origin',(-92.,33.0258549606163,17.));
#2823=CARTESIAN_POINT('',(-92.,33.,10.));
#2824=CARTESIAN_POINT('Origin',(-92.,66.,0.));
#2825=CARTESIAN_POINT('',(-91.9999999999999,-31.1555096815425,8.5));
#2826=CARTESIAN_POINT('',(-92.,33.,10.));
#2827=CARTESIAN_POINT('Origin',(-90.0021441451685,-31.1555096815425,17.));
#2828=CARTESIAN_POINT('',(-90.0021441451685,-31.1555096815425,17.));
#2829=CARTESIAN_POINT('Origin',(-91.9999999999999,-31.1555096815425,17.));
#2830=CARTESIAN_POINT('Origin',(103.,-32.25,21.));
#2831=CARTESIAN_POINT('',(103.,64.,21.5));
#2832=CARTESIAN_POINT('',(103.,-64.,21.5));
#2833=CARTESIAN_POINT('',(103.,-32.25,21.5));
#2834=CARTESIAN_POINT('',(103.5,-64.5,21.));
#2835=CARTESIAN_POINT('Origin',(103.,-64.,21.));
#2836=CARTESIAN_POINT('',(103.5,64.5,21.));
#2837=CARTESIAN_POINT('',(103.5,-32.25,21.));
#2838=CARTESIAN_POINT('Origin',(103.,64.,21.));
#2839=CARTESIAN_POINT('Origin',(-44.25,-64.,21.));
#2840=CARTESIAN_POINT('',(-92.9999999999999,-64.,21.5));
#2841=CARTESIAN_POINT('',(-44.25,-64.,21.5));
#2842=CARTESIAN_POINT('',(-93.4999999999999,-64.5,21.));
#2843=CARTESIAN_POINT('Origin',(-92.9999999999999,-64.,21.));
#2844=CARTESIAN_POINT('',(-44.25,-64.5,21.));
#2845=CARTESIAN_POINT('Origin',(-93.,32.25,21.));
#2846=CARTESIAN_POINT('',(-93.,64.,21.5));
#2847=CARTESIAN_POINT('',(-93.,32.25,21.5));
#2848=CARTESIAN_POINT('',(-93.5,64.5,21.));
#2849=CARTESIAN_POINT('Origin',(-93.,64.,21.));
#2850=CARTESIAN_POINT('',(-93.5,32.25,21.));
#2851=CARTESIAN_POINT('Origin',(54.25,64.,21.));
#2852=CARTESIAN_POINT('',(54.25,64.5,21.));
#2853=CARTESIAN_POINT('',(54.25,64.,21.5));
#2854=CARTESIAN_POINT('Origin',(103.5,64.5,20.));
#2855=CARTESIAN_POINT('',(103.5,64.5,20.));
#2856=CARTESIAN_POINT('',(103.5,64.5,20.));
#2857=CARTESIAN_POINT('',(-93.5,64.5,20.));
#2858=CARTESIAN_POINT('',(55.,64.5,20.));
#2859=CARTESIAN_POINT('',(-93.5,64.5,20.));
#2860=CARTESIAN_POINT('Origin',(103.5,-64.5,20.));
#2861=CARTESIAN_POINT('',(103.5,-64.5,20.));
#2862=CARTESIAN_POINT('',(103.5,-64.5,20.));
#2863=CARTESIAN_POINT('',(103.5,-33.,20.));
#2864=CARTESIAN_POINT('Origin',(5.,1.77635683940025E-14,21.5));
#2865=CARTESIAN_POINT('',(-92.2999999999999,-63.3,21.5));
#2866=CARTESIAN_POINT('',(102.3,-63.3,21.5));
#2867=CARTESIAN_POINT('',(53.4,-63.3,21.5));
#2868=CARTESIAN_POINT('',(-92.3,63.3,21.5));
#2869=CARTESIAN_POINT('',(-92.2999999999999,-31.4,21.5));
#2870=CARTESIAN_POINT('',(102.3,63.3,21.5));
#2871=CARTESIAN_POINT('',(-43.4,63.3,21.5));
#2872=CARTESIAN_POINT('',(102.3,31.4,21.5));
#2873=CARTESIAN_POINT('Origin',(53.4,-63.3,21.));
#2874=CARTESIAN_POINT('',(101.8,-62.8,21.));
#2875=CARTESIAN_POINT('Origin',(102.3,-63.3,21.));
#2876=CARTESIAN_POINT('',(-91.7999999999999,-62.8,21.));
#2877=CARTESIAN_POINT('',(53.4,-62.8,21.));
#2878=CARTESIAN_POINT('Origin',(-92.2999999999999,-63.3,21.));
#2879=CARTESIAN_POINT('Origin',(102.3,31.4,21.));
#2880=CARTESIAN_POINT('',(101.8,62.8,21.));
#2881=CARTESIAN_POINT('Origin',(102.3,63.3,21.));
#2882=CARTESIAN_POINT('',(101.8,31.4,21.));
#2883=CARTESIAN_POINT('Origin',(-43.4,63.3,21.));
#2884=CARTESIAN_POINT('',(-91.7999999999999,62.8,21.));
#2885=CARTESIAN_POINT('Origin',(-92.3,63.3,21.));
#2886=CARTESIAN_POINT('',(-43.4,62.8,21.));
#2887=CARTESIAN_POINT('Origin',(-92.2999999999999,-31.4,21.));
#2888=CARTESIAN_POINT('',(-91.7999999999999,-31.4,21.));
#2889=CARTESIAN_POINT('Origin',(-91.7999999999999,-62.8,20.));
#2890=CARTESIAN_POINT('',(-91.7999999999999,-62.8,20.));
#2891=CARTESIAN_POINT('',(-91.7999999999999,-62.8,20.));
#2892=CARTESIAN_POINT('',(-91.7999999999999,62.8,20.));
#2893=CARTESIAN_POINT('',(-91.7999999999999,-31.4,20.));
#2894=CARTESIAN_POINT('',(-91.7999999999999,62.8,20.));
#2895=CARTESIAN_POINT('Origin',(101.8,-62.8,20.));
#2896=CARTESIAN_POINT('',(101.8,-62.8,20.));
#2897=CARTESIAN_POINT('',(101.8,-62.8,20.));
#2898=CARTESIAN_POINT('',(53.4,-62.8,20.));
#2899=CARTESIAN_POINT('Origin',(101.8,62.8,20.));
#2900=CARTESIAN_POINT('',(101.8,62.8,20.));
#2901=CARTESIAN_POINT('',(101.8,62.8,20.));
#2902=CARTESIAN_POINT('',(101.8,31.4,20.));
#2903=CARTESIAN_POINT('Origin',(-91.7999999999999,62.8,20.));
#2904=CARTESIAN_POINT('',(-43.4,62.8,20.));
#2905=CARTESIAN_POINT('Origin',(-93.5,64.5,20.));
#2906=CARTESIAN_POINT('',(-93.4999999999999,-64.5,20.));
#2907=CARTESIAN_POINT('',(-93.5,33.,20.));
#2908=CARTESIAN_POINT('',(-93.4999999999999,-64.5,20.));
#2909=CARTESIAN_POINT('Origin',(-93.4999999999999,-64.5,20.));
#2910=CARTESIAN_POINT('',(-45.,-64.5,20.));
#2911=CARTESIAN_POINT('Origin',(103.5,66.,18.5));
#2912=CARTESIAN_POINT('',(105.,64.5,18.5));
#2913=CARTESIAN_POINT('',(105.,64.5,18.5));
#2914=CARTESIAN_POINT('',(103.5,66.,18.5));
#2915=CARTESIAN_POINT('',(103.5,66.,18.5));
#2916=CARTESIAN_POINT('',(103.5,64.5,20.));
#2917=CARTESIAN_POINT('Origin',(104.25,65.25,0.));
#2918=CARTESIAN_POINT('',(105.,64.5,10.));
#2919=CARTESIAN_POINT('',(103.5,66.,10.));
#2920=CARTESIAN_POINT('',(95.7499999999995,73.7500000000003,10.));
#2921=CARTESIAN_POINT('',(103.5,66.,0.));
#2922=CARTESIAN_POINT('',(105.,64.5,0.));
#2923=CARTESIAN_POINT('Origin',(-95.,64.5,18.5));
#2924=CARTESIAN_POINT('',(-93.5,66.,18.5));
#2925=CARTESIAN_POINT('',(-93.5,66.,18.5));
#2926=CARTESIAN_POINT('',(-95.,64.5,18.5));
#2927=CARTESIAN_POINT('',(-95.,64.5,18.5));
#2928=CARTESIAN_POINT('',(-93.5,64.5,20.));
#2929=CARTESIAN_POINT('Origin',(-94.25,65.25,0.));
#2930=CARTESIAN_POINT('',(-93.5,66.,10.));
#2931=CARTESIAN_POINT('',(-95.,64.5,10.));
#2932=CARTESIAN_POINT('',(-85.75,73.75,10.));
#2933=CARTESIAN_POINT('',(-95.,64.5,0.));
#2934=CARTESIAN_POINT('',(-93.5,66.,0.));
#2935=CARTESIAN_POINT('Origin',(105.,-64.5,18.5));
#2936=CARTESIAN_POINT('',(103.5,-66.,18.5));
#2937=CARTESIAN_POINT('',(103.5,-66.,18.5));
#2938=CARTESIAN_POINT('',(105.,-64.5,18.5));
#2939=CARTESIAN_POINT('',(105.,-64.5,18.5));
#2940=CARTESIAN_POINT('',(103.5,-64.5,20.));
#2941=CARTESIAN_POINT('Origin',(104.25,-65.25,0.));
#2942=CARTESIAN_POINT('',(103.5,-66.,10.));
#2943=CARTESIAN_POINT('',(105.,-64.5,10.));
#2944=CARTESIAN_POINT('',(95.7499999999997,-73.7500000000002,10.));
#2945=CARTESIAN_POINT('',(105.,-64.5,0.));
#2946=CARTESIAN_POINT('',(103.5,-66.,0.));
#2947=CARTESIAN_POINT('Origin',(104.25,-33.,19.25));
#2948=CARTESIAN_POINT('',(105.,-33.,18.5));
#2949=CARTESIAN_POINT('Origin',(-93.4999999999999,-66.,18.5));
#2950=CARTESIAN_POINT('',(-94.9999999999999,-64.5,18.5));
#2951=CARTESIAN_POINT('',(-94.9999999999999,-64.5,18.5));
#2952=CARTESIAN_POINT('',(-93.4999999999999,-66.,18.5));
#2953=CARTESIAN_POINT('',(-93.4999999999999,-66.,18.5));
#2954=CARTESIAN_POINT('',(-93.4999999999999,-64.5,20.));
#2955=CARTESIAN_POINT('Origin',(-94.2499999999999,-65.25,0.));
#2956=CARTESIAN_POINT('',(-94.9999999999999,-64.5,10.));
#2957=CARTESIAN_POINT('',(-93.4999999999999,-66.,10.));
#2958=CARTESIAN_POINT('',(-85.7500000000002,-73.7499999999998,10.));
#2959=CARTESIAN_POINT('',(-93.4999999999999,-66.,0.));
#2960=CARTESIAN_POINT('',(-94.9999999999999,-64.5,0.));
#2961=CARTESIAN_POINT('Origin',(-45.,-65.25,19.25));
#2962=CARTESIAN_POINT('',(-45.,-66.,18.5));
#2963=CARTESIAN_POINT('Origin',(-94.25,33.,19.25));
#2964=CARTESIAN_POINT('',(-95.,33.,18.5));
#2965=CARTESIAN_POINT('Origin',(55.,65.25,19.25));
#2966=CARTESIAN_POINT('',(55.,66.,18.5));
#2967=CARTESIAN_POINT('Origin',(105.,-66.,0.));
#2968=CARTESIAN_POINT('',(105.,-33.,10.));
#2969=CARTESIAN_POINT('Origin',(-94.9999999999999,-66.,0.));
#2970=CARTESIAN_POINT('',(-45.,-66.,10.));
#2971=CARTESIAN_POINT('Origin',(4.99999999999998,1.77635683940025E-14,20.));
#2972=CARTESIAN_POINT('',(-83.1998201025637,-48.8,20.));
#2973=CARTESIAN_POINT('',(83.2001798974363,-48.8,20.));
#2974=CARTESIAN_POINT('',(43.8500899487181,-48.8,20.));
#2975=CARTESIAN_POINT('',(-83.1998201025637,51.7,20.));
#2976=CARTESIAN_POINT('',(-83.1998201025637,-24.15,20.));
#2977=CARTESIAN_POINT('',(83.2001798974363,51.7,20.));
#2978=CARTESIAN_POINT('',(-38.8499100512818,51.7,20.));
#2979=CARTESIAN_POINT('',(83.2001798974363,25.6,20.));
#2980=CARTESIAN_POINT('Origin',(43.8500899487181,-48.55,19.75));
#2981=CARTESIAN_POINT('',(82.7001798974363,-48.3,19.5));
#2982=CARTESIAN_POINT('',(83.2001798974363,-48.8,20.));
#2983=CARTESIAN_POINT('',(-82.6998201025637,-48.3,19.5));
#2984=CARTESIAN_POINT('',(43.8500899487181,-48.3,19.5));
#2985=CARTESIAN_POINT('',(-82.6998201025637,-48.3,19.5));
#2986=CARTESIAN_POINT('Origin',(82.9501798974363,25.6,19.75));
#2987=CARTESIAN_POINT('',(82.7001798974363,51.2,19.5));
#2988=CARTESIAN_POINT('',(83.2001798974363,51.7,20.));
#2989=CARTESIAN_POINT('',(82.7001798974363,25.6,19.5));
#2990=CARTESIAN_POINT('Origin',(-38.8499100512818,51.45,19.75));
#2991=CARTESIAN_POINT('',(-82.6998201025637,51.2,19.5));
#2992=CARTESIAN_POINT('',(-83.1998201025637,51.7,20.));
#2993=CARTESIAN_POINT('',(-38.8499100512818,51.2,19.5));
#2994=CARTESIAN_POINT('Origin',(-82.9498201025637,-24.15,19.75));
#2995=CARTESIAN_POINT('',(-82.6998201025637,-24.15,19.5));
#2996=CARTESIAN_POINT('Origin',(-82.6998201025637,-48.3,20.));
#2997=CARTESIAN_POINT('',(-82.6998201025637,-48.3,20.));
#2998=CARTESIAN_POINT('',(-82.6998201025637,51.2,20.));
#2999=CARTESIAN_POINT('Origin',(82.7001798974363,-48.3,20.));
#3000=CARTESIAN_POINT('',(82.7001798974363,-48.3,20.));
#3001=CARTESIAN_POINT('Origin',(4.99999999999997,1.77635683940025E-14,10.));
#3002=CARTESIAN_POINT('',(-95.,33.,10.));
#3003=CARTESIAN_POINT('',(55.,66.,10.));
#3004=CARTESIAN_POINT('',(55.,63.,10.));
#3005=CARTESIAN_POINT('Origin',(105.,63.,0.));
#3006=CARTESIAN_POINT('Origin',(105.,66.,0.));
#3007=CARTESIAN_POINT('Origin',(-95.,66.,0.));
#3008=CARTESIAN_POINT('Origin',(82.7001798974363,51.2,20.));
#3009=CARTESIAN_POINT('',(82.7001798974363,51.2,20.));
#3010=CARTESIAN_POINT('Origin',(-82.6998201025637,51.2,20.));
#3011=UNCERTAINTY_MEASURE_WITH_UNIT(LENGTH_MEASURE(0.01),#3015,
'DISTANCE_ACCURACY_VALUE',
'Maximum model space distance between geometric entities at asserted c
onnectivities');
#3012=UNCERTAINTY_MEASURE_WITH_UNIT(LENGTH_MEASURE(0.01),#3015,
'DISTANCE_ACCURACY_VALUE',
'Maximum model space distance between geometric entities at asserted c
onnectivities');
#3013=(
GEOMETRIC_REPRESENTATION_CONTEXT(3)
GLOBAL_UNCERTAINTY_ASSIGNED_CONTEXT((#3011))
GLOBAL_UNIT_ASSIGNED_CONTEXT((#3015,#3017,#3018))
REPRESENTATION_CONTEXT('','3D')
);
#3014=(
GEOMETRIC_REPRESENTATION_CONTEXT(3)
GLOBAL_UNCERTAINTY_ASSIGNED_CONTEXT((#3012))
GLOBAL_UNIT_ASSIGNED_CONTEXT((#3015,#3017,#3018))
REPRESENTATION_CONTEXT('','3D')
);
#3015=(
LENGTH_UNIT()
NAMED_UNIT(*)
SI_UNIT(.MILLI.,.METRE.)
);
#3016=(
LENGTH_UNIT()
NAMED_UNIT(*)
SI_UNIT($,.METRE.)
);
#3017=(
NAMED_UNIT(*)
PLANE_ANGLE_UNIT()
SI_UNIT($,.RADIAN.)
);
#3018=(
NAMED_UNIT(*)
SI_UNIT($,.STERADIAN.)
SOLID_ANGLE_UNIT()
);
#3019=SHAPE_DEFINITION_REPRESENTATION(#3020,#3021);
#3020=PRODUCT_DEFINITION_SHAPE('',$,#3023);
#3021=SHAPE_REPRESENTATION('',(#1857),#3013);
#3022=PRODUCT_DEFINITION_CONTEXT('part definition',#3027,'design');
#3023=PRODUCT_DEFINITION('2026-10-10-10-58-51-762','top_bezzel',#3024,#3022);
#3024=PRODUCT_DEFINITION_FORMATION('',$,#3029);
#3025=PRODUCT_RELATED_PRODUCT_CATEGORY('top_bezzel','top_bezzel',(#3029));
#3026=APPLICATION_PROTOCOL_DEFINITION('international standard',
'automotive_design',2009,#3027);
#3027=APPLICATION_CONTEXT(
'Core Data for Automotive Mechanical Design Process');
#3028=PRODUCT_CONTEXT('part definition',#3027,'mechanical');
#3029=PRODUCT('2026-10-10-10-58-51-762','top_bezzel',$,(#3028));
#3030=PRESENTATION_STYLE_ASSIGNMENT((#3031));
#3031=SURFACE_STYLE_USAGE(.BOTH.,#3032);
#3032=SURFACE_SIDE_STYLE('',(#3033));
#3033=SURFACE_STYLE_FILL_AREA(#3034);
#3034=FILL_AREA_STYLE('Steel - Satin',(#3035));
#3035=FILL_AREA_STYLE_COLOUR('Steel - Satin',#3036);
#3036=COLOUR_RGB('Steel - Satin',0.627450980392157,0.627450980392157,0.627450980392157);
ENDSEC;
END-ISO-10303-21;
