ISO-10303-21;
HEADER;
/* Generated by software containing ST-Developer
 * from STEP Tools, Inc. (www.steptools.com) 
 */

FILE_DESCRIPTION(
/* description */ (''),
/* implementation_level */ '2;1');

FILE_NAME(
/* name */ 'TOP_PANNEL.step',
/* time_stamp */ '2026-10-10T11:01:04+05:30',
/* author */ (''),
/* organization */ (''),
/* preprocessor_version */ 'ST-DEVELOPER v20.2',
/* originating_system */ 'Autodesk Translation Framework v15.15.0.0',
/* authorisation */ '');

FILE_SCHEMA (('AUTOMOTIVE_DESIGN { 1 0 10303 214 3 1 1 }'));
ENDSEC;

DATA;
#10=MECHANICAL_DESIGN_GEOMETRIC_PRESENTATION_REPRESENTATION('',(#13),#3598);
#11=SHAPE_REPRESENTATION_RELATIONSHIP('SRR','None',#3605,#12);
#12=ADVANCED_BREP_SHAPE_REPRESENTATION('',(#14),#3597);
#13=STYLED_ITEM('',(#3614),#14);
#14=MANIFOLD_SOLID_BREP('Body1',#2168);
#15=TOROIDAL_SURFACE('',#2319,3.60000000000002,0.5);
#16=TOROIDAL_SURFACE('',#2324,3.60000000000002,0.5);
#17=TOROIDAL_SURFACE('',#2329,3.7,0.5);
#18=TOROIDAL_SURFACE('',#2334,3.74999999999996,0.5);
#19=B_SPLINE_CURVE_WITH_KNOTS('',3,(#3270,#3271,#3272,#3273,#3274,#3275,
#3276,#3277,#3278,#3279,#3280),.UNSPECIFIED.,.F.,.F.,(4,2,3,2,4),(0.746271391778147,
0.775972524357891,0.853643615643455,0.93131470692902,0.961015839508766),
 .UNSPECIFIED.);
#20=B_SPLINE_CURVE_WITH_KNOTS('',3,(#3499,#3500,#3501,#3502,#3503,#3504,
#3505,#3506,#3507,#3508,#3509,#3510,#3511,#3512,#3513,#3514,#3515,#3516,
#3517,#3518,#3519,#3520,#3521,#3522,#3523,#3524,#3525,#3526,#3527,#3528,
#3529),.UNSPECIFIED.,.F.,.F.,(4,3,3,3,3,3,3,3,3,3,4),(0.,0.158186182190658,
0.316365072118655,0.474610412216406,0.632832745696108,0.791035178516129,
0.94922081252554,1.10746440705435,1.26566553528722,1.42390568068334,1.57079637467588),
 .UNSPECIFIED.);
#21=ELLIPSE('',#2239,0.707106781186548,0.5);
#22=ELLIPSE('',#2240,0.707106781186541,0.5);
#23=ELLIPSE('',#2242,0.707106781186548,0.5);
#24=ELLIPSE('',#2244,0.707106781186541,0.5);
#25=ELLIPSE('',#2259,0.707106781186548,0.5);
#26=ELLIPSE('',#2260,0.707106781186548,0.5);
#27=ELLIPSE('',#2262,0.707106781186548,0.5);
#28=ELLIPSE('',#2264,0.707106781186548,0.5);
#29=ELLIPSE('',#2291,0.707106781186548,0.5);
#30=ELLIPSE('',#2292,0.707106781186548,0.5);
#31=ELLIPSE('',#2294,0.707106781186548,0.5);
#32=ELLIPSE('',#2296,0.707106781186548,0.5);
#33=ELLIPSE('',#2303,0.707106781186548,0.5);
#34=ELLIPSE('',#2304,0.707106781186548,0.5);
#35=ELLIPSE('',#2306,0.707106781186548,0.5);
#36=ELLIPSE('',#2308,0.707106781186548,0.5);
#37=CYLINDRICAL_SURFACE('',#2210,2.20000000000002);
#38=CYLINDRICAL_SURFACE('',#2238,0.5);
#39=CYLINDRICAL_SURFACE('',#2241,0.5);
#40=CYLINDRICAL_SURFACE('',#2243,0.5);
#41=CYLINDRICAL_SURFACE('',#2245,0.5);
#42=CYLINDRICAL_SURFACE('',#2258,0.5);
#43=CYLINDRICAL_SURFACE('',#2261,0.5);
#44=CYLINDRICAL_SURFACE('',#2263,0.5);
#45=CYLINDRICAL_SURFACE('',#2265,0.5);
#46=CYLINDRICAL_SURFACE('',#2268,1.74999999999997);
#47=CYLINDRICAL_SURFACE('',#2271,1.75);
#48=CYLINDRICAL_SURFACE('',#2274,1.74999999999997);
#49=CYLINDRICAL_SURFACE('',#2281,1.75000000000001);
#50=CYLINDRICAL_SURFACE('',#2290,0.5);
#51=CYLINDRICAL_SURFACE('',#2293,0.5);
#52=CYLINDRICAL_SURFACE('',#2295,0.5);
#53=CYLINDRICAL_SURFACE('',#2297,0.5);
#54=CYLINDRICAL_SURFACE('',#2302,0.5);
#55=CYLINDRICAL_SURFACE('',#2305,0.5);
#56=CYLINDRICAL_SURFACE('',#2307,0.5);
#57=CYLINDRICAL_SURFACE('',#2309,0.5);
#58=CYLINDRICAL_SURFACE('',#2317,0.5);
#59=CYLINDRICAL_SURFACE('',#2322,0.5);
#60=CYLINDRICAL_SURFACE('',#2327,0.5);
#61=CYLINDRICAL_SURFACE('',#2332,0.5);
#62=CYLINDRICAL_SURFACE('',#2336,3.10000000000002);
#63=CYLINDRICAL_SURFACE('',#2338,3.10000000000002);
#64=CYLINDRICAL_SURFACE('',#2340,3.24999999999996);
#65=CYLINDRICAL_SURFACE('',#2342,3.2);
#66=CYLINDRICAL_SURFACE('',#2345,1.03703351163354);
#67=CYLINDRICAL_SURFACE('',#2347,2.40000000000002);
#68=CYLINDRICAL_SURFACE('',#2348,1.40000000000001);
#69=CYLINDRICAL_SURFACE('',#2349,1.40000000000001);
#70=CYLINDRICAL_SURFACE('',#2350,1.40000000000001);
#71=FACE_BOUND('',#269,.T.);
#72=FACE_BOUND('',#270,.T.);
#73=FACE_BOUND('',#286,.T.);
#74=FACE_BOUND('',#310,.T.);
#75=FACE_BOUND('',#311,.T.);
#76=FACE_BOUND('',#312,.T.);
#77=FACE_BOUND('',#313,.T.);
#78=FACE_BOUND('',#314,.T.);
#79=FACE_BOUND('',#315,.T.);
#80=FACE_BOUND('',#316,.T.);
#81=FACE_BOUND('',#317,.T.);
#82=FACE_BOUND('',#338,.T.);
#83=FACE_BOUND('',#339,.T.);
#84=FACE_BOUND('',#340,.T.);
#85=FACE_BOUND('',#341,.T.);
#86=FACE_BOUND('',#342,.T.);
#87=FACE_BOUND('',#352,.T.);
#88=FACE_BOUND('',#353,.T.);
#89=FACE_BOUND('',#354,.T.);
#90=FACE_BOUND('',#355,.T.);
#91=FACE_BOUND('',#356,.T.);
#92=FACE_BOUND('',#357,.T.);
#93=FACE_BOUND('',#364,.T.);
#94=FACE_BOUND('',#365,.T.);
#95=CIRCLE('',#2199,2.20000000000002);
#96=CIRCLE('',#2200,1.75000000000004);
#97=CIRCLE('',#2201,1.74999999999997);
#98=CIRCLE('',#2202,1.75000000000002);
#99=CIRCLE('',#2203,1.74999999999997);
#100=CIRCLE('',#2211,2.20000000000002);
#101=CIRCLE('',#2247,3.60000000000002);
#102=CIRCLE('',#2248,3.60000000000002);
#103=CIRCLE('',#2249,3.7);
#104=CIRCLE('',#2250,3.74999999999996);
#105=CIRCLE('',#2251,1.40000000000001);
#106=CIRCLE('',#2252,1.40000000000001);
#107=CIRCLE('',#2253,1.40000000000001);
#108=CIRCLE('',#2254,2.40000000000002);
#109=CIRCLE('',#2255,2.40000000000002);
#110=CIRCLE('',#2269,1.74999999999997);
#111=CIRCLE('',#2272,1.75);
#112=CIRCLE('',#2275,1.74999999999997);
#113=CIRCLE('',#2282,1.75000000000001);
#114=CIRCLE('',#2284,1.40000000000001);
#115=CIRCLE('',#2285,1.40000000000001);
#116=CIRCLE('',#2286,1.40000000000001);
#117=CIRCLE('',#2287,2.40000000000002);
#118=CIRCLE('',#2301,1.03703351163354);
#119=CIRCLE('',#2312,3.10000000000002);
#120=CIRCLE('',#2313,3.10000000000002);
#121=CIRCLE('',#2314,3.24999999999996);
#122=CIRCLE('',#2315,3.2);
#123=CIRCLE('',#2316,1.03703351163354);
#124=CIRCLE('',#2318,0.499999999999997);
#125=CIRCLE('',#2320,0.500000000000007);
#126=CIRCLE('',#2321,3.10000000000002);
#127=CIRCLE('',#2323,0.500000000000007);
#128=CIRCLE('',#2325,0.499999999999989);
#129=CIRCLE('',#2326,3.10000000000002);
#130=CIRCLE('',#2328,0.500000000000007);
#131=CIRCLE('',#2330,0.499999999999972);
#132=CIRCLE('',#2331,3.2);
#133=CIRCLE('',#2333,0.500000000000007);
#134=CIRCLE('',#2335,3.24999999999996);
#135=FACE_OUTER_BOUND('',#252,.T.);
#136=FACE_OUTER_BOUND('',#253,.T.);
#137=FACE_OUTER_BOUND('',#254,.T.);
#138=FACE_OUTER_BOUND('',#255,.T.);
#139=FACE_OUTER_BOUND('',#256,.T.);
#140=FACE_OUTER_BOUND('',#257,.T.);
#141=FACE_OUTER_BOUND('',#258,.T.);
#142=FACE_OUTER_BOUND('',#259,.T.);
#143=FACE_OUTER_BOUND('',#260,.T.);
#144=FACE_OUTER_BOUND('',#261,.T.);
#145=FACE_OUTER_BOUND('',#262,.T.);
#146=FACE_OUTER_BOUND('',#263,.T.);
#147=FACE_OUTER_BOUND('',#264,.T.);
#148=FACE_OUTER_BOUND('',#265,.T.);
#149=FACE_OUTER_BOUND('',#266,.T.);
#150=FACE_OUTER_BOUND('',#267,.T.);
#151=FACE_OUTER_BOUND('',#268,.T.);
#152=FACE_OUTER_BOUND('',#271,.T.);
#153=FACE_OUTER_BOUND('',#272,.T.);
#154=FACE_OUTER_BOUND('',#273,.T.);
#155=FACE_OUTER_BOUND('',#274,.T.);
#156=FACE_OUTER_BOUND('',#275,.T.);
#157=FACE_OUTER_BOUND('',#276,.T.);
#158=FACE_OUTER_BOUND('',#277,.T.);
#159=FACE_OUTER_BOUND('',#278,.T.);
#160=FACE_OUTER_BOUND('',#279,.T.);
#161=FACE_OUTER_BOUND('',#280,.T.);
#162=FACE_OUTER_BOUND('',#281,.T.);
#163=FACE_OUTER_BOUND('',#282,.T.);
#164=FACE_OUTER_BOUND('',#283,.T.);
#165=FACE_OUTER_BOUND('',#284,.T.);
#166=FACE_OUTER_BOUND('',#285,.T.);
#167=FACE_OUTER_BOUND('',#287,.T.);
#168=FACE_OUTER_BOUND('',#288,.T.);
#169=FACE_OUTER_BOUND('',#289,.T.);
#170=FACE_OUTER_BOUND('',#290,.T.);
#171=FACE_OUTER_BOUND('',#291,.T.);
#172=FACE_OUTER_BOUND('',#292,.T.);
#173=FACE_OUTER_BOUND('',#293,.T.);
#174=FACE_OUTER_BOUND('',#294,.T.);
#175=FACE_OUTER_BOUND('',#295,.T.);
#176=FACE_OUTER_BOUND('',#296,.T.);
#177=FACE_OUTER_BOUND('',#297,.T.);
#178=FACE_OUTER_BOUND('',#298,.T.);
#179=FACE_OUTER_BOUND('',#299,.T.);
#180=FACE_OUTER_BOUND('',#300,.T.);
#181=FACE_OUTER_BOUND('',#301,.T.);
#182=FACE_OUTER_BOUND('',#302,.T.);
#183=FACE_OUTER_BOUND('',#303,.T.);
#184=FACE_OUTER_BOUND('',#304,.T.);
#185=FACE_OUTER_BOUND('',#305,.T.);
#186=FACE_OUTER_BOUND('',#306,.T.);
#187=FACE_OUTER_BOUND('',#307,.T.);
#188=FACE_OUTER_BOUND('',#308,.T.);
#189=FACE_OUTER_BOUND('',#309,.T.);
#190=FACE_OUTER_BOUND('',#318,.T.);
#191=FACE_OUTER_BOUND('',#319,.T.);
#192=FACE_OUTER_BOUND('',#320,.T.);
#193=FACE_OUTER_BOUND('',#321,.T.);
#194=FACE_OUTER_BOUND('',#322,.T.);
#195=FACE_OUTER_BOUND('',#323,.T.);
#196=FACE_OUTER_BOUND('',#324,.T.);
#197=FACE_OUTER_BOUND('',#325,.T.);
#198=FACE_OUTER_BOUND('',#326,.T.);
#199=FACE_OUTER_BOUND('',#327,.T.);
#200=FACE_OUTER_BOUND('',#328,.T.);
#201=FACE_OUTER_BOUND('',#329,.T.);
#202=FACE_OUTER_BOUND('',#330,.T.);
#203=FACE_OUTER_BOUND('',#331,.T.);
#204=FACE_OUTER_BOUND('',#332,.T.);
#205=FACE_OUTER_BOUND('',#333,.T.);
#206=FACE_OUTER_BOUND('',#334,.T.);
#207=FACE_OUTER_BOUND('',#335,.T.);
#208=FACE_OUTER_BOUND('',#336,.T.);
#209=FACE_OUTER_BOUND('',#337,.T.);
#210=FACE_OUTER_BOUND('',#343,.T.);
#211=FACE_OUTER_BOUND('',#344,.T.);
#212=FACE_OUTER_BOUND('',#345,.T.);
#213=FACE_OUTER_BOUND('',#346,.T.);
#214=FACE_OUTER_BOUND('',#347,.T.);
#215=FACE_OUTER_BOUND('',#348,.T.);
#216=FACE_OUTER_BOUND('',#349,.T.);
#217=FACE_OUTER_BOUND('',#350,.T.);
#218=FACE_OUTER_BOUND('',#351,.T.);
#219=FACE_OUTER_BOUND('',#358,.T.);
#220=FACE_OUTER_BOUND('',#359,.T.);
#221=FACE_OUTER_BOUND('',#360,.T.);
#222=FACE_OUTER_BOUND('',#361,.T.);
#223=FACE_OUTER_BOUND('',#362,.T.);
#224=FACE_OUTER_BOUND('',#363,.T.);
#225=FACE_OUTER_BOUND('',#366,.T.);
#226=FACE_OUTER_BOUND('',#367,.T.);
#227=FACE_OUTER_BOUND('',#368,.T.);
#228=FACE_OUTER_BOUND('',#369,.T.);
#229=FACE_OUTER_BOUND('',#370,.T.);
#230=FACE_OUTER_BOUND('',#371,.T.);
#231=FACE_OUTER_BOUND('',#372,.T.);
#232=FACE_OUTER_BOUND('',#373,.T.);
#233=FACE_OUTER_BOUND('',#374,.T.);
#234=FACE_OUTER_BOUND('',#375,.T.);
#235=FACE_OUTER_BOUND('',#376,.T.);
#236=FACE_OUTER_BOUND('',#377,.T.);
#237=FACE_OUTER_BOUND('',#378,.T.);
#238=FACE_OUTER_BOUND('',#379,.T.);
#239=FACE_OUTER_BOUND('',#380,.T.);
#240=FACE_OUTER_BOUND('',#381,.T.);
#241=FACE_OUTER_BOUND('',#382,.T.);
#242=FACE_OUTER_BOUND('',#383,.T.);
#243=FACE_OUTER_BOUND('',#384,.T.);
#244=FACE_OUTER_BOUND('',#385,.T.);
#245=FACE_OUTER_BOUND('',#386,.T.);
#246=FACE_OUTER_BOUND('',#387,.T.);
#247=FACE_OUTER_BOUND('',#388,.T.);
#248=FACE_OUTER_BOUND('',#389,.T.);
#249=FACE_OUTER_BOUND('',#390,.T.);
#250=FACE_OUTER_BOUND('',#391,.T.);
#251=FACE_OUTER_BOUND('',#392,.T.);
#252=EDGE_LOOP('',(#1370,#1371,#1372,#1373));
#253=EDGE_LOOP('',(#1374,#1375,#1376,#1377));
#254=EDGE_LOOP('',(#1378,#1379,#1380,#1381));
#255=EDGE_LOOP('',(#1382,#1383,#1384,#1385));
#256=EDGE_LOOP('',(#1386,#1387,#1388,#1389));
#257=EDGE_LOOP('',(#1390,#1391,#1392,#1393));
#258=EDGE_LOOP('',(#1394,#1395,#1396,#1397));
#259=EDGE_LOOP('',(#1398,#1399,#1400,#1401));
#260=EDGE_LOOP('',(#1402,#1403,#1404,#1405));
#261=EDGE_LOOP('',(#1406,#1407,#1408,#1409,#1410,#1411,#1412,#1413));
#262=EDGE_LOOP('',(#1414,#1415,#1416,#1417));
#263=EDGE_LOOP('',(#1418,#1419,#1420,#1421));
#264=EDGE_LOOP('',(#1422,#1423,#1424,#1425));
#265=EDGE_LOOP('',(#1426,#1427,#1428,#1429));
#266=EDGE_LOOP('',(#1430,#1431,#1432,#1433));
#267=EDGE_LOOP('',(#1434,#1435,#1436,#1437));
#268=EDGE_LOOP('',(#1438,#1439,#1440,#1441,#1442,#1443,#1444,#1445,#1446));
#269=EDGE_LOOP('',(#1447,#1448,#1449,#1450,#1451,#1452,#1453,#1454,#1455,
#1456,#1457,#1458,#1459));
#270=EDGE_LOOP('',(#1460,#1461,#1462,#1463,#1464,#1465,#1466,#1467,#1468,
#1469,#1470,#1471));
#271=EDGE_LOOP('',(#1472,#1473,#1474,#1475));
#272=EDGE_LOOP('',(#1476,#1477,#1478,#1479));
#273=EDGE_LOOP('',(#1480,#1481,#1482,#1483));
#274=EDGE_LOOP('',(#1484,#1485,#1486,#1487));
#275=EDGE_LOOP('',(#1488,#1489,#1490,#1491));
#276=EDGE_LOOP('',(#1492,#1493,#1494,#1495));
#277=EDGE_LOOP('',(#1496,#1497,#1498,#1499));
#278=EDGE_LOOP('',(#1500,#1501,#1502,#1503));
#279=EDGE_LOOP('',(#1504,#1505,#1506,#1507));
#280=EDGE_LOOP('',(#1508,#1509,#1510,#1511));
#281=EDGE_LOOP('',(#1512,#1513,#1514,#1515));
#282=EDGE_LOOP('',(#1516,#1517,#1518,#1519));
#283=EDGE_LOOP('',(#1520,#1521,#1522,#1523));
#284=EDGE_LOOP('',(#1524,#1525,#1526,#1527));
#285=EDGE_LOOP('',(#1528,#1529,#1530,#1531,#1532,#1533,#1534,#1535,#1536,
#1537,#1538,#1539,#1540));
#286=EDGE_LOOP('',(#1541,#1542,#1543,#1544));
#287=EDGE_LOOP('',(#1545,#1546,#1547,#1548));
#288=EDGE_LOOP('',(#1549,#1550,#1551,#1552));
#289=EDGE_LOOP('',(#1553,#1554,#1555,#1556));
#290=EDGE_LOOP('',(#1557,#1558,#1559,#1560));
#291=EDGE_LOOP('',(#1561,#1562,#1563,#1564));
#292=EDGE_LOOP('',(#1565,#1566,#1567,#1568,#1569));
#293=EDGE_LOOP('',(#1570,#1571,#1572,#1573));
#294=EDGE_LOOP('',(#1574,#1575,#1576));
#295=EDGE_LOOP('',(#1577,#1578,#1579,#1580));
#296=EDGE_LOOP('',(#1581,#1582,#1583));
#297=EDGE_LOOP('',(#1584,#1585,#1586,#1587));
#298=EDGE_LOOP('',(#1588,#1589,#1590));
#299=EDGE_LOOP('',(#1591,#1592,#1593,#1594));
#300=EDGE_LOOP('',(#1595,#1596,#1597));
#301=EDGE_LOOP('',(#1598,#1599,#1600,#1601));
#302=EDGE_LOOP('',(#1602,#1603,#1604,#1605));
#303=EDGE_LOOP('',(#1606,#1607,#1608,#1609));
#304=EDGE_LOOP('',(#1610,#1611,#1612,#1613));
#305=EDGE_LOOP('',(#1614,#1615,#1616,#1617));
#306=EDGE_LOOP('',(#1618,#1619,#1620,#1621));
#307=EDGE_LOOP('',(#1622,#1623,#1624,#1625));
#308=EDGE_LOOP('',(#1626,#1627,#1628,#1629,#1630,#1631));
#309=EDGE_LOOP('',(#1632,#1633,#1634,#1635));
#310=EDGE_LOOP('',(#1636,#1637,#1638,#1639,#1640,#1641,#1642,#1643));
#311=EDGE_LOOP('',(#1644));
#312=EDGE_LOOP('',(#1645));
#313=EDGE_LOOP('',(#1646));
#314=EDGE_LOOP('',(#1647,#1648,#1649,#1650,#1651,#1652,#1653));
#315=EDGE_LOOP('',(#1654,#1655,#1656,#1657));
#316=EDGE_LOOP('',(#1658,#1659,#1660,#1661));
#317=EDGE_LOOP('',(#1662,#1663,#1664,#1665));
#318=EDGE_LOOP('',(#1666,#1667,#1668,#1669));
#319=EDGE_LOOP('',(#1670,#1671,#1672,#1673));
#320=EDGE_LOOP('',(#1674,#1675,#1676,#1677));
#321=EDGE_LOOP('',(#1678,#1679,#1680,#1681));
#322=EDGE_LOOP('',(#1682,#1683,#1684,#1685));
#323=EDGE_LOOP('',(#1686,#1687,#1688,#1689));
#324=EDGE_LOOP('',(#1690,#1691,#1692,#1693));
#325=EDGE_LOOP('',(#1694,#1695,#1696,#1697));
#326=EDGE_LOOP('',(#1698,#1699,#1700,#1701));
#327=EDGE_LOOP('',(#1702,#1703,#1704,#1705));
#328=EDGE_LOOP('',(#1706,#1707,#1708,#1709));
#329=EDGE_LOOP('',(#1710,#1711,#1712,#1713));
#330=EDGE_LOOP('',(#1714,#1715,#1716,#1717));
#331=EDGE_LOOP('',(#1718,#1719,#1720,#1721));
#332=EDGE_LOOP('',(#1722,#1723,#1724,#1725));
#333=EDGE_LOOP('',(#1726,#1727,#1728,#1729));
#334=EDGE_LOOP('',(#1730,#1731,#1732,#1733));
#335=EDGE_LOOP('',(#1734,#1735,#1736,#1737));
#336=EDGE_LOOP('',(#1738,#1739,#1740,#1741));
#337=EDGE_LOOP('',(#1742,#1743,#1744,#1745,#1746,#1747,#1748,#1749,#1750,
#1751,#1752,#1753));
#338=EDGE_LOOP('',(#1754,#1755,#1756,#1757));
#339=EDGE_LOOP('',(#1758));
#340=EDGE_LOOP('',(#1759));
#341=EDGE_LOOP('',(#1760));
#342=EDGE_LOOP('',(#1761));
#343=EDGE_LOOP('',(#1762,#1763,#1764,#1765));
#344=EDGE_LOOP('',(#1766,#1767,#1768,#1769));
#345=EDGE_LOOP('',(#1770,#1771,#1772,#1773));
#346=EDGE_LOOP('',(#1774,#1775,#1776,#1777));
#347=EDGE_LOOP('',(#1778,#1779,#1780,#1781));
#348=EDGE_LOOP('',(#1782,#1783,#1784,#1785));
#349=EDGE_LOOP('',(#1786,#1787,#1788,#1789));
#350=EDGE_LOOP('',(#1790,#1791,#1792,#1793));
#351=EDGE_LOOP('',(#1794,#1795,#1796,#1797));
#352=EDGE_LOOP('',(#1798,#1799,#1800,#1801));
#353=EDGE_LOOP('',(#1802,#1803,#1804,#1805,#1806,#1807,#1808,#1809,#1810));
#354=EDGE_LOOP('',(#1811,#1812,#1813,#1814));
#355=EDGE_LOOP('',(#1815));
#356=EDGE_LOOP('',(#1816,#1817,#1818,#1819));
#357=EDGE_LOOP('',(#1820,#1821,#1822,#1823,#1824,#1825,#1826,#1827,#1828));
#358=EDGE_LOOP('',(#1829,#1830,#1831,#1832));
#359=EDGE_LOOP('',(#1833,#1834,#1835,#1836));
#360=EDGE_LOOP('',(#1837,#1838,#1839,#1840));
#361=EDGE_LOOP('',(#1841,#1842,#1843,#1844));
#362=EDGE_LOOP('',(#1845,#1846,#1847,#1848));
#363=EDGE_LOOP('',(#1849,#1850,#1851,#1852,#1853,#1854,#1855,#1856));
#364=EDGE_LOOP('',(#1857));
#365=EDGE_LOOP('',(#1858,#1859,#1860,#1861));
#366=EDGE_LOOP('',(#1862,#1863,#1864,#1865));
#367=EDGE_LOOP('',(#1866,#1867,#1868,#1869));
#368=EDGE_LOOP('',(#1870,#1871,#1872,#1873));
#369=EDGE_LOOP('',(#1874,#1875,#1876,#1877));
#370=EDGE_LOOP('',(#1878,#1879,#1880,#1881));
#371=EDGE_LOOP('',(#1882,#1883,#1884,#1885));
#372=EDGE_LOOP('',(#1886,#1887,#1888,#1889));
#373=EDGE_LOOP('',(#1890,#1891,#1892,#1893));
#374=EDGE_LOOP('',(#1894,#1895,#1896,#1897));
#375=EDGE_LOOP('',(#1898,#1899,#1900,#1901));
#376=EDGE_LOOP('',(#1902,#1903,#1904,#1905));
#377=EDGE_LOOP('',(#1906,#1907,#1908,#1909));
#378=EDGE_LOOP('',(#1910,#1911,#1912,#1913));
#379=EDGE_LOOP('',(#1914,#1915,#1916,#1917));
#380=EDGE_LOOP('',(#1918,#1919,#1920,#1921));
#381=EDGE_LOOP('',(#1922,#1923,#1924,#1925));
#382=EDGE_LOOP('',(#1926,#1927,#1928,#1929));
#383=EDGE_LOOP('',(#1930,#1931,#1932,#1933));
#384=EDGE_LOOP('',(#1934,#1935,#1936,#1937));
#385=EDGE_LOOP('',(#1938,#1939,#1940,#1941,#1942,#1943));
#386=EDGE_LOOP('',(#1944,#1945,#1946,#1947));
#387=EDGE_LOOP('',(#1948,#1949,#1950,#1951));
#388=EDGE_LOOP('',(#1952,#1953,#1954,#1955));
#389=EDGE_LOOP('',(#1956,#1957,#1958,#1959));
#390=EDGE_LOOP('',(#1960,#1961,#1962,#1963));
#391=EDGE_LOOP('',(#1964,#1965,#1966,#1967));
#392=EDGE_LOOP('',(#1968,#1969,#1970,#1971));
#393=LINE('',#2950,#636);
#394=LINE('',#2952,#637);
#395=LINE('',#2954,#638);
#396=LINE('',#2955,#639);
#397=LINE('',#2958,#640);
#398=LINE('',#2960,#641);
#399=LINE('',#2961,#642);
#400=LINE('',#2964,#643);
#401=LINE('',#2966,#644);
#402=LINE('',#2967,#645);
#403=LINE('',#2969,#646);
#404=LINE('',#2970,#647);
#405=LINE('',#2974,#648);
#406=LINE('',#2976,#649);
#407=LINE('',#2978,#650);
#408=LINE('',#2979,#651);
#409=LINE('',#2983,#652);
#410=LINE('',#2985,#653);
#411=LINE('',#2987,#654);
#412=LINE('',#2988,#655);
#413=LINE('',#2990,#656);
#414=LINE('',#2991,#657);
#415=LINE('',#2993,#658);
#416=LINE('',#2997,#659);
#417=LINE('',#2999,#660);
#418=LINE('',#3001,#661);
#419=LINE('',#3002,#662);
#420=LINE('',#3005,#663);
#421=LINE('',#3007,#664);
#422=LINE('',#3009,#665);
#423=LINE('',#3011,#666);
#424=LINE('',#3012,#667);
#425=LINE('',#3016,#668);
#426=LINE('',#3018,#669);
#427=LINE('',#3020,#670);
#428=LINE('',#3021,#671);
#429=LINE('',#3024,#672);
#430=LINE('',#3026,#673);
#431=LINE('',#3027,#674);
#432=LINE('',#3030,#675);
#433=LINE('',#3032,#676);
#434=LINE('',#3033,#677);
#435=LINE('',#3035,#678);
#436=LINE('',#3036,#679);
#437=LINE('',#3039,#680);
#438=LINE('',#3041,#681);
#439=LINE('',#3042,#682);
#440=LINE('',#3045,#683);
#441=LINE('',#3047,#684);
#442=LINE('',#3048,#685);
#443=LINE('',#3051,#686);
#444=LINE('',#3053,#687);
#445=LINE('',#3055,#688);
#446=LINE('',#3057,#689);
#447=LINE('',#3059,#690);
#448=LINE('',#3061,#691);
#449=LINE('',#3062,#692);
#450=LINE('',#3065,#693);
#451=LINE('',#3067,#694);
#452=LINE('',#3069,#695);
#453=LINE('',#3071,#696);
#454=LINE('',#3073,#697);
#455=LINE('',#3075,#698);
#456=LINE('',#3077,#699);
#457=LINE('',#3079,#700);
#458=LINE('',#3083,#701);
#459=LINE('',#3085,#702);
#460=LINE('',#3087,#703);
#461=LINE('',#3088,#704);
#462=LINE('',#3093,#705);
#463=LINE('',#3095,#706);
#464=LINE('',#3097,#707);
#465=LINE('',#3099,#708);
#466=LINE('',#3101,#709);
#467=LINE('',#3105,#710);
#468=LINE('',#3109,#711);
#469=LINE('',#3112,#712);
#470=LINE('',#3115,#713);
#471=LINE('',#3117,#714);
#472=LINE('',#3118,#715);
#473=LINE('',#3121,#716);
#474=LINE('',#3123,#717);
#475=LINE('',#3124,#718);
#476=LINE('',#3127,#719);
#477=LINE('',#3128,#720);
#478=LINE('',#3131,#721);
#479=LINE('',#3132,#722);
#480=LINE('',#3135,#723);
#481=LINE('',#3136,#724);
#482=LINE('',#3139,#725);
#483=LINE('',#3140,#726);
#484=LINE('',#3143,#727);
#485=LINE('',#3147,#728);
#486=LINE('',#3148,#729);
#487=LINE('',#3151,#730);
#488=LINE('',#3152,#731);
#489=LINE('',#3155,#732);
#490=LINE('',#3156,#733);
#491=LINE('',#3159,#734);
#492=LINE('',#3160,#735);
#493=LINE('',#3163,#736);
#494=LINE('',#3164,#737);
#495=LINE('',#3167,#738);
#496=LINE('',#3168,#739);
#497=LINE('',#3170,#740);
#498=LINE('',#3174,#741);
#499=LINE('',#3176,#742);
#500=LINE('',#3178,#743);
#501=LINE('',#3179,#744);
#502=LINE('',#3182,#745);
#503=LINE('',#3184,#746);
#504=LINE('',#3185,#747);
#505=LINE('',#3188,#748);
#506=LINE('',#3189,#749);
#507=LINE('',#3193,#750);
#508=LINE('',#3194,#751);
#509=LINE('',#3195,#752);
#510=LINE('',#3198,#753);
#511=LINE('',#3199,#754);
#512=LINE('',#3202,#755);
#513=LINE('',#3203,#756);
#514=LINE('',#3206,#757);
#515=LINE('',#3207,#758);
#516=LINE('',#3210,#759);
#517=LINE('',#3211,#760);
#518=LINE('',#3214,#761);
#519=LINE('',#3216,#762);
#520=LINE('',#3217,#763);
#521=LINE('',#3220,#764);
#522=LINE('',#3221,#765);
#523=LINE('',#3222,#766);
#524=LINE('',#3224,#767);
#525=LINE('',#3228,#768);
#526=LINE('',#3229,#769);
#527=LINE('',#3233,#770);
#528=LINE('',#3234,#771);
#529=LINE('',#3235,#772);
#530=LINE('',#3237,#773);
#531=LINE('',#3238,#774);
#532=LINE('',#3241,#775);
#533=LINE('',#3243,#776);
#534=LINE('',#3245,#777);
#535=LINE('',#3249,#778);
#536=LINE('',#3253,#779);
#537=LINE('',#3257,#780);
#538=LINE('',#3260,#781);
#539=LINE('',#3263,#782);
#540=LINE('',#3266,#783);
#541=LINE('',#3281,#784);
#542=LINE('',#3282,#785);
#543=LINE('',#3283,#786);
#544=LINE('',#3287,#787);
#545=LINE('',#3289,#788);
#546=LINE('',#3291,#789);
#547=LINE('',#3292,#790);
#548=LINE('',#3295,#791);
#549=LINE('',#3299,#792);
#550=LINE('',#3303,#793);
#551=LINE('',#3307,#794);
#552=LINE('',#3320,#795);
#553=LINE('',#3322,#796);
#554=LINE('',#3324,#797);
#555=LINE('',#3325,#798);
#556=LINE('',#3328,#799);
#557=LINE('',#3330,#800);
#558=LINE('',#3331,#801);
#559=LINE('',#3334,#802);
#560=LINE('',#3335,#803);
#561=LINE('',#3343,#804);
#562=LINE('',#3346,#805);
#563=LINE('',#3348,#806);
#564=LINE('',#3351,#807);
#565=LINE('',#3353,#808);
#566=LINE('',#3354,#809);
#567=LINE('',#3357,#810);
#568=LINE('',#3361,#811);
#569=LINE('',#3362,#812);
#570=LINE('',#3365,#813);
#571=LINE('',#3369,#814);
#572=LINE('',#3370,#815);
#573=LINE('',#3373,#816);
#574=LINE('',#3377,#817);
#575=LINE('',#3378,#818);
#576=LINE('',#3381,#819);
#577=LINE('',#3382,#820);
#578=LINE('',#3385,#821);
#579=LINE('',#3386,#822);
#580=LINE('',#3389,#823);
#581=LINE('',#3390,#824);
#582=LINE('',#3393,#825);
#583=LINE('',#3394,#826);
#584=LINE('',#3399,#827);
#585=LINE('',#3400,#828);
#586=LINE('',#3410,#829);
#587=LINE('',#3415,#830);
#588=LINE('',#3419,#831);
#589=LINE('',#3423,#832);
#590=LINE('',#3425,#833);
#591=LINE('',#3429,#834);
#592=LINE('',#3431,#835);
#593=LINE('',#3434,#836);
#594=LINE('',#3435,#837);
#595=LINE('',#3438,#838);
#596=LINE('',#3440,#839);
#597=LINE('',#3441,#840);
#598=LINE('',#3444,#841);
#599=LINE('',#3445,#842);
#600=LINE('',#3449,#843);
#601=LINE('',#3451,#844);
#602=LINE('',#3453,#845);
#603=LINE('',#3454,#846);
#604=LINE('',#3460,#847);
#605=LINE('',#3465,#848);
#606=LINE('',#3469,#849);
#607=LINE('',#3471,#850);
#608=LINE('',#3474,#851);
#609=LINE('',#3475,#852);
#610=LINE('',#3477,#853);
#611=LINE('',#3483,#854);
#612=LINE('',#3487,#855);
#613=LINE('',#3491,#856);
#614=LINE('',#3494,#857);
#615=LINE('',#3531,#858);
#616=LINE('',#3540,#859);
#617=LINE('',#3548,#860);
#618=LINE('',#3556,#861);
#619=LINE('',#3560,#862);
#620=LINE('',#3561,#863);
#621=LINE('',#3563,#864);
#622=LINE('',#3565,#865);
#623=LINE('',#3567,#866);
#624=LINE('',#3569,#867);
#625=LINE('',#3571,#868);
#626=LINE('',#3573,#869);
#627=LINE('',#3577,#870);
#628=LINE('',#3580,#871);
#629=LINE('',#3582,#872);
#630=LINE('',#3584,#873);
#631=LINE('',#3586,#874);
#632=LINE('',#3588,#875);
#633=LINE('',#3589,#876);
#634=LINE('',#3591,#877);
#635=LINE('',#3593,#878);
#636=VECTOR('',#2359,10.);
#637=VECTOR('',#2360,10.);
#638=VECTOR('',#2361,10.);
#639=VECTOR('',#2362,10.);
#640=VECTOR('',#2365,10.);
#641=VECTOR('',#2366,10.);
#642=VECTOR('',#2367,10.);
#643=VECTOR('',#2370,10.);
#644=VECTOR('',#2371,10.);
#645=VECTOR('',#2372,10.);
#646=VECTOR('',#2375,10.);
#647=VECTOR('',#2376,10.);
#648=VECTOR('',#2379,10.);
#649=VECTOR('',#2380,10.);
#650=VECTOR('',#2381,10.);
#651=VECTOR('',#2382,10.);
#652=VECTOR('',#2385,10.);
#653=VECTOR('',#2386,10.);
#654=VECTOR('',#2387,10.);
#655=VECTOR('',#2388,10.);
#656=VECTOR('',#2391,10.);
#657=VECTOR('',#2392,10.);
#658=VECTOR('',#2395,10.);
#659=VECTOR('',#2398,10.);
#660=VECTOR('',#2399,10.);
#661=VECTOR('',#2400,10.);
#662=VECTOR('',#2401,10.);
#663=VECTOR('',#2404,10.);
#664=VECTOR('',#2405,10.);
#665=VECTOR('',#2406,10.);
#666=VECTOR('',#2407,10.);
#667=VECTOR('',#2408,10.);
#668=VECTOR('',#2411,10.);
#669=VECTOR('',#2412,10.);
#670=VECTOR('',#2413,10.);
#671=VECTOR('',#2414,10.);
#672=VECTOR('',#2417,10.);
#673=VECTOR('',#2418,10.);
#674=VECTOR('',#2419,10.);
#675=VECTOR('',#2422,10.);
#676=VECTOR('',#2423,10.);
#677=VECTOR('',#2424,10.);
#678=VECTOR('',#2427,10.);
#679=VECTOR('',#2428,10.);
#680=VECTOR('',#2431,10.);
#681=VECTOR('',#2432,10.);
#682=VECTOR('',#2433,10.);
#683=VECTOR('',#2436,10.);
#684=VECTOR('',#2437,10.);
#685=VECTOR('',#2438,10.);
#686=VECTOR('',#2441,10.);
#687=VECTOR('',#2442,10.);
#688=VECTOR('',#2443,10.);
#689=VECTOR('',#2444,10.);
#690=VECTOR('',#2445,10.);
#691=VECTOR('',#2446,10.);
#692=VECTOR('',#2447,10.);
#693=VECTOR('',#2448,10.);
#694=VECTOR('',#2449,10.);
#695=VECTOR('',#2450,10.);
#696=VECTOR('',#2451,10.);
#697=VECTOR('',#2452,10.);
#698=VECTOR('',#2453,10.);
#699=VECTOR('',#2454,10.);
#700=VECTOR('',#2455,10.);
#701=VECTOR('',#2458,10.);
#702=VECTOR('',#2459,10.);
#703=VECTOR('',#2460,10.);
#704=VECTOR('',#2461,10.);
#705=VECTOR('',#2464,10.);
#706=VECTOR('',#2465,10.);
#707=VECTOR('',#2466,10.);
#708=VECTOR('',#2467,10.);
#709=VECTOR('',#2468,10.);
#710=VECTOR('',#2471,10.);
#711=VECTOR('',#2474,10.);
#712=VECTOR('',#2477,10.);
#713=VECTOR('',#2480,10.);
#714=VECTOR('',#2481,10.);
#715=VECTOR('',#2482,10.);
#716=VECTOR('',#2485,10.);
#717=VECTOR('',#2486,10.);
#718=VECTOR('',#2487,10.);
#719=VECTOR('',#2490,10.);
#720=VECTOR('',#2491,10.);
#721=VECTOR('',#2494,10.);
#722=VECTOR('',#2495,10.);
#723=VECTOR('',#2498,10.);
#724=VECTOR('',#2499,10.);
#725=VECTOR('',#2502,10.);
#726=VECTOR('',#2503,10.);
#727=VECTOR('',#2506,10.);
#728=VECTOR('',#2511,10.);
#729=VECTOR('',#2512,10.);
#730=VECTOR('',#2515,10.);
#731=VECTOR('',#2516,10.);
#732=VECTOR('',#2519,10.);
#733=VECTOR('',#2520,10.);
#734=VECTOR('',#2523,10.);
#735=VECTOR('',#2524,10.);
#736=VECTOR('',#2527,10.);
#737=VECTOR('',#2528,10.);
#738=VECTOR('',#2531,10.);
#739=VECTOR('',#2532,10.);
#740=VECTOR('',#2535,10.);
#741=VECTOR('',#2538,10.);
#742=VECTOR('',#2539,10.);
#743=VECTOR('',#2540,10.);
#744=VECTOR('',#2541,10.);
#745=VECTOR('',#2544,10.);
#746=VECTOR('',#2545,10.);
#747=VECTOR('',#2546,10.);
#748=VECTOR('',#2549,10.);
#749=VECTOR('',#2550,10.);
#750=VECTOR('',#2553,10.);
#751=VECTOR('',#2554,10.);
#752=VECTOR('',#2555,10.);
#753=VECTOR('',#2558,10.);
#754=VECTOR('',#2559,10.);
#755=VECTOR('',#2562,10.);
#756=VECTOR('',#2563,10.);
#757=VECTOR('',#2566,10.);
#758=VECTOR('',#2567,10.);
#759=VECTOR('',#2570,10.);
#760=VECTOR('',#2571,10.);
#761=VECTOR('',#2574,10.);
#762=VECTOR('',#2575,10.);
#763=VECTOR('',#2576,10.);
#764=VECTOR('',#2579,10.);
#765=VECTOR('',#2580,10.);
#766=VECTOR('',#2581,10.);
#767=VECTOR('',#2584,10.);
#768=VECTOR('',#2589,10.);
#769=VECTOR('',#2590,10.);
#770=VECTOR('',#2593,10.);
#771=VECTOR('',#2594,10.);
#772=VECTOR('',#2595,10.);
#773=VECTOR('',#2598,10.);
#774=VECTOR('',#2599,10.);
#775=VECTOR('',#2604,10.);
#776=VECTOR('',#2607,10.);
#777=VECTOR('',#2610,10.);
#778=VECTOR('',#2613,10.);
#779=VECTOR('',#2616,10.);
#780=VECTOR('',#2621,10.);
#781=VECTOR('',#2624,10.);
#782=VECTOR('',#2627,10.);
#783=VECTOR('',#2630,10.);
#784=VECTOR('',#2633,10.);
#785=VECTOR('',#2634,10.);
#786=VECTOR('',#2635,10.);
#787=VECTOR('',#2638,10.);
#788=VECTOR('',#2639,10.);
#789=VECTOR('',#2640,10.);
#790=VECTOR('',#2641,10.);
#791=VECTOR('',#2642,10.);
#792=VECTOR('',#2645,10.);
#793=VECTOR('',#2648,10.);
#794=VECTOR('',#2651,10.);
#795=VECTOR('',#2664,10.);
#796=VECTOR('',#2665,10.);
#797=VECTOR('',#2666,10.);
#798=VECTOR('',#2667,10.);
#799=VECTOR('',#2670,10.);
#800=VECTOR('',#2671,10.);
#801=VECTOR('',#2672,10.);
#802=VECTOR('',#2675,10.);
#803=VECTOR('',#2676,10.);
#804=VECTOR('',#2689,10.);
#805=VECTOR('',#2694,10.);
#806=VECTOR('',#2697,10.);
#807=VECTOR('',#2700,10.);
#808=VECTOR('',#2701,10.);
#809=VECTOR('',#2702,10.);
#810=VECTOR('',#2705,10.);
#811=VECTOR('',#2710,10.);
#812=VECTOR('',#2711,10.);
#813=VECTOR('',#2714,10.);
#814=VECTOR('',#2719,10.);
#815=VECTOR('',#2720,10.);
#816=VECTOR('',#2723,10.);
#817=VECTOR('',#2728,10.);
#818=VECTOR('',#2729,10.);
#819=VECTOR('',#2732,10.);
#820=VECTOR('',#2733,10.);
#821=VECTOR('',#2736,10.);
#822=VECTOR('',#2737,10.);
#823=VECTOR('',#2740,10.);
#824=VECTOR('',#2741,10.);
#825=VECTOR('',#2744,10.);
#826=VECTOR('',#2745,10.);
#827=VECTOR('',#2752,10.);
#828=VECTOR('',#2753,10.);
#829=VECTOR('',#2764,10.);
#830=VECTOR('',#2769,10.);
#831=VECTOR('',#2772,10.);
#832=VECTOR('',#2777,10.);
#833=VECTOR('',#2778,10.);
#834=VECTOR('',#2783,10.);
#835=VECTOR('',#2784,10.);
#836=VECTOR('',#2789,10.);
#837=VECTOR('',#2790,10.);
#838=VECTOR('',#2793,10.);
#839=VECTOR('',#2794,10.);
#840=VECTOR('',#2795,10.);
#841=VECTOR('',#2798,10.);
#842=VECTOR('',#2799,10.);
#843=VECTOR('',#2802,10.);
#844=VECTOR('',#2803,10.);
#845=VECTOR('',#2804,10.);
#846=VECTOR('',#2805,10.);
#847=VECTOR('',#2810,10.);
#848=VECTOR('',#2817,10.);
#849=VECTOR('',#2822,10.);
#850=VECTOR('',#2823,10.);
#851=VECTOR('',#2828,10.);
#852=VECTOR('',#2829,10.);
#853=VECTOR('',#2832,10.);
#854=VECTOR('',#2837,10.);
#855=VECTOR('',#2840,10.);
#856=VECTOR('',#2843,10.);
#857=VECTOR('',#2846,10.);
#858=VECTOR('',#2851,10.);
#859=VECTOR('',#2864,10.);
#860=VECTOR('',#2875,10.);
#861=VECTOR('',#2886,10.);
#862=VECTOR('',#2893,10.);
#863=VECTOR('',#2894,10.);
#864=VECTOR('',#2897,10.);
#865=VECTOR('',#2900,10.);
#866=VECTOR('',#2903,10.);
#867=VECTOR('',#2906,10.);
#868=VECTOR('',#2909,10.);
#869=VECTOR('',#2912,10.);
#870=VECTOR('',#2919,1.03703351163354);
#871=VECTOR('',#2924,2.40000000000002);
#872=VECTOR('',#2927,1.40000000000001);
#873=VECTOR('',#2930,1.40000000000001);
#874=VECTOR('',#2933,1.40000000000001);
#875=VECTOR('',#2936,10.);
#876=VECTOR('',#2937,10.);
#877=VECTOR('',#2940,10.);
#878=VECTOR('',#2943,10.);
#879=VERTEX_POINT('',#2948);
#880=VERTEX_POINT('',#2949);
#881=VERTEX_POINT('',#2951);
#882=VERTEX_POINT('',#2953);
#883=VERTEX_POINT('',#2957);
#884=VERTEX_POINT('',#2959);
#885=VERTEX_POINT('',#2963);
#886=VERTEX_POINT('',#2965);
#887=VERTEX_POINT('',#2972);
#888=VERTEX_POINT('',#2973);
#889=VERTEX_POINT('',#2975);
#890=VERTEX_POINT('',#2977);
#891=VERTEX_POINT('',#2981);
#892=VERTEX_POINT('',#2982);
#893=VERTEX_POINT('',#2984);
#894=VERTEX_POINT('',#2986);
#895=VERTEX_POINT('',#2995);
#896=VERTEX_POINT('',#2996);
#897=VERTEX_POINT('',#2998);
#898=VERTEX_POINT('',#3000);
#899=VERTEX_POINT('',#3004);
#900=VERTEX_POINT('',#3006);
#901=VERTEX_POINT('',#3008);
#902=VERTEX_POINT('',#3010);
#903=VERTEX_POINT('',#3014);
#904=VERTEX_POINT('',#3015);
#905=VERTEX_POINT('',#3017);
#906=VERTEX_POINT('',#3019);
#907=VERTEX_POINT('',#3023);
#908=VERTEX_POINT('',#3025);
#909=VERTEX_POINT('',#3029);
#910=VERTEX_POINT('',#3031);
#911=VERTEX_POINT('',#3038);
#912=VERTEX_POINT('',#3040);
#913=VERTEX_POINT('',#3044);
#914=VERTEX_POINT('',#3046);
#915=VERTEX_POINT('',#3050);
#916=VERTEX_POINT('',#3052);
#917=VERTEX_POINT('',#3054);
#918=VERTEX_POINT('',#3056);
#919=VERTEX_POINT('',#3058);
#920=VERTEX_POINT('',#3060);
#921=VERTEX_POINT('',#3063);
#922=VERTEX_POINT('',#3064);
#923=VERTEX_POINT('',#3066);
#924=VERTEX_POINT('',#3068);
#925=VERTEX_POINT('',#3070);
#926=VERTEX_POINT('',#3072);
#927=VERTEX_POINT('',#3074);
#928=VERTEX_POINT('',#3076);
#929=VERTEX_POINT('',#3078);
#930=VERTEX_POINT('',#3080);
#931=VERTEX_POINT('',#3082);
#932=VERTEX_POINT('',#3084);
#933=VERTEX_POINT('',#3086);
#934=VERTEX_POINT('',#3089);
#935=VERTEX_POINT('',#3090);
#936=VERTEX_POINT('',#3092);
#937=VERTEX_POINT('',#3094);
#938=VERTEX_POINT('',#3096);
#939=VERTEX_POINT('',#3098);
#940=VERTEX_POINT('',#3100);
#941=VERTEX_POINT('',#3102);
#942=VERTEX_POINT('',#3104);
#943=VERTEX_POINT('',#3106);
#944=VERTEX_POINT('',#3108);
#945=VERTEX_POINT('',#3110);
#946=VERTEX_POINT('',#3114);
#947=VERTEX_POINT('',#3116);
#948=VERTEX_POINT('',#3120);
#949=VERTEX_POINT('',#3122);
#950=VERTEX_POINT('',#3126);
#951=VERTEX_POINT('',#3130);
#952=VERTEX_POINT('',#3134);
#953=VERTEX_POINT('',#3138);
#954=VERTEX_POINT('',#3142);
#955=VERTEX_POINT('',#3146);
#956=VERTEX_POINT('',#3150);
#957=VERTEX_POINT('',#3154);
#958=VERTEX_POINT('',#3158);
#959=VERTEX_POINT('',#3162);
#960=VERTEX_POINT('',#3166);
#961=VERTEX_POINT('',#3172);
#962=VERTEX_POINT('',#3173);
#963=VERTEX_POINT('',#3175);
#964=VERTEX_POINT('',#3177);
#965=VERTEX_POINT('',#3181);
#966=VERTEX_POINT('',#3183);
#967=VERTEX_POINT('',#3187);
#968=VERTEX_POINT('',#3191);
#969=VERTEX_POINT('',#3192);
#970=VERTEX_POINT('',#3197);
#971=VERTEX_POINT('',#3201);
#972=VERTEX_POINT('',#3205);
#973=VERTEX_POINT('',#3209);
#974=VERTEX_POINT('',#3213);
#975=VERTEX_POINT('',#3215);
#976=VERTEX_POINT('',#3219);
#977=VERTEX_POINT('',#3227);
#978=VERTEX_POINT('',#3231);
#979=VERTEX_POINT('',#3232);
#980=VERTEX_POINT('',#3247);
#981=VERTEX_POINT('',#3248);
#982=VERTEX_POINT('',#3250);
#983=VERTEX_POINT('',#3252);
#984=VERTEX_POINT('',#3256);
#985=VERTEX_POINT('',#3258);
#986=VERTEX_POINT('',#3262);
#987=VERTEX_POINT('',#3264);
#988=VERTEX_POINT('',#3268);
#989=VERTEX_POINT('',#3269);
#990=VERTEX_POINT('',#3285);
#991=VERTEX_POINT('',#3286);
#992=VERTEX_POINT('',#3288);
#993=VERTEX_POINT('',#3290);
#994=VERTEX_POINT('',#3293);
#995=VERTEX_POINT('',#3294);
#996=VERTEX_POINT('',#3296);
#997=VERTEX_POINT('',#3298);
#998=VERTEX_POINT('',#3300);
#999=VERTEX_POINT('',#3302);
#1000=VERTEX_POINT('',#3304);
#1001=VERTEX_POINT('',#3306);
#1002=VERTEX_POINT('',#3309);
#1003=VERTEX_POINT('',#3311);
#1004=VERTEX_POINT('',#3313);
#1005=VERTEX_POINT('',#3315);
#1006=VERTEX_POINT('',#3318);
#1007=VERTEX_POINT('',#3319);
#1008=VERTEX_POINT('',#3321);
#1009=VERTEX_POINT('',#3323);
#1010=VERTEX_POINT('',#3327);
#1011=VERTEX_POINT('',#3329);
#1012=VERTEX_POINT('',#3333);
#1013=VERTEX_POINT('',#3342);
#1014=VERTEX_POINT('',#3350);
#1015=VERTEX_POINT('',#3352);
#1016=VERTEX_POINT('',#3356);
#1017=VERTEX_POINT('',#3360);
#1018=VERTEX_POINT('',#3364);
#1019=VERTEX_POINT('',#3368);
#1020=VERTEX_POINT('',#3372);
#1021=VERTEX_POINT('',#3376);
#1022=VERTEX_POINT('',#3380);
#1023=VERTEX_POINT('',#3384);
#1024=VERTEX_POINT('',#3388);
#1025=VERTEX_POINT('',#3392);
#1026=VERTEX_POINT('',#3398);
#1027=VERTEX_POINT('',#3401);
#1028=VERTEX_POINT('',#3403);
#1029=VERTEX_POINT('',#3405);
#1030=VERTEX_POINT('',#3407);
#1031=VERTEX_POINT('',#3413);
#1032=VERTEX_POINT('',#3414);
#1033=VERTEX_POINT('',#3416);
#1034=VERTEX_POINT('',#3418);
#1035=VERTEX_POINT('',#3422);
#1036=VERTEX_POINT('',#3424);
#1037=VERTEX_POINT('',#3428);
#1038=VERTEX_POINT('',#3430);
#1039=VERTEX_POINT('',#3437);
#1040=VERTEX_POINT('',#3439);
#1041=VERTEX_POINT('',#3443);
#1042=VERTEX_POINT('',#3447);
#1043=VERTEX_POINT('',#3448);
#1044=VERTEX_POINT('',#3450);
#1045=VERTEX_POINT('',#3452);
#1046=VERTEX_POINT('',#3455);
#1047=VERTEX_POINT('',#3458);
#1048=VERTEX_POINT('',#3459);
#1049=VERTEX_POINT('',#3464);
#1050=VERTEX_POINT('',#3468);
#1051=VERTEX_POINT('',#3470);
#1052=VERTEX_POINT('',#3479);
#1053=VERTEX_POINT('',#3480);
#1054=VERTEX_POINT('',#3482);
#1055=VERTEX_POINT('',#3484);
#1056=VERTEX_POINT('',#3486);
#1057=VERTEX_POINT('',#3488);
#1058=VERTEX_POINT('',#3490);
#1059=VERTEX_POINT('',#3492);
#1060=VERTEX_POINT('',#3495);
#1061=VERTEX_POINT('',#3498);
#1062=VERTEX_POINT('',#3530);
#1063=VERTEX_POINT('',#3534);
#1064=VERTEX_POINT('',#3538);
#1065=VERTEX_POINT('',#3542);
#1066=VERTEX_POINT('',#3546);
#1067=VERTEX_POINT('',#3550);
#1068=VERTEX_POINT('',#3554);
#1069=EDGE_CURVE('',#879,#880,#393,.T.);
#1070=EDGE_CURVE('',#881,#879,#394,.T.);
#1071=EDGE_CURVE('',#882,#881,#395,.T.);
#1072=EDGE_CURVE('',#882,#880,#396,.T.);
#1073=EDGE_CURVE('',#880,#883,#397,.T.);
#1074=EDGE_CURVE('',#884,#882,#398,.T.);
#1075=EDGE_CURVE('',#884,#883,#399,.T.);
#1076=EDGE_CURVE('',#883,#885,#400,.T.);
#1077=EDGE_CURVE('',#886,#884,#401,.T.);
#1078=EDGE_CURVE('',#886,#885,#402,.T.);
#1079=EDGE_CURVE('',#885,#879,#403,.T.);
#1080=EDGE_CURVE('',#881,#886,#404,.T.);
#1081=EDGE_CURVE('',#887,#888,#405,.T.);
#1082=EDGE_CURVE('',#887,#889,#406,.T.);
#1083=EDGE_CURVE('',#889,#890,#407,.T.);
#1084=EDGE_CURVE('',#888,#890,#408,.T.);
#1085=EDGE_CURVE('',#891,#892,#409,.T.);
#1086=EDGE_CURVE('',#891,#893,#410,.T.);
#1087=EDGE_CURVE('',#893,#894,#411,.T.);
#1088=EDGE_CURVE('',#892,#894,#412,.T.);
#1089=EDGE_CURVE('',#888,#891,#413,.T.);
#1090=EDGE_CURVE('',#890,#893,#414,.T.);
#1091=EDGE_CURVE('',#894,#889,#415,.T.);
#1092=EDGE_CURVE('',#895,#896,#416,.T.);
#1093=EDGE_CURVE('',#897,#896,#417,.T.);
#1094=EDGE_CURVE('',#898,#897,#418,.T.);
#1095=EDGE_CURVE('',#898,#895,#419,.T.);
#1096=EDGE_CURVE('',#892,#899,#420,.T.);
#1097=EDGE_CURVE('',#900,#899,#421,.T.);
#1098=EDGE_CURVE('',#901,#900,#422,.T.);
#1099=EDGE_CURVE('',#902,#901,#423,.T.);
#1100=EDGE_CURVE('',#902,#887,#424,.T.);
#1101=EDGE_CURVE('',#903,#904,#425,.T.);
#1102=EDGE_CURVE('',#905,#904,#426,.T.);
#1103=EDGE_CURVE('',#906,#905,#427,.T.);
#1104=EDGE_CURVE('',#903,#906,#428,.T.);
#1105=EDGE_CURVE('',#896,#907,#429,.T.);
#1106=EDGE_CURVE('',#908,#907,#430,.T.);
#1107=EDGE_CURVE('',#897,#908,#431,.T.);
#1108=EDGE_CURVE('',#907,#909,#432,.T.);
#1109=EDGE_CURVE('',#910,#909,#433,.T.);
#1110=EDGE_CURVE('',#908,#910,#434,.T.);
#1111=EDGE_CURVE('',#909,#895,#435,.T.);
#1112=EDGE_CURVE('',#910,#898,#436,.T.);
#1113=EDGE_CURVE('',#911,#904,#437,.T.);
#1114=EDGE_CURVE('',#911,#912,#438,.T.);
#1115=EDGE_CURVE('',#905,#912,#439,.T.);
#1116=EDGE_CURVE('',#913,#901,#440,.T.);
#1117=EDGE_CURVE('',#914,#913,#441,.T.);
#1118=EDGE_CURVE('',#902,#914,#442,.T.);
#1119=EDGE_CURVE('',#912,#915,#443,.T.);
#1120=EDGE_CURVE('',#915,#916,#444,.T.);
#1121=EDGE_CURVE('',#916,#917,#445,.T.);
#1122=EDGE_CURVE('',#917,#918,#446,.T.);
#1123=EDGE_CURVE('',#918,#919,#447,.T.);
#1124=EDGE_CURVE('',#919,#920,#448,.T.);
#1125=EDGE_CURVE('',#920,#906,#449,.T.);
#1126=EDGE_CURVE('',#921,#922,#450,.T.);
#1127=EDGE_CURVE('',#922,#923,#451,.T.);
#1128=EDGE_CURVE('',#923,#924,#452,.T.);
#1129=EDGE_CURVE('',#924,#925,#453,.T.);
#1130=EDGE_CURVE('',#925,#926,#454,.T.);
#1131=EDGE_CURVE('',#926,#927,#455,.T.);
#1132=EDGE_CURVE('',#927,#928,#456,.T.);
#1133=EDGE_CURVE('',#928,#929,#457,.T.);
#1134=EDGE_CURVE('',#929,#930,#95,.T.);
#1135=EDGE_CURVE('',#930,#931,#458,.T.);
#1136=EDGE_CURVE('',#931,#932,#459,.T.);
#1137=EDGE_CURVE('',#932,#933,#460,.T.);
#1138=EDGE_CURVE('',#933,#921,#461,.T.);
#1139=EDGE_CURVE('',#934,#935,#96,.T.);
#1140=EDGE_CURVE('',#935,#936,#462,.T.);
#1141=EDGE_CURVE('',#936,#937,#463,.T.);
#1142=EDGE_CURVE('',#937,#938,#464,.T.);
#1143=EDGE_CURVE('',#938,#939,#465,.T.);
#1144=EDGE_CURVE('',#939,#940,#466,.T.);
#1145=EDGE_CURVE('',#940,#941,#97,.T.);
#1146=EDGE_CURVE('',#941,#942,#467,.T.);
#1147=EDGE_CURVE('',#942,#943,#98,.T.);
#1148=EDGE_CURVE('',#943,#944,#468,.T.);
#1149=EDGE_CURVE('',#944,#945,#99,.T.);
#1150=EDGE_CURVE('',#945,#934,#469,.T.);
#1151=EDGE_CURVE('',#946,#899,#470,.T.);
#1152=EDGE_CURVE('',#946,#947,#471,.T.);
#1153=EDGE_CURVE('',#900,#947,#472,.T.);
#1154=EDGE_CURVE('',#921,#948,#473,.T.);
#1155=EDGE_CURVE('',#948,#949,#474,.T.);
#1156=EDGE_CURVE('',#922,#949,#475,.T.);
#1157=EDGE_CURVE('',#933,#950,#476,.T.);
#1158=EDGE_CURVE('',#950,#948,#477,.T.);
#1159=EDGE_CURVE('',#932,#951,#478,.T.);
#1160=EDGE_CURVE('',#951,#950,#479,.T.);
#1161=EDGE_CURVE('',#931,#952,#480,.T.);
#1162=EDGE_CURVE('',#952,#951,#481,.T.);
#1163=EDGE_CURVE('',#930,#953,#482,.T.);
#1164=EDGE_CURVE('',#953,#952,#483,.T.);
#1165=EDGE_CURVE('',#929,#954,#484,.T.);
#1166=EDGE_CURVE('',#954,#953,#100,.T.);
#1167=EDGE_CURVE('',#928,#955,#485,.T.);
#1168=EDGE_CURVE('',#955,#954,#486,.T.);
#1169=EDGE_CURVE('',#927,#956,#487,.T.);
#1170=EDGE_CURVE('',#956,#955,#488,.T.);
#1171=EDGE_CURVE('',#926,#957,#489,.T.);
#1172=EDGE_CURVE('',#957,#956,#490,.T.);
#1173=EDGE_CURVE('',#925,#958,#491,.T.);
#1174=EDGE_CURVE('',#958,#957,#492,.T.);
#1175=EDGE_CURVE('',#924,#959,#493,.T.);
#1176=EDGE_CURVE('',#959,#958,#494,.T.);
#1177=EDGE_CURVE('',#923,#960,#495,.T.);
#1178=EDGE_CURVE('',#960,#959,#496,.T.);
#1179=EDGE_CURVE('',#949,#960,#497,.T.);
#1180=EDGE_CURVE('',#961,#962,#498,.T.);
#1181=EDGE_CURVE('',#963,#961,#499,.T.);
#1182=EDGE_CURVE('',#964,#963,#500,.T.);
#1183=EDGE_CURVE('',#962,#964,#501,.T.);
#1184=EDGE_CURVE('',#965,#963,#502,.T.);
#1185=EDGE_CURVE('',#966,#965,#503,.T.);
#1186=EDGE_CURVE('',#966,#964,#504,.T.);
#1187=EDGE_CURVE('',#967,#961,#505,.T.);
#1188=EDGE_CURVE('',#965,#967,#506,.T.);
#1189=EDGE_CURVE('',#968,#969,#507,.T.);
#1190=EDGE_CURVE('',#918,#969,#508,.T.);
#1191=EDGE_CURVE('',#917,#968,#509,.T.);
#1192=EDGE_CURVE('',#970,#968,#510,.T.);
#1193=EDGE_CURVE('',#916,#970,#511,.T.);
#1194=EDGE_CURVE('',#971,#970,#512,.T.);
#1195=EDGE_CURVE('',#971,#915,#513,.T.);
#1196=EDGE_CURVE('',#947,#972,#514,.T.);
#1197=EDGE_CURVE('',#972,#913,#515,.T.);
#1198=EDGE_CURVE('',#973,#969,#516,.T.);
#1199=EDGE_CURVE('',#973,#919,#517,.T.);
#1200=EDGE_CURVE('',#920,#974,#518,.T.);
#1201=EDGE_CURVE('',#975,#974,#519,.T.);
#1202=EDGE_CURVE('',#975,#920,#520,.T.);
#1203=EDGE_CURVE('',#973,#976,#521,.T.);
#1204=EDGE_CURVE('',#975,#973,#522,.T.);
#1205=EDGE_CURVE('',#974,#976,#523,.F.);
#1206=EDGE_CURVE('',#919,#976,#524,.T.);
#1207=EDGE_CURVE('',#947,#977,#525,.T.);
#1208=EDGE_CURVE('',#946,#977,#526,.T.);
#1209=EDGE_CURVE('',#978,#979,#527,.T.);
#1210=EDGE_CURVE('',#977,#979,#528,.F.);
#1211=EDGE_CURVE('',#978,#946,#529,.T.);
#1212=EDGE_CURVE('',#972,#978,#530,.T.);
#1213=EDGE_CURVE('',#972,#979,#531,.T.);
#1214=EDGE_CURVE('',#903,#975,#532,.T.);
#1215=EDGE_CURVE('',#971,#911,#533,.T.);
#1216=EDGE_CURVE('',#914,#978,#534,.T.);
#1217=EDGE_CURVE('',#980,#981,#535,.T.);
#1218=EDGE_CURVE('',#981,#982,#21,.T.);
#1219=EDGE_CURVE('',#982,#983,#536,.T.);
#1220=EDGE_CURVE('',#983,#980,#22,.T.);
#1221=EDGE_CURVE('',#981,#984,#537,.T.);
#1222=EDGE_CURVE('',#984,#985,#23,.T.);
#1223=EDGE_CURVE('',#985,#982,#538,.T.);
#1224=EDGE_CURVE('',#984,#986,#539,.T.);
#1225=EDGE_CURVE('',#986,#987,#24,.T.);
#1226=EDGE_CURVE('',#987,#985,#540,.T.);
#1227=EDGE_CURVE('',#988,#989,#19,.T.);
#1228=EDGE_CURVE('',#989,#980,#541,.T.);
#1229=EDGE_CURVE('',#983,#987,#542,.T.);
#1230=EDGE_CURVE('',#986,#988,#543,.T.);
#1231=EDGE_CURVE('',#990,#991,#544,.T.);
#1232=EDGE_CURVE('',#991,#992,#545,.T.);
#1233=EDGE_CURVE('',#992,#993,#546,.T.);
#1234=EDGE_CURVE('',#993,#990,#547,.T.);
#1235=EDGE_CURVE('',#994,#995,#548,.T.);
#1236=EDGE_CURVE('',#996,#994,#101,.T.);
#1237=EDGE_CURVE('',#997,#996,#549,.T.);
#1238=EDGE_CURVE('',#998,#997,#102,.T.);
#1239=EDGE_CURVE('',#999,#998,#550,.T.);
#1240=EDGE_CURVE('',#1000,#999,#103,.T.);
#1241=EDGE_CURVE('',#1001,#1000,#551,.T.);
#1242=EDGE_CURVE('',#995,#1001,#104,.T.);
#1243=EDGE_CURVE('',#1002,#1002,#105,.T.);
#1244=EDGE_CURVE('',#1003,#1003,#106,.T.);
#1245=EDGE_CURVE('',#1004,#1004,#107,.T.);
#1246=EDGE_CURVE('',#989,#1005,#108,.T.);
#1247=EDGE_CURVE('',#1005,#988,#109,.T.);
#1248=EDGE_CURVE('',#1006,#1007,#552,.T.);
#1249=EDGE_CURVE('',#1008,#1006,#553,.T.);
#1250=EDGE_CURVE('',#1009,#1008,#554,.T.);
#1251=EDGE_CURVE('',#1007,#1009,#555,.T.);
#1252=EDGE_CURVE('',#983,#1010,#556,.T.);
#1253=EDGE_CURVE('',#1010,#1011,#557,.T.);
#1254=EDGE_CURVE('',#987,#1011,#558,.T.);
#1255=EDGE_CURVE('',#982,#1012,#559,.T.);
#1256=EDGE_CURVE('',#1012,#1010,#560,.T.);
#1257=EDGE_CURVE('',#1007,#965,#25,.T.);
#1258=EDGE_CURVE('',#967,#1006,#26,.T.);
#1259=EDGE_CURVE('',#1009,#966,#27,.T.);
#1260=EDGE_CURVE('',#1013,#966,#561,.T.);
#1261=EDGE_CURVE('',#1008,#1013,#28,.T.);
#1262=EDGE_CURVE('',#967,#1013,#562,.T.);
#1263=EDGE_CURVE('',#1013,#962,#563,.T.);
#1264=EDGE_CURVE('',#945,#1014,#564,.T.);
#1265=EDGE_CURVE('',#1014,#1015,#565,.T.);
#1266=EDGE_CURVE('',#1015,#934,#566,.T.);
#1267=EDGE_CURVE('',#944,#1016,#567,.T.);
#1268=EDGE_CURVE('',#1016,#1014,#110,.T.);
#1269=EDGE_CURVE('',#943,#1017,#568,.T.);
#1270=EDGE_CURVE('',#1017,#1016,#569,.T.);
#1271=EDGE_CURVE('',#942,#1018,#570,.T.);
#1272=EDGE_CURVE('',#1018,#1017,#111,.T.);
#1273=EDGE_CURVE('',#941,#1019,#571,.T.);
#1274=EDGE_CURVE('',#1019,#1018,#572,.T.);
#1275=EDGE_CURVE('',#940,#1020,#573,.T.);
#1276=EDGE_CURVE('',#1020,#1019,#112,.T.);
#1277=EDGE_CURVE('',#939,#1021,#574,.T.);
#1278=EDGE_CURVE('',#1021,#1020,#575,.T.);
#1279=EDGE_CURVE('',#938,#1022,#576,.T.);
#1280=EDGE_CURVE('',#1022,#1021,#577,.T.);
#1281=EDGE_CURVE('',#937,#1023,#578,.T.);
#1282=EDGE_CURVE('',#1023,#1022,#579,.T.);
#1283=EDGE_CURVE('',#936,#1024,#580,.T.);
#1284=EDGE_CURVE('',#1024,#1023,#581,.T.);
#1285=EDGE_CURVE('',#935,#1025,#582,.T.);
#1286=EDGE_CURVE('',#1025,#1024,#583,.T.);
#1287=EDGE_CURVE('',#1015,#1025,#113,.T.);
#1288=EDGE_CURVE('',#1026,#1012,#584,.T.);
#1289=EDGE_CURVE('',#1011,#1026,#585,.T.);
#1290=EDGE_CURVE('',#1027,#1027,#114,.T.);
#1291=EDGE_CURVE('',#1028,#1028,#115,.T.);
#1292=EDGE_CURVE('',#1029,#1029,#116,.T.);
#1293=EDGE_CURVE('',#1030,#1030,#117,.T.);
#1294=EDGE_CURVE('',#985,#1026,#586,.T.);
#1295=EDGE_CURVE('',#1031,#1032,#587,.T.);
#1296=EDGE_CURVE('',#1032,#1033,#29,.T.);
#1297=EDGE_CURVE('',#1033,#1034,#588,.T.);
#1298=EDGE_CURVE('',#1034,#1031,#30,.T.);
#1299=EDGE_CURVE('',#1035,#1033,#589,.T.);
#1300=EDGE_CURVE('',#1032,#1036,#590,.T.);
#1301=EDGE_CURVE('',#1036,#1035,#31,.T.);
#1302=EDGE_CURVE('',#1037,#1035,#591,.T.);
#1303=EDGE_CURVE('',#1036,#1038,#592,.T.);
#1304=EDGE_CURVE('',#1038,#1037,#32,.T.);
#1305=EDGE_CURVE('',#1034,#1037,#593,.T.);
#1306=EDGE_CURVE('',#1038,#1031,#594,.T.);
#1307=EDGE_CURVE('',#1039,#1032,#595,.T.);
#1308=EDGE_CURVE('',#1040,#1039,#596,.T.);
#1309=EDGE_CURVE('',#1040,#1036,#597,.T.);
#1310=EDGE_CURVE('',#1041,#1031,#598,.T.);
#1311=EDGE_CURVE('',#1039,#1041,#599,.T.);
#1312=EDGE_CURVE('',#1042,#1043,#600,.T.);
#1313=EDGE_CURVE('',#1042,#1044,#601,.T.);
#1314=EDGE_CURVE('',#1045,#1044,#602,.T.);
#1315=EDGE_CURVE('',#1043,#1045,#603,.T.);
#1316=EDGE_CURVE('',#1046,#1046,#118,.T.);
#1317=EDGE_CURVE('',#1047,#1048,#604,.T.);
#1318=EDGE_CURVE('',#1048,#1039,#33,.T.);
#1319=EDGE_CURVE('',#1047,#1041,#34,.T.);
#1320=EDGE_CURVE('',#1048,#1049,#605,.T.);
#1321=EDGE_CURVE('',#1049,#1040,#35,.T.);
#1322=EDGE_CURVE('',#1050,#1040,#606,.T.);
#1323=EDGE_CURVE('',#1049,#1051,#607,.T.);
#1324=EDGE_CURVE('',#1051,#1050,#36,.T.);
#1325=EDGE_CURVE('',#1041,#1050,#608,.T.);
#1326=EDGE_CURVE('',#1051,#1047,#609,.T.);
#1327=EDGE_CURVE('',#1050,#1038,#610,.T.);
#1328=EDGE_CURVE('',#1052,#1053,#119,.T.);
#1329=EDGE_CURVE('',#1054,#1052,#611,.T.);
#1330=EDGE_CURVE('',#1055,#1054,#120,.T.);
#1331=EDGE_CURVE('',#1056,#1055,#612,.T.);
#1332=EDGE_CURVE('',#1057,#1056,#121,.T.);
#1333=EDGE_CURVE('',#1058,#1057,#613,.T.);
#1334=EDGE_CURVE('',#1059,#1058,#122,.T.);
#1335=EDGE_CURVE('',#1053,#1059,#614,.T.);
#1336=EDGE_CURVE('',#1060,#1060,#123,.T.);
#1337=EDGE_CURVE('',#1061,#995,#20,.T.);
#1338=EDGE_CURVE('',#1061,#1062,#615,.T.);
#1339=EDGE_CURVE('',#1062,#994,#124,.T.);
#1340=EDGE_CURVE('',#1063,#996,#125,.T.);
#1341=EDGE_CURVE('',#1062,#1063,#126,.T.);
#1342=EDGE_CURVE('',#1064,#997,#127,.T.);
#1343=EDGE_CURVE('',#1063,#1064,#616,.T.);
#1344=EDGE_CURVE('',#1065,#998,#128,.T.);
#1345=EDGE_CURVE('',#1064,#1065,#129,.T.);
#1346=EDGE_CURVE('',#1066,#999,#130,.T.);
#1347=EDGE_CURVE('',#1065,#1066,#617,.T.);
#1348=EDGE_CURVE('',#1067,#1000,#131,.T.);
#1349=EDGE_CURVE('',#1066,#1067,#132,.T.);
#1350=EDGE_CURVE('',#1068,#1001,#133,.T.);
#1351=EDGE_CURVE('',#1067,#1068,#618,.T.);
#1352=EDGE_CURVE('',#1068,#1061,#134,.T.);
#1353=EDGE_CURVE('',#1064,#1052,#619,.T.);
#1354=EDGE_CURVE('',#1065,#1053,#620,.T.);
#1355=EDGE_CURVE('',#1063,#1054,#621,.T.);
#1356=EDGE_CURVE('',#1062,#1055,#622,.T.);
#1357=EDGE_CURVE('',#1061,#1056,#623,.T.);
#1358=EDGE_CURVE('',#1068,#1057,#624,.T.);
#1359=EDGE_CURVE('',#1067,#1058,#625,.T.);
#1360=EDGE_CURVE('',#1066,#1059,#626,.T.);
#1361=EDGE_CURVE('',#1046,#1060,#627,.T.);
#1362=EDGE_CURVE('',#1005,#1030,#628,.T.);
#1363=EDGE_CURVE('',#1002,#1029,#629,.T.);
#1364=EDGE_CURVE('',#1003,#1028,#630,.T.);
#1365=EDGE_CURVE('',#1004,#1027,#631,.T.);
#1366=EDGE_CURVE('',#1042,#990,#632,.T.);
#1367=EDGE_CURVE('',#1044,#993,#633,.T.);
#1368=EDGE_CURVE('',#1045,#992,#634,.T.);
#1369=EDGE_CURVE('',#1043,#991,#635,.T.);
#1370=ORIENTED_EDGE('',*,*,#1069,.F.);
#1371=ORIENTED_EDGE('',*,*,#1070,.F.);
#1372=ORIENTED_EDGE('',*,*,#1071,.F.);
#1373=ORIENTED_EDGE('',*,*,#1072,.T.);
#1374=ORIENTED_EDGE('',*,*,#1073,.F.);
#1375=ORIENTED_EDGE('',*,*,#1072,.F.);
#1376=ORIENTED_EDGE('',*,*,#1074,.F.);
#1377=ORIENTED_EDGE('',*,*,#1075,.T.);
#1378=ORIENTED_EDGE('',*,*,#1076,.F.);
#1379=ORIENTED_EDGE('',*,*,#1075,.F.);
#1380=ORIENTED_EDGE('',*,*,#1077,.F.);
#1381=ORIENTED_EDGE('',*,*,#1078,.T.);
#1382=ORIENTED_EDGE('',*,*,#1079,.F.);
#1383=ORIENTED_EDGE('',*,*,#1078,.F.);
#1384=ORIENTED_EDGE('',*,*,#1080,.F.);
#1385=ORIENTED_EDGE('',*,*,#1070,.T.);
#1386=ORIENTED_EDGE('',*,*,#1081,.F.);
#1387=ORIENTED_EDGE('',*,*,#1082,.T.);
#1388=ORIENTED_EDGE('',*,*,#1083,.T.);
#1389=ORIENTED_EDGE('',*,*,#1084,.F.);
#1390=ORIENTED_EDGE('',*,*,#1085,.F.);
#1391=ORIENTED_EDGE('',*,*,#1086,.T.);
#1392=ORIENTED_EDGE('',*,*,#1087,.T.);
#1393=ORIENTED_EDGE('',*,*,#1088,.F.);
#1394=ORIENTED_EDGE('',*,*,#1089,.F.);
#1395=ORIENTED_EDGE('',*,*,#1084,.T.);
#1396=ORIENTED_EDGE('',*,*,#1090,.T.);
#1397=ORIENTED_EDGE('',*,*,#1086,.F.);
#1398=ORIENTED_EDGE('',*,*,#1090,.F.);
#1399=ORIENTED_EDGE('',*,*,#1083,.F.);
#1400=ORIENTED_EDGE('',*,*,#1091,.F.);
#1401=ORIENTED_EDGE('',*,*,#1087,.F.);
#1402=ORIENTED_EDGE('',*,*,#1092,.T.);
#1403=ORIENTED_EDGE('',*,*,#1093,.F.);
#1404=ORIENTED_EDGE('',*,*,#1094,.F.);
#1405=ORIENTED_EDGE('',*,*,#1095,.T.);
#1406=ORIENTED_EDGE('',*,*,#1081,.T.);
#1407=ORIENTED_EDGE('',*,*,#1089,.T.);
#1408=ORIENTED_EDGE('',*,*,#1085,.T.);
#1409=ORIENTED_EDGE('',*,*,#1096,.T.);
#1410=ORIENTED_EDGE('',*,*,#1097,.F.);
#1411=ORIENTED_EDGE('',*,*,#1098,.F.);
#1412=ORIENTED_EDGE('',*,*,#1099,.F.);
#1413=ORIENTED_EDGE('',*,*,#1100,.T.);
#1414=ORIENTED_EDGE('',*,*,#1101,.T.);
#1415=ORIENTED_EDGE('',*,*,#1102,.F.);
#1416=ORIENTED_EDGE('',*,*,#1103,.F.);
#1417=ORIENTED_EDGE('',*,*,#1104,.F.);
#1418=ORIENTED_EDGE('',*,*,#1105,.T.);
#1419=ORIENTED_EDGE('',*,*,#1106,.F.);
#1420=ORIENTED_EDGE('',*,*,#1107,.F.);
#1421=ORIENTED_EDGE('',*,*,#1093,.T.);
#1422=ORIENTED_EDGE('',*,*,#1108,.T.);
#1423=ORIENTED_EDGE('',*,*,#1109,.F.);
#1424=ORIENTED_EDGE('',*,*,#1110,.F.);
#1425=ORIENTED_EDGE('',*,*,#1106,.T.);
#1426=ORIENTED_EDGE('',*,*,#1111,.T.);
#1427=ORIENTED_EDGE('',*,*,#1095,.F.);
#1428=ORIENTED_EDGE('',*,*,#1112,.F.);
#1429=ORIENTED_EDGE('',*,*,#1109,.T.);
#1430=ORIENTED_EDGE('',*,*,#1102,.T.);
#1431=ORIENTED_EDGE('',*,*,#1113,.F.);
#1432=ORIENTED_EDGE('',*,*,#1114,.T.);
#1433=ORIENTED_EDGE('',*,*,#1115,.F.);
#1434=ORIENTED_EDGE('',*,*,#1099,.T.);
#1435=ORIENTED_EDGE('',*,*,#1116,.F.);
#1436=ORIENTED_EDGE('',*,*,#1117,.F.);
#1437=ORIENTED_EDGE('',*,*,#1118,.F.);
#1438=ORIENTED_EDGE('',*,*,#1103,.T.);
#1439=ORIENTED_EDGE('',*,*,#1115,.T.);
#1440=ORIENTED_EDGE('',*,*,#1119,.T.);
#1441=ORIENTED_EDGE('',*,*,#1120,.T.);
#1442=ORIENTED_EDGE('',*,*,#1121,.T.);
#1443=ORIENTED_EDGE('',*,*,#1122,.T.);
#1444=ORIENTED_EDGE('',*,*,#1123,.T.);
#1445=ORIENTED_EDGE('',*,*,#1124,.T.);
#1446=ORIENTED_EDGE('',*,*,#1125,.T.);
#1447=ORIENTED_EDGE('',*,*,#1126,.T.);
#1448=ORIENTED_EDGE('',*,*,#1127,.T.);
#1449=ORIENTED_EDGE('',*,*,#1128,.T.);
#1450=ORIENTED_EDGE('',*,*,#1129,.T.);
#1451=ORIENTED_EDGE('',*,*,#1130,.T.);
#1452=ORIENTED_EDGE('',*,*,#1131,.T.);
#1453=ORIENTED_EDGE('',*,*,#1132,.T.);
#1454=ORIENTED_EDGE('',*,*,#1133,.T.);
#1455=ORIENTED_EDGE('',*,*,#1134,.T.);
#1456=ORIENTED_EDGE('',*,*,#1135,.T.);
#1457=ORIENTED_EDGE('',*,*,#1136,.T.);
#1458=ORIENTED_EDGE('',*,*,#1137,.T.);
#1459=ORIENTED_EDGE('',*,*,#1138,.T.);
#1460=ORIENTED_EDGE('',*,*,#1139,.T.);
#1461=ORIENTED_EDGE('',*,*,#1140,.T.);
#1462=ORIENTED_EDGE('',*,*,#1141,.T.);
#1463=ORIENTED_EDGE('',*,*,#1142,.T.);
#1464=ORIENTED_EDGE('',*,*,#1143,.T.);
#1465=ORIENTED_EDGE('',*,*,#1144,.T.);
#1466=ORIENTED_EDGE('',*,*,#1145,.T.);
#1467=ORIENTED_EDGE('',*,*,#1146,.T.);
#1468=ORIENTED_EDGE('',*,*,#1147,.T.);
#1469=ORIENTED_EDGE('',*,*,#1148,.T.);
#1470=ORIENTED_EDGE('',*,*,#1149,.T.);
#1471=ORIENTED_EDGE('',*,*,#1150,.T.);
#1472=ORIENTED_EDGE('',*,*,#1097,.T.);
#1473=ORIENTED_EDGE('',*,*,#1151,.F.);
#1474=ORIENTED_EDGE('',*,*,#1152,.T.);
#1475=ORIENTED_EDGE('',*,*,#1153,.F.);
#1476=ORIENTED_EDGE('',*,*,#1126,.F.);
#1477=ORIENTED_EDGE('',*,*,#1154,.T.);
#1478=ORIENTED_EDGE('',*,*,#1155,.T.);
#1479=ORIENTED_EDGE('',*,*,#1156,.F.);
#1480=ORIENTED_EDGE('',*,*,#1138,.F.);
#1481=ORIENTED_EDGE('',*,*,#1157,.T.);
#1482=ORIENTED_EDGE('',*,*,#1158,.T.);
#1483=ORIENTED_EDGE('',*,*,#1154,.F.);
#1484=ORIENTED_EDGE('',*,*,#1137,.F.);
#1485=ORIENTED_EDGE('',*,*,#1159,.T.);
#1486=ORIENTED_EDGE('',*,*,#1160,.T.);
#1487=ORIENTED_EDGE('',*,*,#1157,.F.);
#1488=ORIENTED_EDGE('',*,*,#1136,.F.);
#1489=ORIENTED_EDGE('',*,*,#1161,.T.);
#1490=ORIENTED_EDGE('',*,*,#1162,.T.);
#1491=ORIENTED_EDGE('',*,*,#1159,.F.);
#1492=ORIENTED_EDGE('',*,*,#1135,.F.);
#1493=ORIENTED_EDGE('',*,*,#1163,.T.);
#1494=ORIENTED_EDGE('',*,*,#1164,.T.);
#1495=ORIENTED_EDGE('',*,*,#1161,.F.);
#1496=ORIENTED_EDGE('',*,*,#1134,.F.);
#1497=ORIENTED_EDGE('',*,*,#1165,.T.);
#1498=ORIENTED_EDGE('',*,*,#1166,.T.);
#1499=ORIENTED_EDGE('',*,*,#1163,.F.);
#1500=ORIENTED_EDGE('',*,*,#1133,.F.);
#1501=ORIENTED_EDGE('',*,*,#1167,.T.);
#1502=ORIENTED_EDGE('',*,*,#1168,.T.);
#1503=ORIENTED_EDGE('',*,*,#1165,.F.);
#1504=ORIENTED_EDGE('',*,*,#1132,.F.);
#1505=ORIENTED_EDGE('',*,*,#1169,.T.);
#1506=ORIENTED_EDGE('',*,*,#1170,.T.);
#1507=ORIENTED_EDGE('',*,*,#1167,.F.);
#1508=ORIENTED_EDGE('',*,*,#1131,.F.);
#1509=ORIENTED_EDGE('',*,*,#1171,.T.);
#1510=ORIENTED_EDGE('',*,*,#1172,.T.);
#1511=ORIENTED_EDGE('',*,*,#1169,.F.);
#1512=ORIENTED_EDGE('',*,*,#1130,.F.);
#1513=ORIENTED_EDGE('',*,*,#1173,.T.);
#1514=ORIENTED_EDGE('',*,*,#1174,.T.);
#1515=ORIENTED_EDGE('',*,*,#1171,.F.);
#1516=ORIENTED_EDGE('',*,*,#1129,.F.);
#1517=ORIENTED_EDGE('',*,*,#1175,.T.);
#1518=ORIENTED_EDGE('',*,*,#1176,.T.);
#1519=ORIENTED_EDGE('',*,*,#1173,.F.);
#1520=ORIENTED_EDGE('',*,*,#1128,.F.);
#1521=ORIENTED_EDGE('',*,*,#1177,.T.);
#1522=ORIENTED_EDGE('',*,*,#1178,.T.);
#1523=ORIENTED_EDGE('',*,*,#1175,.F.);
#1524=ORIENTED_EDGE('',*,*,#1127,.F.);
#1525=ORIENTED_EDGE('',*,*,#1156,.T.);
#1526=ORIENTED_EDGE('',*,*,#1179,.T.);
#1527=ORIENTED_EDGE('',*,*,#1177,.F.);
#1528=ORIENTED_EDGE('',*,*,#1179,.F.);
#1529=ORIENTED_EDGE('',*,*,#1155,.F.);
#1530=ORIENTED_EDGE('',*,*,#1158,.F.);
#1531=ORIENTED_EDGE('',*,*,#1160,.F.);
#1532=ORIENTED_EDGE('',*,*,#1162,.F.);
#1533=ORIENTED_EDGE('',*,*,#1164,.F.);
#1534=ORIENTED_EDGE('',*,*,#1166,.F.);
#1535=ORIENTED_EDGE('',*,*,#1168,.F.);
#1536=ORIENTED_EDGE('',*,*,#1170,.F.);
#1537=ORIENTED_EDGE('',*,*,#1172,.F.);
#1538=ORIENTED_EDGE('',*,*,#1174,.F.);
#1539=ORIENTED_EDGE('',*,*,#1176,.F.);
#1540=ORIENTED_EDGE('',*,*,#1178,.F.);
#1541=ORIENTED_EDGE('',*,*,#1180,.F.);
#1542=ORIENTED_EDGE('',*,*,#1181,.F.);
#1543=ORIENTED_EDGE('',*,*,#1182,.F.);
#1544=ORIENTED_EDGE('',*,*,#1183,.F.);
#1545=ORIENTED_EDGE('',*,*,#1182,.T.);
#1546=ORIENTED_EDGE('',*,*,#1184,.F.);
#1547=ORIENTED_EDGE('',*,*,#1185,.F.);
#1548=ORIENTED_EDGE('',*,*,#1186,.T.);
#1549=ORIENTED_EDGE('',*,*,#1181,.T.);
#1550=ORIENTED_EDGE('',*,*,#1187,.F.);
#1551=ORIENTED_EDGE('',*,*,#1188,.F.);
#1552=ORIENTED_EDGE('',*,*,#1184,.T.);
#1553=ORIENTED_EDGE('',*,*,#1189,.T.);
#1554=ORIENTED_EDGE('',*,*,#1190,.F.);
#1555=ORIENTED_EDGE('',*,*,#1122,.F.);
#1556=ORIENTED_EDGE('',*,*,#1191,.T.);
#1557=ORIENTED_EDGE('',*,*,#1192,.T.);
#1558=ORIENTED_EDGE('',*,*,#1191,.F.);
#1559=ORIENTED_EDGE('',*,*,#1121,.F.);
#1560=ORIENTED_EDGE('',*,*,#1193,.T.);
#1561=ORIENTED_EDGE('',*,*,#1194,.T.);
#1562=ORIENTED_EDGE('',*,*,#1193,.F.);
#1563=ORIENTED_EDGE('',*,*,#1120,.F.);
#1564=ORIENTED_EDGE('',*,*,#1195,.F.);
#1565=ORIENTED_EDGE('',*,*,#1098,.T.);
#1566=ORIENTED_EDGE('',*,*,#1153,.T.);
#1567=ORIENTED_EDGE('',*,*,#1196,.T.);
#1568=ORIENTED_EDGE('',*,*,#1197,.T.);
#1569=ORIENTED_EDGE('',*,*,#1116,.T.);
#1570=ORIENTED_EDGE('',*,*,#1190,.T.);
#1571=ORIENTED_EDGE('',*,*,#1198,.F.);
#1572=ORIENTED_EDGE('',*,*,#1199,.T.);
#1573=ORIENTED_EDGE('',*,*,#1123,.F.);
#1574=ORIENTED_EDGE('',*,*,#1200,.T.);
#1575=ORIENTED_EDGE('',*,*,#1201,.F.);
#1576=ORIENTED_EDGE('',*,*,#1202,.T.);
#1577=ORIENTED_EDGE('',*,*,#1203,.F.);
#1578=ORIENTED_EDGE('',*,*,#1204,.F.);
#1579=ORIENTED_EDGE('',*,*,#1201,.T.);
#1580=ORIENTED_EDGE('',*,*,#1205,.T.);
#1581=ORIENTED_EDGE('',*,*,#1203,.T.);
#1582=ORIENTED_EDGE('',*,*,#1206,.F.);
#1583=ORIENTED_EDGE('',*,*,#1199,.F.);
#1584=ORIENTED_EDGE('',*,*,#1200,.F.);
#1585=ORIENTED_EDGE('',*,*,#1124,.F.);
#1586=ORIENTED_EDGE('',*,*,#1206,.T.);
#1587=ORIENTED_EDGE('',*,*,#1205,.F.);
#1588=ORIENTED_EDGE('',*,*,#1207,.F.);
#1589=ORIENTED_EDGE('',*,*,#1152,.F.);
#1590=ORIENTED_EDGE('',*,*,#1208,.T.);
#1591=ORIENTED_EDGE('',*,*,#1209,.T.);
#1592=ORIENTED_EDGE('',*,*,#1210,.F.);
#1593=ORIENTED_EDGE('',*,*,#1208,.F.);
#1594=ORIENTED_EDGE('',*,*,#1211,.F.);
#1595=ORIENTED_EDGE('',*,*,#1209,.F.);
#1596=ORIENTED_EDGE('',*,*,#1212,.F.);
#1597=ORIENTED_EDGE('',*,*,#1213,.T.);
#1598=ORIENTED_EDGE('',*,*,#1207,.T.);
#1599=ORIENTED_EDGE('',*,*,#1210,.T.);
#1600=ORIENTED_EDGE('',*,*,#1213,.F.);
#1601=ORIENTED_EDGE('',*,*,#1196,.F.);
#1602=ORIENTED_EDGE('',*,*,#1104,.T.);
#1603=ORIENTED_EDGE('',*,*,#1125,.F.);
#1604=ORIENTED_EDGE('',*,*,#1202,.F.);
#1605=ORIENTED_EDGE('',*,*,#1214,.F.);
#1606=ORIENTED_EDGE('',*,*,#1195,.T.);
#1607=ORIENTED_EDGE('',*,*,#1119,.F.);
#1608=ORIENTED_EDGE('',*,*,#1114,.F.);
#1609=ORIENTED_EDGE('',*,*,#1215,.F.);
#1610=ORIENTED_EDGE('',*,*,#1212,.T.);
#1611=ORIENTED_EDGE('',*,*,#1216,.F.);
#1612=ORIENTED_EDGE('',*,*,#1117,.T.);
#1613=ORIENTED_EDGE('',*,*,#1197,.F.);
#1614=ORIENTED_EDGE('',*,*,#1217,.T.);
#1615=ORIENTED_EDGE('',*,*,#1218,.T.);
#1616=ORIENTED_EDGE('',*,*,#1219,.T.);
#1617=ORIENTED_EDGE('',*,*,#1220,.T.);
#1618=ORIENTED_EDGE('',*,*,#1221,.T.);
#1619=ORIENTED_EDGE('',*,*,#1222,.T.);
#1620=ORIENTED_EDGE('',*,*,#1223,.T.);
#1621=ORIENTED_EDGE('',*,*,#1218,.F.);
#1622=ORIENTED_EDGE('',*,*,#1224,.T.);
#1623=ORIENTED_EDGE('',*,*,#1225,.T.);
#1624=ORIENTED_EDGE('',*,*,#1226,.T.);
#1625=ORIENTED_EDGE('',*,*,#1222,.F.);
#1626=ORIENTED_EDGE('',*,*,#1227,.T.);
#1627=ORIENTED_EDGE('',*,*,#1228,.T.);
#1628=ORIENTED_EDGE('',*,*,#1220,.F.);
#1629=ORIENTED_EDGE('',*,*,#1229,.T.);
#1630=ORIENTED_EDGE('',*,*,#1225,.F.);
#1631=ORIENTED_EDGE('',*,*,#1230,.T.);
#1632=ORIENTED_EDGE('',*,*,#1231,.T.);
#1633=ORIENTED_EDGE('',*,*,#1232,.T.);
#1634=ORIENTED_EDGE('',*,*,#1233,.T.);
#1635=ORIENTED_EDGE('',*,*,#1234,.T.);
#1636=ORIENTED_EDGE('',*,*,#1235,.F.);
#1637=ORIENTED_EDGE('',*,*,#1236,.F.);
#1638=ORIENTED_EDGE('',*,*,#1237,.F.);
#1639=ORIENTED_EDGE('',*,*,#1238,.F.);
#1640=ORIENTED_EDGE('',*,*,#1239,.F.);
#1641=ORIENTED_EDGE('',*,*,#1240,.F.);
#1642=ORIENTED_EDGE('',*,*,#1241,.F.);
#1643=ORIENTED_EDGE('',*,*,#1242,.F.);
#1644=ORIENTED_EDGE('',*,*,#1243,.T.);
#1645=ORIENTED_EDGE('',*,*,#1244,.T.);
#1646=ORIENTED_EDGE('',*,*,#1245,.T.);
#1647=ORIENTED_EDGE('',*,*,#1230,.F.);
#1648=ORIENTED_EDGE('',*,*,#1224,.F.);
#1649=ORIENTED_EDGE('',*,*,#1221,.F.);
#1650=ORIENTED_EDGE('',*,*,#1217,.F.);
#1651=ORIENTED_EDGE('',*,*,#1228,.F.);
#1652=ORIENTED_EDGE('',*,*,#1246,.T.);
#1653=ORIENTED_EDGE('',*,*,#1247,.T.);
#1654=ORIENTED_EDGE('',*,*,#1248,.F.);
#1655=ORIENTED_EDGE('',*,*,#1249,.F.);
#1656=ORIENTED_EDGE('',*,*,#1250,.F.);
#1657=ORIENTED_EDGE('',*,*,#1251,.F.);
#1658=ORIENTED_EDGE('',*,*,#1112,.T.);
#1659=ORIENTED_EDGE('',*,*,#1094,.T.);
#1660=ORIENTED_EDGE('',*,*,#1107,.T.);
#1661=ORIENTED_EDGE('',*,*,#1110,.T.);
#1662=ORIENTED_EDGE('',*,*,#1071,.T.);
#1663=ORIENTED_EDGE('',*,*,#1080,.T.);
#1664=ORIENTED_EDGE('',*,*,#1077,.T.);
#1665=ORIENTED_EDGE('',*,*,#1074,.T.);
#1666=ORIENTED_EDGE('',*,*,#1229,.F.);
#1667=ORIENTED_EDGE('',*,*,#1252,.T.);
#1668=ORIENTED_EDGE('',*,*,#1253,.T.);
#1669=ORIENTED_EDGE('',*,*,#1254,.F.);
#1670=ORIENTED_EDGE('',*,*,#1219,.F.);
#1671=ORIENTED_EDGE('',*,*,#1255,.T.);
#1672=ORIENTED_EDGE('',*,*,#1256,.T.);
#1673=ORIENTED_EDGE('',*,*,#1252,.F.);
#1674=ORIENTED_EDGE('',*,*,#1248,.T.);
#1675=ORIENTED_EDGE('',*,*,#1257,.T.);
#1676=ORIENTED_EDGE('',*,*,#1188,.T.);
#1677=ORIENTED_EDGE('',*,*,#1258,.T.);
#1678=ORIENTED_EDGE('',*,*,#1251,.T.);
#1679=ORIENTED_EDGE('',*,*,#1259,.T.);
#1680=ORIENTED_EDGE('',*,*,#1185,.T.);
#1681=ORIENTED_EDGE('',*,*,#1257,.F.);
#1682=ORIENTED_EDGE('',*,*,#1260,.T.);
#1683=ORIENTED_EDGE('',*,*,#1259,.F.);
#1684=ORIENTED_EDGE('',*,*,#1250,.T.);
#1685=ORIENTED_EDGE('',*,*,#1261,.T.);
#1686=ORIENTED_EDGE('',*,*,#1249,.T.);
#1687=ORIENTED_EDGE('',*,*,#1258,.F.);
#1688=ORIENTED_EDGE('',*,*,#1262,.T.);
#1689=ORIENTED_EDGE('',*,*,#1261,.F.);
#1690=ORIENTED_EDGE('',*,*,#1180,.T.);
#1691=ORIENTED_EDGE('',*,*,#1263,.F.);
#1692=ORIENTED_EDGE('',*,*,#1262,.F.);
#1693=ORIENTED_EDGE('',*,*,#1187,.T.);
#1694=ORIENTED_EDGE('',*,*,#1264,.T.);
#1695=ORIENTED_EDGE('',*,*,#1265,.T.);
#1696=ORIENTED_EDGE('',*,*,#1266,.T.);
#1697=ORIENTED_EDGE('',*,*,#1150,.F.);
#1698=ORIENTED_EDGE('',*,*,#1267,.T.);
#1699=ORIENTED_EDGE('',*,*,#1268,.T.);
#1700=ORIENTED_EDGE('',*,*,#1264,.F.);
#1701=ORIENTED_EDGE('',*,*,#1149,.F.);
#1702=ORIENTED_EDGE('',*,*,#1269,.T.);
#1703=ORIENTED_EDGE('',*,*,#1270,.T.);
#1704=ORIENTED_EDGE('',*,*,#1267,.F.);
#1705=ORIENTED_EDGE('',*,*,#1148,.F.);
#1706=ORIENTED_EDGE('',*,*,#1271,.T.);
#1707=ORIENTED_EDGE('',*,*,#1272,.T.);
#1708=ORIENTED_EDGE('',*,*,#1269,.F.);
#1709=ORIENTED_EDGE('',*,*,#1147,.F.);
#1710=ORIENTED_EDGE('',*,*,#1273,.T.);
#1711=ORIENTED_EDGE('',*,*,#1274,.T.);
#1712=ORIENTED_EDGE('',*,*,#1271,.F.);
#1713=ORIENTED_EDGE('',*,*,#1146,.F.);
#1714=ORIENTED_EDGE('',*,*,#1275,.T.);
#1715=ORIENTED_EDGE('',*,*,#1276,.T.);
#1716=ORIENTED_EDGE('',*,*,#1273,.F.);
#1717=ORIENTED_EDGE('',*,*,#1145,.F.);
#1718=ORIENTED_EDGE('',*,*,#1277,.T.);
#1719=ORIENTED_EDGE('',*,*,#1278,.T.);
#1720=ORIENTED_EDGE('',*,*,#1275,.F.);
#1721=ORIENTED_EDGE('',*,*,#1144,.F.);
#1722=ORIENTED_EDGE('',*,*,#1279,.T.);
#1723=ORIENTED_EDGE('',*,*,#1280,.T.);
#1724=ORIENTED_EDGE('',*,*,#1277,.F.);
#1725=ORIENTED_EDGE('',*,*,#1143,.F.);
#1726=ORIENTED_EDGE('',*,*,#1281,.T.);
#1727=ORIENTED_EDGE('',*,*,#1282,.T.);
#1728=ORIENTED_EDGE('',*,*,#1279,.F.);
#1729=ORIENTED_EDGE('',*,*,#1142,.F.);
#1730=ORIENTED_EDGE('',*,*,#1283,.T.);
#1731=ORIENTED_EDGE('',*,*,#1284,.T.);
#1732=ORIENTED_EDGE('',*,*,#1281,.F.);
#1733=ORIENTED_EDGE('',*,*,#1141,.F.);
#1734=ORIENTED_EDGE('',*,*,#1285,.T.);
#1735=ORIENTED_EDGE('',*,*,#1286,.T.);
#1736=ORIENTED_EDGE('',*,*,#1283,.F.);
#1737=ORIENTED_EDGE('',*,*,#1140,.F.);
#1738=ORIENTED_EDGE('',*,*,#1266,.F.);
#1739=ORIENTED_EDGE('',*,*,#1287,.T.);
#1740=ORIENTED_EDGE('',*,*,#1285,.F.);
#1741=ORIENTED_EDGE('',*,*,#1139,.F.);
#1742=ORIENTED_EDGE('',*,*,#1287,.F.);
#1743=ORIENTED_EDGE('',*,*,#1265,.F.);
#1744=ORIENTED_EDGE('',*,*,#1268,.F.);
#1745=ORIENTED_EDGE('',*,*,#1270,.F.);
#1746=ORIENTED_EDGE('',*,*,#1272,.F.);
#1747=ORIENTED_EDGE('',*,*,#1274,.F.);
#1748=ORIENTED_EDGE('',*,*,#1276,.F.);
#1749=ORIENTED_EDGE('',*,*,#1278,.F.);
#1750=ORIENTED_EDGE('',*,*,#1280,.F.);
#1751=ORIENTED_EDGE('',*,*,#1282,.F.);
#1752=ORIENTED_EDGE('',*,*,#1284,.F.);
#1753=ORIENTED_EDGE('',*,*,#1286,.F.);
#1754=ORIENTED_EDGE('',*,*,#1256,.F.);
#1755=ORIENTED_EDGE('',*,*,#1288,.F.);
#1756=ORIENTED_EDGE('',*,*,#1289,.F.);
#1757=ORIENTED_EDGE('',*,*,#1253,.F.);
#1758=ORIENTED_EDGE('',*,*,#1290,.F.);
#1759=ORIENTED_EDGE('',*,*,#1291,.F.);
#1760=ORIENTED_EDGE('',*,*,#1292,.F.);
#1761=ORIENTED_EDGE('',*,*,#1293,.F.);
#1762=ORIENTED_EDGE('',*,*,#1226,.F.);
#1763=ORIENTED_EDGE('',*,*,#1254,.T.);
#1764=ORIENTED_EDGE('',*,*,#1289,.T.);
#1765=ORIENTED_EDGE('',*,*,#1294,.F.);
#1766=ORIENTED_EDGE('',*,*,#1223,.F.);
#1767=ORIENTED_EDGE('',*,*,#1294,.T.);
#1768=ORIENTED_EDGE('',*,*,#1288,.T.);
#1769=ORIENTED_EDGE('',*,*,#1255,.F.);
#1770=ORIENTED_EDGE('',*,*,#1295,.T.);
#1771=ORIENTED_EDGE('',*,*,#1296,.T.);
#1772=ORIENTED_EDGE('',*,*,#1297,.T.);
#1773=ORIENTED_EDGE('',*,*,#1298,.T.);
#1774=ORIENTED_EDGE('',*,*,#1299,.T.);
#1775=ORIENTED_EDGE('',*,*,#1296,.F.);
#1776=ORIENTED_EDGE('',*,*,#1300,.T.);
#1777=ORIENTED_EDGE('',*,*,#1301,.T.);
#1778=ORIENTED_EDGE('',*,*,#1302,.T.);
#1779=ORIENTED_EDGE('',*,*,#1301,.F.);
#1780=ORIENTED_EDGE('',*,*,#1303,.T.);
#1781=ORIENTED_EDGE('',*,*,#1304,.T.);
#1782=ORIENTED_EDGE('',*,*,#1305,.T.);
#1783=ORIENTED_EDGE('',*,*,#1304,.F.);
#1784=ORIENTED_EDGE('',*,*,#1306,.T.);
#1785=ORIENTED_EDGE('',*,*,#1298,.F.);
#1786=ORIENTED_EDGE('',*,*,#1300,.F.);
#1787=ORIENTED_EDGE('',*,*,#1307,.F.);
#1788=ORIENTED_EDGE('',*,*,#1308,.F.);
#1789=ORIENTED_EDGE('',*,*,#1309,.T.);
#1790=ORIENTED_EDGE('',*,*,#1295,.F.);
#1791=ORIENTED_EDGE('',*,*,#1310,.F.);
#1792=ORIENTED_EDGE('',*,*,#1311,.F.);
#1793=ORIENTED_EDGE('',*,*,#1307,.T.);
#1794=ORIENTED_EDGE('',*,*,#1312,.F.);
#1795=ORIENTED_EDGE('',*,*,#1313,.T.);
#1796=ORIENTED_EDGE('',*,*,#1314,.F.);
#1797=ORIENTED_EDGE('',*,*,#1315,.F.);
#1798=ORIENTED_EDGE('',*,*,#1069,.T.);
#1799=ORIENTED_EDGE('',*,*,#1073,.T.);
#1800=ORIENTED_EDGE('',*,*,#1076,.T.);
#1801=ORIENTED_EDGE('',*,*,#1079,.T.);
#1802=ORIENTED_EDGE('',*,*,#1100,.F.);
#1803=ORIENTED_EDGE('',*,*,#1118,.T.);
#1804=ORIENTED_EDGE('',*,*,#1216,.T.);
#1805=ORIENTED_EDGE('',*,*,#1211,.T.);
#1806=ORIENTED_EDGE('',*,*,#1151,.T.);
#1807=ORIENTED_EDGE('',*,*,#1096,.F.);
#1808=ORIENTED_EDGE('',*,*,#1088,.T.);
#1809=ORIENTED_EDGE('',*,*,#1091,.T.);
#1810=ORIENTED_EDGE('',*,*,#1082,.F.);
#1811=ORIENTED_EDGE('',*,*,#1092,.F.);
#1812=ORIENTED_EDGE('',*,*,#1111,.F.);
#1813=ORIENTED_EDGE('',*,*,#1108,.F.);
#1814=ORIENTED_EDGE('',*,*,#1105,.F.);
#1815=ORIENTED_EDGE('',*,*,#1316,.F.);
#1816=ORIENTED_EDGE('',*,*,#1299,.F.);
#1817=ORIENTED_EDGE('',*,*,#1302,.F.);
#1818=ORIENTED_EDGE('',*,*,#1305,.F.);
#1819=ORIENTED_EDGE('',*,*,#1297,.F.);
#1820=ORIENTED_EDGE('',*,*,#1101,.F.);
#1821=ORIENTED_EDGE('',*,*,#1214,.T.);
#1822=ORIENTED_EDGE('',*,*,#1204,.T.);
#1823=ORIENTED_EDGE('',*,*,#1198,.T.);
#1824=ORIENTED_EDGE('',*,*,#1189,.F.);
#1825=ORIENTED_EDGE('',*,*,#1192,.F.);
#1826=ORIENTED_EDGE('',*,*,#1194,.F.);
#1827=ORIENTED_EDGE('',*,*,#1215,.T.);
#1828=ORIENTED_EDGE('',*,*,#1113,.T.);
#1829=ORIENTED_EDGE('',*,*,#1317,.T.);
#1830=ORIENTED_EDGE('',*,*,#1318,.T.);
#1831=ORIENTED_EDGE('',*,*,#1311,.T.);
#1832=ORIENTED_EDGE('',*,*,#1319,.F.);
#1833=ORIENTED_EDGE('',*,*,#1308,.T.);
#1834=ORIENTED_EDGE('',*,*,#1318,.F.);
#1835=ORIENTED_EDGE('',*,*,#1320,.T.);
#1836=ORIENTED_EDGE('',*,*,#1321,.T.);
#1837=ORIENTED_EDGE('',*,*,#1322,.T.);
#1838=ORIENTED_EDGE('',*,*,#1321,.F.);
#1839=ORIENTED_EDGE('',*,*,#1323,.T.);
#1840=ORIENTED_EDGE('',*,*,#1324,.T.);
#1841=ORIENTED_EDGE('',*,*,#1325,.T.);
#1842=ORIENTED_EDGE('',*,*,#1324,.F.);
#1843=ORIENTED_EDGE('',*,*,#1326,.T.);
#1844=ORIENTED_EDGE('',*,*,#1319,.T.);
#1845=ORIENTED_EDGE('',*,*,#1306,.F.);
#1846=ORIENTED_EDGE('',*,*,#1327,.F.);
#1847=ORIENTED_EDGE('',*,*,#1325,.F.);
#1848=ORIENTED_EDGE('',*,*,#1310,.T.);
#1849=ORIENTED_EDGE('',*,*,#1328,.F.);
#1850=ORIENTED_EDGE('',*,*,#1329,.F.);
#1851=ORIENTED_EDGE('',*,*,#1330,.F.);
#1852=ORIENTED_EDGE('',*,*,#1331,.F.);
#1853=ORIENTED_EDGE('',*,*,#1332,.F.);
#1854=ORIENTED_EDGE('',*,*,#1333,.F.);
#1855=ORIENTED_EDGE('',*,*,#1334,.F.);
#1856=ORIENTED_EDGE('',*,*,#1335,.F.);
#1857=ORIENTED_EDGE('',*,*,#1336,.F.);
#1858=ORIENTED_EDGE('',*,*,#1317,.F.);
#1859=ORIENTED_EDGE('',*,*,#1326,.F.);
#1860=ORIENTED_EDGE('',*,*,#1323,.F.);
#1861=ORIENTED_EDGE('',*,*,#1320,.F.);
#1862=ORIENTED_EDGE('',*,*,#1337,.F.);
#1863=ORIENTED_EDGE('',*,*,#1338,.T.);
#1864=ORIENTED_EDGE('',*,*,#1339,.T.);
#1865=ORIENTED_EDGE('',*,*,#1235,.T.);
#1866=ORIENTED_EDGE('',*,*,#1340,.T.);
#1867=ORIENTED_EDGE('',*,*,#1236,.T.);
#1868=ORIENTED_EDGE('',*,*,#1339,.F.);
#1869=ORIENTED_EDGE('',*,*,#1341,.T.);
#1870=ORIENTED_EDGE('',*,*,#1342,.T.);
#1871=ORIENTED_EDGE('',*,*,#1237,.T.);
#1872=ORIENTED_EDGE('',*,*,#1340,.F.);
#1873=ORIENTED_EDGE('',*,*,#1343,.T.);
#1874=ORIENTED_EDGE('',*,*,#1344,.T.);
#1875=ORIENTED_EDGE('',*,*,#1238,.T.);
#1876=ORIENTED_EDGE('',*,*,#1342,.F.);
#1877=ORIENTED_EDGE('',*,*,#1345,.T.);
#1878=ORIENTED_EDGE('',*,*,#1346,.T.);
#1879=ORIENTED_EDGE('',*,*,#1239,.T.);
#1880=ORIENTED_EDGE('',*,*,#1344,.F.);
#1881=ORIENTED_EDGE('',*,*,#1347,.T.);
#1882=ORIENTED_EDGE('',*,*,#1348,.T.);
#1883=ORIENTED_EDGE('',*,*,#1240,.T.);
#1884=ORIENTED_EDGE('',*,*,#1346,.F.);
#1885=ORIENTED_EDGE('',*,*,#1349,.T.);
#1886=ORIENTED_EDGE('',*,*,#1350,.T.);
#1887=ORIENTED_EDGE('',*,*,#1241,.T.);
#1888=ORIENTED_EDGE('',*,*,#1348,.F.);
#1889=ORIENTED_EDGE('',*,*,#1351,.T.);
#1890=ORIENTED_EDGE('',*,*,#1337,.T.);
#1891=ORIENTED_EDGE('',*,*,#1242,.T.);
#1892=ORIENTED_EDGE('',*,*,#1350,.F.);
#1893=ORIENTED_EDGE('',*,*,#1352,.T.);
#1894=ORIENTED_EDGE('',*,*,#1345,.F.);
#1895=ORIENTED_EDGE('',*,*,#1353,.T.);
#1896=ORIENTED_EDGE('',*,*,#1328,.T.);
#1897=ORIENTED_EDGE('',*,*,#1354,.F.);
#1898=ORIENTED_EDGE('',*,*,#1343,.F.);
#1899=ORIENTED_EDGE('',*,*,#1355,.T.);
#1900=ORIENTED_EDGE('',*,*,#1329,.T.);
#1901=ORIENTED_EDGE('',*,*,#1353,.F.);
#1902=ORIENTED_EDGE('',*,*,#1341,.F.);
#1903=ORIENTED_EDGE('',*,*,#1356,.T.);
#1904=ORIENTED_EDGE('',*,*,#1330,.T.);
#1905=ORIENTED_EDGE('',*,*,#1355,.F.);
#1906=ORIENTED_EDGE('',*,*,#1338,.F.);
#1907=ORIENTED_EDGE('',*,*,#1357,.T.);
#1908=ORIENTED_EDGE('',*,*,#1331,.T.);
#1909=ORIENTED_EDGE('',*,*,#1356,.F.);
#1910=ORIENTED_EDGE('',*,*,#1352,.F.);
#1911=ORIENTED_EDGE('',*,*,#1358,.T.);
#1912=ORIENTED_EDGE('',*,*,#1332,.T.);
#1913=ORIENTED_EDGE('',*,*,#1357,.F.);
#1914=ORIENTED_EDGE('',*,*,#1351,.F.);
#1915=ORIENTED_EDGE('',*,*,#1359,.T.);
#1916=ORIENTED_EDGE('',*,*,#1333,.T.);
#1917=ORIENTED_EDGE('',*,*,#1358,.F.);
#1918=ORIENTED_EDGE('',*,*,#1349,.F.);
#1919=ORIENTED_EDGE('',*,*,#1360,.T.);
#1920=ORIENTED_EDGE('',*,*,#1334,.T.);
#1921=ORIENTED_EDGE('',*,*,#1359,.F.);
#1922=ORIENTED_EDGE('',*,*,#1347,.F.);
#1923=ORIENTED_EDGE('',*,*,#1354,.T.);
#1924=ORIENTED_EDGE('',*,*,#1335,.T.);
#1925=ORIENTED_EDGE('',*,*,#1360,.F.);
#1926=ORIENTED_EDGE('',*,*,#1303,.F.);
#1927=ORIENTED_EDGE('',*,*,#1309,.F.);
#1928=ORIENTED_EDGE('',*,*,#1322,.F.);
#1929=ORIENTED_EDGE('',*,*,#1327,.T.);
#1930=ORIENTED_EDGE('',*,*,#1316,.T.);
#1931=ORIENTED_EDGE('',*,*,#1361,.T.);
#1932=ORIENTED_EDGE('',*,*,#1336,.T.);
#1933=ORIENTED_EDGE('',*,*,#1361,.F.);
#1934=ORIENTED_EDGE('',*,*,#1183,.T.);
#1935=ORIENTED_EDGE('',*,*,#1186,.F.);
#1936=ORIENTED_EDGE('',*,*,#1260,.F.);
#1937=ORIENTED_EDGE('',*,*,#1263,.T.);
#1938=ORIENTED_EDGE('',*,*,#1227,.F.);
#1939=ORIENTED_EDGE('',*,*,#1247,.F.);
#1940=ORIENTED_EDGE('',*,*,#1362,.T.);
#1941=ORIENTED_EDGE('',*,*,#1293,.T.);
#1942=ORIENTED_EDGE('',*,*,#1362,.F.);
#1943=ORIENTED_EDGE('',*,*,#1246,.F.);
#1944=ORIENTED_EDGE('',*,*,#1243,.F.);
#1945=ORIENTED_EDGE('',*,*,#1363,.T.);
#1946=ORIENTED_EDGE('',*,*,#1292,.T.);
#1947=ORIENTED_EDGE('',*,*,#1363,.F.);
#1948=ORIENTED_EDGE('',*,*,#1244,.F.);
#1949=ORIENTED_EDGE('',*,*,#1364,.T.);
#1950=ORIENTED_EDGE('',*,*,#1291,.T.);
#1951=ORIENTED_EDGE('',*,*,#1364,.F.);
#1952=ORIENTED_EDGE('',*,*,#1245,.F.);
#1953=ORIENTED_EDGE('',*,*,#1365,.T.);
#1954=ORIENTED_EDGE('',*,*,#1290,.T.);
#1955=ORIENTED_EDGE('',*,*,#1365,.F.);
#1956=ORIENTED_EDGE('',*,*,#1313,.F.);
#1957=ORIENTED_EDGE('',*,*,#1366,.T.);
#1958=ORIENTED_EDGE('',*,*,#1234,.F.);
#1959=ORIENTED_EDGE('',*,*,#1367,.F.);
#1960=ORIENTED_EDGE('',*,*,#1314,.T.);
#1961=ORIENTED_EDGE('',*,*,#1367,.T.);
#1962=ORIENTED_EDGE('',*,*,#1233,.F.);
#1963=ORIENTED_EDGE('',*,*,#1368,.F.);
#1964=ORIENTED_EDGE('',*,*,#1315,.T.);
#1965=ORIENTED_EDGE('',*,*,#1368,.T.);
#1966=ORIENTED_EDGE('',*,*,#1232,.F.);
#1967=ORIENTED_EDGE('',*,*,#1369,.F.);
#1968=ORIENTED_EDGE('',*,*,#1312,.T.);
#1969=ORIENTED_EDGE('',*,*,#1369,.T.);
#1970=ORIENTED_EDGE('',*,*,#1231,.F.);
#1971=ORIENTED_EDGE('',*,*,#1366,.F.);
#1972=PLANE('',#2182);
#1973=PLANE('',#2183);
#1974=PLANE('',#2184);
#1975=PLANE('',#2185);
#1976=PLANE('',#2186);
#1977=PLANE('',#2187);
#1978=PLANE('',#2188);
#1979=PLANE('',#2189);
#1980=PLANE('',#2190);
#1981=PLANE('',#2191);
#1982=PLANE('',#2192);
#1983=PLANE('',#2193);
#1984=PLANE('',#2194);
#1985=PLANE('',#2195);
#1986=PLANE('',#2196);
#1987=PLANE('',#2197);
#1988=PLANE('',#2198);
#1989=PLANE('',#2204);
#1990=PLANE('',#2205);
#1991=PLANE('',#2206);
#1992=PLANE('',#2207);
#1993=PLANE('',#2208);
#1994=PLANE('',#2209);
#1995=PLANE('',#2212);
#1996=PLANE('',#2213);
#1997=PLANE('',#2214);
#1998=PLANE('',#2215);
#1999=PLANE('',#2216);
#2000=PLANE('',#2217);
#2001=PLANE('',#2218);
#2002=PLANE('',#2219);
#2003=PLANE('',#2220);
#2004=PLANE('',#2221);
#2005=PLANE('',#2222);
#2006=PLANE('',#2223);
#2007=PLANE('',#2224);
#2008=PLANE('',#2225);
#2009=PLANE('',#2226);
#2010=PLANE('',#2227);
#2011=PLANE('',#2228);
#2012=PLANE('',#2229);
#2013=PLANE('',#2230);
#2014=PLANE('',#2231);
#2015=PLANE('',#2232);
#2016=PLANE('',#2233);
#2017=PLANE('',#2234);
#2018=PLANE('',#2235);
#2019=PLANE('',#2236);
#2020=PLANE('',#2237);
#2021=PLANE('',#2246);
#2022=PLANE('',#2256);
#2023=PLANE('',#2257);
#2024=PLANE('',#2266);
#2025=PLANE('',#2267);
#2026=PLANE('',#2270);
#2027=PLANE('',#2273);
#2028=PLANE('',#2276);
#2029=PLANE('',#2277);
#2030=PLANE('',#2278);
#2031=PLANE('',#2279);
#2032=PLANE('',#2280);
#2033=PLANE('',#2283);
#2034=PLANE('',#2288);
#2035=PLANE('',#2289);
#2036=PLANE('',#2298);
#2037=PLANE('',#2299);
#2038=PLANE('',#2300);
#2039=PLANE('',#2310);
#2040=PLANE('',#2311);
#2041=PLANE('',#2337);
#2042=PLANE('',#2339);
#2043=PLANE('',#2341);
#2044=PLANE('',#2343);
#2045=PLANE('',#2344);
#2046=PLANE('',#2346);
#2047=PLANE('',#2351);
#2048=PLANE('',#2352);
#2049=PLANE('',#2353);
#2050=PLANE('',#2354);
#2051=ADVANCED_FACE('',(#135),#1972,.F.);
#2052=ADVANCED_FACE('',(#136),#1973,.F.);
#2053=ADVANCED_FACE('',(#137),#1974,.F.);
#2054=ADVANCED_FACE('',(#138),#1975,.F.);
#2055=ADVANCED_FACE('',(#139),#1976,.F.);
#2056=ADVANCED_FACE('',(#140),#1977,.F.);
#2057=ADVANCED_FACE('',(#141),#1978,.F.);
#2058=ADVANCED_FACE('',(#142),#1979,.F.);
#2059=ADVANCED_FACE('',(#143),#1980,.F.);
#2060=ADVANCED_FACE('',(#144),#1981,.F.);
#2061=ADVANCED_FACE('',(#145),#1982,.F.);
#2062=ADVANCED_FACE('',(#146),#1983,.F.);
#2063=ADVANCED_FACE('',(#147),#1984,.F.);
#2064=ADVANCED_FACE('',(#148),#1985,.F.);
#2065=ADVANCED_FACE('',(#149),#1986,.T.);
#2066=ADVANCED_FACE('',(#150),#1987,.T.);
#2067=ADVANCED_FACE('',(#151,#71,#72),#1988,.T.);
#2068=ADVANCED_FACE('',(#152),#1989,.T.);
#2069=ADVANCED_FACE('',(#153),#1990,.F.);
#2070=ADVANCED_FACE('',(#154),#1991,.F.);
#2071=ADVANCED_FACE('',(#155),#1992,.F.);
#2072=ADVANCED_FACE('',(#156),#1993,.F.);
#2073=ADVANCED_FACE('',(#157),#1994,.F.);
#2074=ADVANCED_FACE('',(#158),#37,.F.);
#2075=ADVANCED_FACE('',(#159),#1995,.F.);
#2076=ADVANCED_FACE('',(#160),#1996,.F.);
#2077=ADVANCED_FACE('',(#161),#1997,.F.);
#2078=ADVANCED_FACE('',(#162),#1998,.F.);
#2079=ADVANCED_FACE('',(#163),#1999,.F.);
#2080=ADVANCED_FACE('',(#164),#2000,.F.);
#2081=ADVANCED_FACE('',(#165),#2001,.F.);
#2082=ADVANCED_FACE('',(#166,#73),#2002,.T.);
#2083=ADVANCED_FACE('',(#167),#2003,.F.);
#2084=ADVANCED_FACE('',(#168),#2004,.F.);
#2085=ADVANCED_FACE('',(#169),#2005,.F.);
#2086=ADVANCED_FACE('',(#170),#2006,.F.);
#2087=ADVANCED_FACE('',(#171),#2007,.F.);
#2088=ADVANCED_FACE('',(#172),#2008,.T.);
#2089=ADVANCED_FACE('',(#173),#2009,.T.);
#2090=ADVANCED_FACE('',(#174),#2010,.T.);
#2091=ADVANCED_FACE('',(#175),#2011,.T.);
#2092=ADVANCED_FACE('',(#176),#2012,.T.);
#2093=ADVANCED_FACE('',(#177),#2013,.T.);
#2094=ADVANCED_FACE('',(#178),#2014,.F.);
#2095=ADVANCED_FACE('',(#179),#2015,.F.);
#2096=ADVANCED_FACE('',(#180),#2016,.F.);
#2097=ADVANCED_FACE('',(#181),#2017,.F.);
#2098=ADVANCED_FACE('',(#182),#2018,.T.);
#2099=ADVANCED_FACE('',(#183),#2019,.T.);
#2100=ADVANCED_FACE('',(#184),#2020,.T.);
#2101=ADVANCED_FACE('',(#185),#38,.T.);
#2102=ADVANCED_FACE('',(#186),#39,.T.);
#2103=ADVANCED_FACE('',(#187),#40,.T.);
#2104=ADVANCED_FACE('',(#188),#41,.T.);
#2105=ADVANCED_FACE('',(#189,#74,#75,#76,#77,#78,#79,#80,#81),#2021,.T.);
#2106=ADVANCED_FACE('',(#190),#2022,.F.);
#2107=ADVANCED_FACE('',(#191),#2023,.F.);
#2108=ADVANCED_FACE('',(#192),#42,.T.);
#2109=ADVANCED_FACE('',(#193),#43,.T.);
#2110=ADVANCED_FACE('',(#194),#44,.T.);
#2111=ADVANCED_FACE('',(#195),#45,.T.);
#2112=ADVANCED_FACE('',(#196),#2024,.F.);
#2113=ADVANCED_FACE('',(#197),#2025,.F.);
#2114=ADVANCED_FACE('',(#198),#46,.F.);
#2115=ADVANCED_FACE('',(#199),#2026,.F.);
#2116=ADVANCED_FACE('',(#200),#47,.F.);
#2117=ADVANCED_FACE('',(#201),#2027,.F.);
#2118=ADVANCED_FACE('',(#202),#48,.F.);
#2119=ADVANCED_FACE('',(#203),#2028,.F.);
#2120=ADVANCED_FACE('',(#204),#2029,.F.);
#2121=ADVANCED_FACE('',(#205),#2030,.F.);
#2122=ADVANCED_FACE('',(#206),#2031,.F.);
#2123=ADVANCED_FACE('',(#207),#2032,.F.);
#2124=ADVANCED_FACE('',(#208),#49,.F.);
#2125=ADVANCED_FACE('',(#209,#82,#83,#84,#85,#86),#2033,.T.);
#2126=ADVANCED_FACE('',(#210),#2034,.F.);
#2127=ADVANCED_FACE('',(#211),#2035,.F.);
#2128=ADVANCED_FACE('',(#212),#50,.T.);
#2129=ADVANCED_FACE('',(#213),#51,.T.);
#2130=ADVANCED_FACE('',(#214),#52,.T.);
#2131=ADVANCED_FACE('',(#215),#53,.T.);
#2132=ADVANCED_FACE('',(#216),#2036,.F.);
#2133=ADVANCED_FACE('',(#217),#2037,.F.);
#2134=ADVANCED_FACE('',(#218,#87,#88,#89,#90,#91,#92),#2038,.F.);
#2135=ADVANCED_FACE('',(#219),#54,.T.);
#2136=ADVANCED_FACE('',(#220),#55,.T.);
#2137=ADVANCED_FACE('',(#221),#56,.T.);
#2138=ADVANCED_FACE('',(#222),#57,.T.);
#2139=ADVANCED_FACE('',(#223),#2039,.F.);
#2140=ADVANCED_FACE('',(#224,#93,#94),#2040,.T.);
#2141=ADVANCED_FACE('',(#225),#58,.T.);
#2142=ADVANCED_FACE('',(#226),#15,.T.);
#2143=ADVANCED_FACE('',(#227),#59,.T.);
#2144=ADVANCED_FACE('',(#228),#16,.T.);
#2145=ADVANCED_FACE('',(#229),#60,.T.);
#2146=ADVANCED_FACE('',(#230),#17,.T.);
#2147=ADVANCED_FACE('',(#231),#61,.T.);
#2148=ADVANCED_FACE('',(#232),#18,.T.);
#2149=ADVANCED_FACE('',(#233),#62,.F.);
#2150=ADVANCED_FACE('',(#234),#2041,.F.);
#2151=ADVANCED_FACE('',(#235),#63,.F.);
#2152=ADVANCED_FACE('',(#236),#2042,.F.);
#2153=ADVANCED_FACE('',(#237),#64,.F.);
#2154=ADVANCED_FACE('',(#238),#2043,.F.);
#2155=ADVANCED_FACE('',(#239),#65,.F.);
#2156=ADVANCED_FACE('',(#240),#2044,.F.);
#2157=ADVANCED_FACE('',(#241),#2045,.F.);
#2158=ADVANCED_FACE('',(#242),#66,.F.);
#2159=ADVANCED_FACE('',(#243),#2046,.F.);
#2160=ADVANCED_FACE('',(#244),#67,.F.);
#2161=ADVANCED_FACE('',(#245),#68,.F.);
#2162=ADVANCED_FACE('',(#246),#69,.F.);
#2163=ADVANCED_FACE('',(#247),#70,.F.);
#2164=ADVANCED_FACE('',(#248),#2047,.T.);
#2165=ADVANCED_FACE('',(#249),#2048,.T.);
#2166=ADVANCED_FACE('',(#250),#2049,.T.);
#2167=ADVANCED_FACE('',(#251),#2050,.T.);
#2168=CLOSED_SHELL('',(#2051,#2052,#2053,#2054,#2055,#2056,#2057,#2058,
#2059,#2060,#2061,#2062,#2063,#2064,#2065,#2066,#2067,#2068,#2069,#2070,
#2071,#2072,#2073,#2074,#2075,#2076,#2077,#2078,#2079,#2080,#2081,#2082,
#2083,#2084,#2085,#2086,#2087,#2088,#2089,#2090,#2091,#2092,#2093,#2094,
#2095,#2096,#2097,#2098,#2099,#2100,#2101,#2102,#2103,#2104,#2105,#2106,
#2107,#2108,#2109,#2110,#2111,#2112,#2113,#2114,#2115,#2116,#2117,#2118,
#2119,#2120,#2121,#2122,#2123,#2124,#2125,#2126,#2127,#2128,#2129,#2130,
#2131,#2132,#2133,#2134,#2135,#2136,#2137,#2138,#2139,#2140,#2141,#2142,
#2143,#2144,#2145,#2146,#2147,#2148,#2149,#2150,#2151,#2152,#2153,#2154,
#2155,#2156,#2157,#2158,#2159,#2160,#2161,#2162,#2163,#2164,#2165,#2166,
#2167));
#2169=DERIVED_UNIT_ELEMENT(#2171,1.);
#2170=DERIVED_UNIT_ELEMENT(#3600,-3.);
#2171=(
MASS_UNIT()
NAMED_UNIT(*)
SI_UNIT(.KILO.,.GRAM.)
);
#2172=DERIVED_UNIT((#2169,#2170));
#2173=MEASURE_REPRESENTATION_ITEM('density measure',
POSITIVE_RATIO_MEASURE(7850.),#2172);
#2174=PROPERTY_DEFINITION_REPRESENTATION(#2179,#2176);
#2175=PROPERTY_DEFINITION_REPRESENTATION(#2180,#2177);
#2176=REPRESENTATION('material name',(#2178),#3597);
#2177=REPRESENTATION('density',(#2173),#3597);
#2178=DESCRIPTIVE_REPRESENTATION_ITEM('Steel','Steel');
#2179=PROPERTY_DEFINITION('material property','material name',#3607);
#2180=PROPERTY_DEFINITION('material property','density of part',#3607);
#2181=AXIS2_PLACEMENT_3D('',#2946,#2355,#2356);
#2182=AXIS2_PLACEMENT_3D('',#2947,#2357,#2358);
#2183=AXIS2_PLACEMENT_3D('',#2956,#2363,#2364);
#2184=AXIS2_PLACEMENT_3D('',#2962,#2368,#2369);
#2185=AXIS2_PLACEMENT_3D('',#2968,#2373,#2374);
#2186=AXIS2_PLACEMENT_3D('',#2971,#2377,#2378);
#2187=AXIS2_PLACEMENT_3D('',#2980,#2383,#2384);
#2188=AXIS2_PLACEMENT_3D('',#2989,#2389,#2390);
#2189=AXIS2_PLACEMENT_3D('',#2992,#2393,#2394);
#2190=AXIS2_PLACEMENT_3D('',#2994,#2396,#2397);
#2191=AXIS2_PLACEMENT_3D('',#3003,#2402,#2403);
#2192=AXIS2_PLACEMENT_3D('',#3013,#2409,#2410);
#2193=AXIS2_PLACEMENT_3D('',#3022,#2415,#2416);
#2194=AXIS2_PLACEMENT_3D('',#3028,#2420,#2421);
#2195=AXIS2_PLACEMENT_3D('',#3034,#2425,#2426);
#2196=AXIS2_PLACEMENT_3D('',#3037,#2429,#2430);
#2197=AXIS2_PLACEMENT_3D('',#3043,#2434,#2435);
#2198=AXIS2_PLACEMENT_3D('',#3049,#2439,#2440);
#2199=AXIS2_PLACEMENT_3D('',#3081,#2456,#2457);
#2200=AXIS2_PLACEMENT_3D('',#3091,#2462,#2463);
#2201=AXIS2_PLACEMENT_3D('',#3103,#2469,#2470);
#2202=AXIS2_PLACEMENT_3D('',#3107,#2472,#2473);
#2203=AXIS2_PLACEMENT_3D('',#3111,#2475,#2476);
#2204=AXIS2_PLACEMENT_3D('',#3113,#2478,#2479);
#2205=AXIS2_PLACEMENT_3D('',#3119,#2483,#2484);
#2206=AXIS2_PLACEMENT_3D('',#3125,#2488,#2489);
#2207=AXIS2_PLACEMENT_3D('',#3129,#2492,#2493);
#2208=AXIS2_PLACEMENT_3D('',#3133,#2496,#2497);
#2209=AXIS2_PLACEMENT_3D('',#3137,#2500,#2501);
#2210=AXIS2_PLACEMENT_3D('',#3141,#2504,#2505);
#2211=AXIS2_PLACEMENT_3D('',#3144,#2507,#2508);
#2212=AXIS2_PLACEMENT_3D('',#3145,#2509,#2510);
#2213=AXIS2_PLACEMENT_3D('',#3149,#2513,#2514);
#2214=AXIS2_PLACEMENT_3D('',#3153,#2517,#2518);
#2215=AXIS2_PLACEMENT_3D('',#3157,#2521,#2522);
#2216=AXIS2_PLACEMENT_3D('',#3161,#2525,#2526);
#2217=AXIS2_PLACEMENT_3D('',#3165,#2529,#2530);
#2218=AXIS2_PLACEMENT_3D('',#3169,#2533,#2534);
#2219=AXIS2_PLACEMENT_3D('',#3171,#2536,#2537);
#2220=AXIS2_PLACEMENT_3D('',#3180,#2542,#2543);
#2221=AXIS2_PLACEMENT_3D('',#3186,#2547,#2548);
#2222=AXIS2_PLACEMENT_3D('',#3190,#2551,#2552);
#2223=AXIS2_PLACEMENT_3D('',#3196,#2556,#2557);
#2224=AXIS2_PLACEMENT_3D('',#3200,#2560,#2561);
#2225=AXIS2_PLACEMENT_3D('',#3204,#2564,#2565);
#2226=AXIS2_PLACEMENT_3D('',#3208,#2568,#2569);
#2227=AXIS2_PLACEMENT_3D('',#3212,#2572,#2573);
#2228=AXIS2_PLACEMENT_3D('',#3218,#2577,#2578);
#2229=AXIS2_PLACEMENT_3D('',#3223,#2582,#2583);
#2230=AXIS2_PLACEMENT_3D('',#3225,#2585,#2586);
#2231=AXIS2_PLACEMENT_3D('',#3226,#2587,#2588);
#2232=AXIS2_PLACEMENT_3D('',#3230,#2591,#2592);
#2233=AXIS2_PLACEMENT_3D('',#3236,#2596,#2597);
#2234=AXIS2_PLACEMENT_3D('',#3239,#2600,#2601);
#2235=AXIS2_PLACEMENT_3D('',#3240,#2602,#2603);
#2236=AXIS2_PLACEMENT_3D('',#3242,#2605,#2606);
#2237=AXIS2_PLACEMENT_3D('',#3244,#2608,#2609);
#2238=AXIS2_PLACEMENT_3D('',#3246,#2611,#2612);
#2239=AXIS2_PLACEMENT_3D('',#3251,#2614,#2615);
#2240=AXIS2_PLACEMENT_3D('',#3254,#2617,#2618);
#2241=AXIS2_PLACEMENT_3D('',#3255,#2619,#2620);
#2242=AXIS2_PLACEMENT_3D('',#3259,#2622,#2623);
#2243=AXIS2_PLACEMENT_3D('',#3261,#2625,#2626);
#2244=AXIS2_PLACEMENT_3D('',#3265,#2628,#2629);
#2245=AXIS2_PLACEMENT_3D('',#3267,#2631,#2632);
#2246=AXIS2_PLACEMENT_3D('',#3284,#2636,#2637);
#2247=AXIS2_PLACEMENT_3D('',#3297,#2643,#2644);
#2248=AXIS2_PLACEMENT_3D('',#3301,#2646,#2647);
#2249=AXIS2_PLACEMENT_3D('',#3305,#2649,#2650);
#2250=AXIS2_PLACEMENT_3D('',#3308,#2652,#2653);
#2251=AXIS2_PLACEMENT_3D('',#3310,#2654,#2655);
#2252=AXIS2_PLACEMENT_3D('',#3312,#2656,#2657);
#2253=AXIS2_PLACEMENT_3D('',#3314,#2658,#2659);
#2254=AXIS2_PLACEMENT_3D('',#3316,#2660,#2661);
#2255=AXIS2_PLACEMENT_3D('',#3317,#2662,#2663);
#2256=AXIS2_PLACEMENT_3D('',#3326,#2668,#2669);
#2257=AXIS2_PLACEMENT_3D('',#3332,#2673,#2674);
#2258=AXIS2_PLACEMENT_3D('',#3336,#2677,#2678);
#2259=AXIS2_PLACEMENT_3D('',#3337,#2679,#2680);
#2260=AXIS2_PLACEMENT_3D('',#3338,#2681,#2682);
#2261=AXIS2_PLACEMENT_3D('',#3339,#2683,#2684);
#2262=AXIS2_PLACEMENT_3D('',#3340,#2685,#2686);
#2263=AXIS2_PLACEMENT_3D('',#3341,#2687,#2688);
#2264=AXIS2_PLACEMENT_3D('',#3344,#2690,#2691);
#2265=AXIS2_PLACEMENT_3D('',#3345,#2692,#2693);
#2266=AXIS2_PLACEMENT_3D('',#3347,#2695,#2696);
#2267=AXIS2_PLACEMENT_3D('',#3349,#2698,#2699);
#2268=AXIS2_PLACEMENT_3D('',#3355,#2703,#2704);
#2269=AXIS2_PLACEMENT_3D('',#3358,#2706,#2707);
#2270=AXIS2_PLACEMENT_3D('',#3359,#2708,#2709);
#2271=AXIS2_PLACEMENT_3D('',#3363,#2712,#2713);
#2272=AXIS2_PLACEMENT_3D('',#3366,#2715,#2716);
#2273=AXIS2_PLACEMENT_3D('',#3367,#2717,#2718);
#2274=AXIS2_PLACEMENT_3D('',#3371,#2721,#2722);
#2275=AXIS2_PLACEMENT_3D('',#3374,#2724,#2725);
#2276=AXIS2_PLACEMENT_3D('',#3375,#2726,#2727);
#2277=AXIS2_PLACEMENT_3D('',#3379,#2730,#2731);
#2278=AXIS2_PLACEMENT_3D('',#3383,#2734,#2735);
#2279=AXIS2_PLACEMENT_3D('',#3387,#2738,#2739);
#2280=AXIS2_PLACEMENT_3D('',#3391,#2742,#2743);
#2281=AXIS2_PLACEMENT_3D('',#3395,#2746,#2747);
#2282=AXIS2_PLACEMENT_3D('',#3396,#2748,#2749);
#2283=AXIS2_PLACEMENT_3D('',#3397,#2750,#2751);
#2284=AXIS2_PLACEMENT_3D('',#3402,#2754,#2755);
#2285=AXIS2_PLACEMENT_3D('',#3404,#2756,#2757);
#2286=AXIS2_PLACEMENT_3D('',#3406,#2758,#2759);
#2287=AXIS2_PLACEMENT_3D('',#3408,#2760,#2761);
#2288=AXIS2_PLACEMENT_3D('',#3409,#2762,#2763);
#2289=AXIS2_PLACEMENT_3D('',#3411,#2765,#2766);
#2290=AXIS2_PLACEMENT_3D('',#3412,#2767,#2768);
#2291=AXIS2_PLACEMENT_3D('',#3417,#2770,#2771);
#2292=AXIS2_PLACEMENT_3D('',#3420,#2773,#2774);
#2293=AXIS2_PLACEMENT_3D('',#3421,#2775,#2776);
#2294=AXIS2_PLACEMENT_3D('',#3426,#2779,#2780);
#2295=AXIS2_PLACEMENT_3D('',#3427,#2781,#2782);
#2296=AXIS2_PLACEMENT_3D('',#3432,#2785,#2786);
#2297=AXIS2_PLACEMENT_3D('',#3433,#2787,#2788);
#2298=AXIS2_PLACEMENT_3D('',#3436,#2791,#2792);
#2299=AXIS2_PLACEMENT_3D('',#3442,#2796,#2797);
#2300=AXIS2_PLACEMENT_3D('',#3446,#2800,#2801);
#2301=AXIS2_PLACEMENT_3D('',#3456,#2806,#2807);
#2302=AXIS2_PLACEMENT_3D('',#3457,#2808,#2809);
#2303=AXIS2_PLACEMENT_3D('',#3461,#2811,#2812);
#2304=AXIS2_PLACEMENT_3D('',#3462,#2813,#2814);
#2305=AXIS2_PLACEMENT_3D('',#3463,#2815,#2816);
#2306=AXIS2_PLACEMENT_3D('',#3466,#2818,#2819);
#2307=AXIS2_PLACEMENT_3D('',#3467,#2820,#2821);
#2308=AXIS2_PLACEMENT_3D('',#3472,#2824,#2825);
#2309=AXIS2_PLACEMENT_3D('',#3473,#2826,#2827);
#2310=AXIS2_PLACEMENT_3D('',#3476,#2830,#2831);
#2311=AXIS2_PLACEMENT_3D('',#3478,#2833,#2834);
#2312=AXIS2_PLACEMENT_3D('',#3481,#2835,#2836);
#2313=AXIS2_PLACEMENT_3D('',#3485,#2838,#2839);
#2314=AXIS2_PLACEMENT_3D('',#3489,#2841,#2842);
#2315=AXIS2_PLACEMENT_3D('',#3493,#2844,#2845);
#2316=AXIS2_PLACEMENT_3D('',#3496,#2847,#2848);
#2317=AXIS2_PLACEMENT_3D('',#3497,#2849,#2850);
#2318=AXIS2_PLACEMENT_3D('',#3532,#2852,#2853);
#2319=AXIS2_PLACEMENT_3D('',#3533,#2854,#2855);
#2320=AXIS2_PLACEMENT_3D('',#3535,#2856,#2857);
#2321=AXIS2_PLACEMENT_3D('',#3536,#2858,#2859);
#2322=AXIS2_PLACEMENT_3D('',#3537,#2860,#2861);
#2323=AXIS2_PLACEMENT_3D('',#3539,#2862,#2863);
#2324=AXIS2_PLACEMENT_3D('',#3541,#2865,#2866);
#2325=AXIS2_PLACEMENT_3D('',#3543,#2867,#2868);
#2326=AXIS2_PLACEMENT_3D('',#3544,#2869,#2870);
#2327=AXIS2_PLACEMENT_3D('',#3545,#2871,#2872);
#2328=AXIS2_PLACEMENT_3D('',#3547,#2873,#2874);
#2329=AXIS2_PLACEMENT_3D('',#3549,#2876,#2877);
#2330=AXIS2_PLACEMENT_3D('',#3551,#2878,#2879);
#2331=AXIS2_PLACEMENT_3D('',#3552,#2880,#2881);
#2332=AXIS2_PLACEMENT_3D('',#3553,#2882,#2883);
#2333=AXIS2_PLACEMENT_3D('',#3555,#2884,#2885);
#2334=AXIS2_PLACEMENT_3D('',#3557,#2887,#2888);
#2335=AXIS2_PLACEMENT_3D('',#3558,#2889,#2890);
#2336=AXIS2_PLACEMENT_3D('',#3559,#2891,#2892);
#2337=AXIS2_PLACEMENT_3D('',#3562,#2895,#2896);
#2338=AXIS2_PLACEMENT_3D('',#3564,#2898,#2899);
#2339=AXIS2_PLACEMENT_3D('',#3566,#2901,#2902);
#2340=AXIS2_PLACEMENT_3D('',#3568,#2904,#2905);
#2341=AXIS2_PLACEMENT_3D('',#3570,#2907,#2908);
#2342=AXIS2_PLACEMENT_3D('',#3572,#2910,#2911);
#2343=AXIS2_PLACEMENT_3D('',#3574,#2913,#2914);
#2344=AXIS2_PLACEMENT_3D('',#3575,#2915,#2916);
#2345=AXIS2_PLACEMENT_3D('',#3576,#2917,#2918);
#2346=AXIS2_PLACEMENT_3D('',#3578,#2920,#2921);
#2347=AXIS2_PLACEMENT_3D('',#3579,#2922,#2923);
#2348=AXIS2_PLACEMENT_3D('',#3581,#2925,#2926);
#2349=AXIS2_PLACEMENT_3D('',#3583,#2928,#2929);
#2350=AXIS2_PLACEMENT_3D('',#3585,#2931,#2932);
#2351=AXIS2_PLACEMENT_3D('',#3587,#2934,#2935);
#2352=AXIS2_PLACEMENT_3D('',#3590,#2938,#2939);
#2353=AXIS2_PLACEMENT_3D('',#3592,#2941,#2942);
#2354=AXIS2_PLACEMENT_3D('',#3594,#2944,#2945);
#2355=DIRECTION('axis',(0.,0.,1.));
#2356=DIRECTION('refdir',(1.,0.,0.));
#2357=DIRECTION('center_axis',(-1.,0.,0.));
#2358=DIRECTION('ref_axis',(0.,1.,0.));
#2359=DIRECTION('',(0.,-1.,0.));
#2360=DIRECTION('',(0.,0.,-1.));
#2361=DIRECTION('',(0.,1.,0.));
#2362=DIRECTION('',(0.,0.,-1.));
#2363=DIRECTION('center_axis',(0.,-1.,0.));
#2364=DIRECTION('ref_axis',(-1.,0.,0.));
#2365=DIRECTION('',(1.,0.,0.));
#2366=DIRECTION('',(-1.,0.,0.));
#2367=DIRECTION('',(0.,0.,-1.));
#2368=DIRECTION('center_axis',(1.,0.,0.));
#2369=DIRECTION('ref_axis',(0.,-1.,0.));
#2370=DIRECTION('',(0.,1.,0.));
#2371=DIRECTION('',(0.,-1.,0.));
#2372=DIRECTION('',(0.,0.,-1.));
#2373=DIRECTION('center_axis',(-2.42636843387368E-33,1.,0.));
#2374=DIRECTION('ref_axis',(1.,2.42636843387368E-33,0.));
#2375=DIRECTION('',(-1.,-2.42636843387368E-33,0.));
#2376=DIRECTION('',(1.,2.42636843387368E-33,0.));
#2377=DIRECTION('center_axis',(0.,1.,0.));
#2378=DIRECTION('ref_axis',(0.,0.,-1.));
#2379=DIRECTION('',(0.,0.,-1.));
#2380=DIRECTION('',(-1.,0.,0.));
#2381=DIRECTION('',(0.,0.,-1.));
#2382=DIRECTION('',(-1.,0.,0.));
#2383=DIRECTION('center_axis',(0.,-1.,0.));
#2384=DIRECTION('ref_axis',(0.,0.,1.));
#2385=DIRECTION('',(0.,0.,1.));
#2386=DIRECTION('',(-1.,0.,0.));
#2387=DIRECTION('',(0.,0.,1.));
#2388=DIRECTION('',(-1.,0.,0.));
#2389=DIRECTION('center_axis',(0.,0.,-1.));
#2390=DIRECTION('ref_axis',(0.,-1.,0.));
#2391=DIRECTION('',(0.,-1.,0.));
#2392=DIRECTION('',(0.,-1.,0.));
#2393=DIRECTION('center_axis',(-1.,0.,0.));
#2394=DIRECTION('ref_axis',(0.,0.,1.));
#2395=DIRECTION('',(0.,1.,0.));
#2396=DIRECTION('center_axis',(-1.,0.,0.));
#2397=DIRECTION('ref_axis',(0.,1.,0.));
#2398=DIRECTION('',(0.,1.,0.));
#2399=DIRECTION('',(0.,0.,-1.));
#2400=DIRECTION('',(0.,1.,0.));
#2401=DIRECTION('',(0.,0.,-1.));
#2402=DIRECTION('center_axis',(-1.,0.,0.));
#2403=DIRECTION('ref_axis',(0.,1.,0.));
#2404=DIRECTION('',(0.,-1.,0.));
#2405=DIRECTION('',(0.,0.,1.));
#2406=DIRECTION('',(0.,-1.,0.));
#2407=DIRECTION('',(0.,0.,-1.));
#2408=DIRECTION('',(0.,-1.,0.));
#2409=DIRECTION('center_axis',(1.,0.,0.));
#2410=DIRECTION('ref_axis',(0.,1.,0.));
#2411=DIRECTION('',(0.,1.,0.));
#2412=DIRECTION('',(0.,0.,1.));
#2413=DIRECTION('',(0.,1.,0.));
#2414=DIRECTION('',(0.,0.,-1.));
#2415=DIRECTION('center_axis',(0.,1.,0.));
#2416=DIRECTION('ref_axis',(1.,0.,0.));
#2417=DIRECTION('',(1.,0.,0.));
#2418=DIRECTION('',(0.,0.,-1.));
#2419=DIRECTION('',(1.,0.,0.));
#2420=DIRECTION('center_axis',(1.,0.,0.));
#2421=DIRECTION('ref_axis',(0.,-1.,0.));
#2422=DIRECTION('',(0.,-1.,0.));
#2423=DIRECTION('',(0.,0.,-1.));
#2424=DIRECTION('',(0.,-1.,0.));
#2425=DIRECTION('center_axis',(0.,-1.,0.));
#2426=DIRECTION('ref_axis',(-1.,0.,0.));
#2427=DIRECTION('',(-1.,0.,0.));
#2428=DIRECTION('',(-1.,0.,0.));
#2429=DIRECTION('center_axis',(0.,1.,0.));
#2430=DIRECTION('ref_axis',(1.,0.,0.));
#2431=DIRECTION('',(-1.,0.,0.));
#2432=DIRECTION('',(0.,0.,-1.));
#2433=DIRECTION('',(1.,0.,0.));
#2434=DIRECTION('center_axis',(0.,1.,0.));
#2435=DIRECTION('ref_axis',(1.,0.,0.));
#2436=DIRECTION('',(1.,0.,0.));
#2437=DIRECTION('',(0.,0.,-1.));
#2438=DIRECTION('',(-1.,0.,0.));
#2439=DIRECTION('center_axis',(0.,0.,-1.));
#2440=DIRECTION('ref_axis',(1.,0.,0.));
#2441=DIRECTION('',(0.,-1.,0.));
#2442=DIRECTION('',(-1.,0.,0.));
#2443=DIRECTION('',(0.,-1.,0.));
#2444=DIRECTION('',(1.,0.,0.));
#2445=DIRECTION('',(0.,-1.,0.));
#2446=DIRECTION('',(0.,-1.,0.));
#2447=DIRECTION('',(-1.,4.16437743670351E-18,0.));
#2448=DIRECTION('',(1.,0.,0.));
#2449=DIRECTION('',(0.,1.,0.));
#2450=DIRECTION('',(1.,-5.30255772955309E-15,0.));
#2451=DIRECTION('',(0.,1.,0.));
#2452=DIRECTION('',(1.,0.,0.));
#2453=DIRECTION('',(0.,1.,0.));
#2454=DIRECTION('',(-1.,0.,0.));
#2455=DIRECTION('',(0.,1.,0.));
#2456=DIRECTION('center_axis',(0.,0.,1.));
#2457=DIRECTION('ref_axis',(-1.,0.,0.));
#2458=DIRECTION('',(0.00038609462572515,-0.999999925465467,0.));
#2459=DIRECTION('',(-1.,0.,0.));
#2460=DIRECTION('',(0.,-1.,0.));
#2461=DIRECTION('',(0.000108746658915763,-0.999999994087082,0.));
#2462=DIRECTION('center_axis',(0.,0.,1.));
#2463=DIRECTION('ref_axis',(6.090366306515E-14,1.,0.));
#2464=DIRECTION('',(-1.,5.07530525542929E-14,0.));
#2465=DIRECTION('',(-4.73695157173399E-14,-1.,0.));
#2466=DIRECTION('',(-1.,4.736951571734E-14,0.));
#2467=DIRECTION('',(4.73695157173393E-14,1.,0.));
#2468=DIRECTION('',(-1.,4.66928083499496E-14,0.));
#2469=DIRECTION('center_axis',(0.,0.,1.));
#2470=DIRECTION('ref_axis',(-1.,2.03012210217175E-14,0.));
#2471=DIRECTION('',(-4.92862013244E-14,-1.,0.));
#2472=DIRECTION('center_axis',(0.,0.,1.));
#2473=DIRECTION('ref_axis',(-6.09036630651509E-14,-1.,0.));
#2474=DIRECTION('',(1.,-4.85370742033308E-14,0.));
#2475=DIRECTION('center_axis',(0.,0.,1.));
#2476=DIRECTION('ref_axis',(1.,-4.56777472988643E-14,0.));
#2477=DIRECTION('',(4.92862013244E-14,1.,0.));
#2478=DIRECTION('center_axis',(-4.16437743670351E-18,-1.,0.));
#2479=DIRECTION('ref_axis',(-1.,4.16437743670351E-18,0.));
#2480=DIRECTION('',(1.,-4.16437743670351E-18,0.));
#2481=DIRECTION('',(0.,0.,-1.));
#2482=DIRECTION('',(-1.,4.16437743670351E-18,0.));
#2483=DIRECTION('center_axis',(0.,-1.,0.));
#2484=DIRECTION('ref_axis',(1.,0.,0.));
#2485=DIRECTION('',(0.,0.,1.));
#2486=DIRECTION('',(1.,0.,0.));
#2487=DIRECTION('',(0.,0.,1.));
#2488=DIRECTION('center_axis',(-0.999999994087082,-0.000108746658915763,
0.));
#2489=DIRECTION('ref_axis',(0.000108746658915763,-0.999999994087082,0.));
#2490=DIRECTION('',(0.,0.,1.));
#2491=DIRECTION('',(0.000108746658915763,-0.999999994087082,0.));
#2492=DIRECTION('center_axis',(-1.,0.,0.));
#2493=DIRECTION('ref_axis',(0.,-1.,0.));
#2494=DIRECTION('',(0.,0.,1.));
#2495=DIRECTION('',(0.,-1.,0.));
#2496=DIRECTION('center_axis',(0.,1.,0.));
#2497=DIRECTION('ref_axis',(-1.,0.,0.));
#2498=DIRECTION('',(0.,0.,1.));
#2499=DIRECTION('',(-1.,0.,0.));
#2500=DIRECTION('center_axis',(-0.999999925465467,-0.00038609462572515,
0.));
#2501=DIRECTION('ref_axis',(0.00038609462572515,-0.999999925465467,0.));
#2502=DIRECTION('',(0.,0.,1.));
#2503=DIRECTION('',(0.00038609462572515,-0.999999925465467,0.));
#2504=DIRECTION('center_axis',(0.,0.,1.));
#2505=DIRECTION('ref_axis',(-1.,0.,0.));
#2506=DIRECTION('',(0.,0.,1.));
#2507=DIRECTION('center_axis',(0.,0.,1.));
#2508=DIRECTION('ref_axis',(-1.,0.,0.));
#2509=DIRECTION('center_axis',(1.,0.,0.));
#2510=DIRECTION('ref_axis',(0.,1.,0.));
#2511=DIRECTION('',(0.,0.,1.));
#2512=DIRECTION('',(0.,1.,0.));
#2513=DIRECTION('center_axis',(0.,1.,0.));
#2514=DIRECTION('ref_axis',(-1.,0.,0.));
#2515=DIRECTION('',(0.,0.,1.));
#2516=DIRECTION('',(-1.,0.,0.));
#2517=DIRECTION('center_axis',(1.,0.,0.));
#2518=DIRECTION('ref_axis',(0.,1.,0.));
#2519=DIRECTION('',(0.,0.,1.));
#2520=DIRECTION('',(0.,1.,0.));
#2521=DIRECTION('center_axis',(0.,-1.,0.));
#2522=DIRECTION('ref_axis',(1.,0.,0.));
#2523=DIRECTION('',(0.,0.,1.));
#2524=DIRECTION('',(1.,0.,0.));
#2525=DIRECTION('center_axis',(1.,0.,0.));
#2526=DIRECTION('ref_axis',(0.,1.,0.));
#2527=DIRECTION('',(0.,0.,1.));
#2528=DIRECTION('',(0.,1.,0.));
#2529=DIRECTION('center_axis',(-5.30255772955309E-15,-1.,0.));
#2530=DIRECTION('ref_axis',(1.,-5.30255772955309E-15,0.));
#2531=DIRECTION('',(0.,0.,1.));
#2532=DIRECTION('',(1.,-5.30255772955309E-15,0.));
#2533=DIRECTION('center_axis',(1.,0.,0.));
#2534=DIRECTION('ref_axis',(0.,1.,0.));
#2535=DIRECTION('',(0.,1.,0.));
#2536=DIRECTION('center_axis',(0.,0.,-1.));
#2537=DIRECTION('ref_axis',(1.,0.,0.));
#2538=DIRECTION('',(-1.,0.,0.));
#2539=DIRECTION('',(0.,-1.,0.));
#2540=DIRECTION('',(1.,0.,0.));
#2541=DIRECTION('',(0.,1.,0.));
#2542=DIRECTION('center_axis',(0.,1.,0.));
#2543=DIRECTION('ref_axis',(1.,0.,0.));
#2544=DIRECTION('',(0.,0.,-1.));
#2545=DIRECTION('',(1.,0.,0.));
#2546=DIRECTION('',(0.,0.,-1.));
#2547=DIRECTION('center_axis',(1.,0.,0.));
#2548=DIRECTION('ref_axis',(0.,-1.,0.));
#2549=DIRECTION('',(0.,0.,-1.));
#2550=DIRECTION('',(0.,-1.,0.));
#2551=DIRECTION('center_axis',(0.,-1.,0.));
#2552=DIRECTION('ref_axis',(1.,0.,0.));
#2553=DIRECTION('',(1.,0.,0.));
#2554=DIRECTION('',(0.,0.,1.));
#2555=DIRECTION('',(0.,0.,1.));
#2556=DIRECTION('center_axis',(-1.,0.,0.));
#2557=DIRECTION('ref_axis',(0.,-1.,0.));
#2558=DIRECTION('',(0.,-1.,0.));
#2559=DIRECTION('',(0.,0.,1.));
#2560=DIRECTION('center_axis',(0.,1.,0.));
#2561=DIRECTION('ref_axis',(-1.,0.,0.));
#2562=DIRECTION('',(-1.,0.,0.));
#2563=DIRECTION('',(0.,0.,-1.));
#2564=DIRECTION('center_axis',(0.,0.,-1.));
#2565=DIRECTION('ref_axis',(1.,0.,0.));
#2566=DIRECTION('',(7.57314477916205E-18,1.,0.));
#2567=DIRECTION('',(7.57314477916205E-18,1.,0.));
#2568=DIRECTION('center_axis',(1.,0.,0.));
#2569=DIRECTION('ref_axis',(0.,-1.,0.));
#2570=DIRECTION('',(0.,1.,0.));
#2571=DIRECTION('',(0.,0.,-1.));
#2572=DIRECTION('center_axis',(0.707106781186548,0.707106781186548,-1.96261557335472E-16));
#2573=DIRECTION('ref_axis',(-4.20393985132275E-33,-2.77555756156289E-16,
-1.));
#2574=DIRECTION('',(-0.577350269189626,0.577350269189626,0.577350269189626));
#2575=DIRECTION('',(-0.577350269189625,0.577350269189625,-0.577350269189627));
#2576=DIRECTION('',(0.,0.,-1.));
#2577=DIRECTION('center_axis',(0.707106781186548,-1.0710044056506E-17,-0.707106781186547));
#2578=DIRECTION('ref_axis',(-1.51462895583241E-17,-1.,0.));
#2579=DIRECTION('',(-0.577350269189625,-0.577350269189625,-0.577350269189627));
#2580=DIRECTION('',(0.,1.,0.));
#2581=DIRECTION('',(-1.51462895583241E-17,-1.,0.));
#2582=DIRECTION('center_axis',(0.707106781186548,-0.707106781186548,0.));
#2583=DIRECTION('ref_axis',(0.,0.,1.));
#2584=DIRECTION('',(-0.577350269189626,-0.577350269189626,0.577350269189626));
#2585=DIRECTION('center_axis',(0.707106781186547,-1.0710044056506E-17,0.707106781186548));
#2586=DIRECTION('ref_axis',(1.51462895583241E-17,1.,0.));
#2587=DIRECTION('center_axis',(0.707106781186548,-0.707106781186548,1.96261557335472E-16));
#2588=DIRECTION('ref_axis',(0.,-2.77555756156289E-16,-1.));
#2589=DIRECTION('',(0.577350269189626,0.577350269189626,0.577350269189626));
#2590=DIRECTION('',(0.577350269189625,0.577350269189625,-0.577350269189627));
#2591=DIRECTION('center_axis',(0.707106781186548,0.,0.707106781186547));
#2592=DIRECTION('ref_axis',(0.,-1.,0.));
#2593=DIRECTION('',(0.577350269189625,-0.577350269189625,-0.577350269189627));
#2594=DIRECTION('',(0.,-1.,0.));
#2595=DIRECTION('',(-7.57314477916205E-18,-1.,0.));
#2596=DIRECTION('center_axis',(0.707106781186548,0.707106781186548,0.));
#2597=DIRECTION('ref_axis',(0.,0.,1.));
#2598=DIRECTION('',(0.,0.,1.));
#2599=DIRECTION('',(0.577350269189626,-0.577350269189626,0.577350269189626));
#2600=DIRECTION('center_axis',(0.707106781186547,0.,-0.707106781186548));
#2601=DIRECTION('ref_axis',(0.,1.,0.));
#2602=DIRECTION('center_axis',(-4.16437743670351E-18,-1.,0.));
#2603=DIRECTION('ref_axis',(-1.,4.16437743670351E-18,0.));
#2604=DIRECTION('',(1.,-4.16437743670351E-18,0.));
#2605=DIRECTION('center_axis',(1.,0.,0.));
#2606=DIRECTION('ref_axis',(0.,-1.,0.));
#2607=DIRECTION('',(0.,1.,0.));
#2608=DIRECTION('center_axis',(-1.,7.57314477916205E-18,0.));
#2609=DIRECTION('ref_axis',(7.57314477916205E-18,1.,0.));
#2610=DIRECTION('',(-7.57314477916205E-18,-1.,0.));
#2611=DIRECTION('center_axis',(0.,-1.,0.));
#2612=DIRECTION('ref_axis',(-0.707106781186527,0.,0.707106781186568));
#2613=DIRECTION('',(0.,1.,0.));
#2614=DIRECTION('center_axis',(0.707106781186548,-0.707106781186548,0.));
#2615=DIRECTION('ref_axis',(0.707106781186548,0.707106781186548,0.));
#2616=DIRECTION('',(0.,-1.,0.));
#2617=DIRECTION('center_axis',(0.707106781186541,0.707106781186554,0.));
#2618=DIRECTION('ref_axis',(-0.707106781186554,0.707106781186541,0.));
#2619=DIRECTION('center_axis',(1.,0.,0.));
#2620=DIRECTION('ref_axis',(0.,-0.707106781186552,0.707106781186543));
#2621=DIRECTION('',(-1.,0.,0.));
#2622=DIRECTION('center_axis',(0.707106781186548,0.707106781186548,0.));
#2623=DIRECTION('ref_axis',(-0.707106781186547,0.707106781186547,0.));
#2624=DIRECTION('',(1.,0.,0.));
#2625=DIRECTION('center_axis',(0.,1.,0.));
#2626=DIRECTION('ref_axis',(0.707106781186527,0.,0.707106781186568));
#2627=DIRECTION('',(0.,-1.,0.));
#2628=DIRECTION('center_axis',(-0.707106781186541,0.707106781186554,0.));
#2629=DIRECTION('ref_axis',(-0.707106781186554,-0.707106781186541,0.));
#2630=DIRECTION('',(0.,1.,0.));
#2631=DIRECTION('center_axis',(-1.,0.,0.));
#2632=DIRECTION('ref_axis',(0.,0.707106781186546,0.707106781186549));
#2633=DIRECTION('',(1.,0.,0.));
#2634=DIRECTION('',(-1.,0.,0.));
#2635=DIRECTION('',(1.,0.,0.));
#2636=DIRECTION('center_axis',(0.,0.,1.));
#2637=DIRECTION('ref_axis',(1.,0.,0.));
#2638=DIRECTION('',(-1.,0.,0.));
#2639=DIRECTION('',(8.5006563062609E-33,-1.,0.));
#2640=DIRECTION('',(1.,0.,0.));
#2641=DIRECTION('',(0.,1.,0.));
#2642=DIRECTION('',(-0.999983077355614,0.00581764577772128,0.));
#2643=DIRECTION('center_axis',(0.,0.,1.));
#2644=DIRECTION('ref_axis',(0.709160646742946,0.705046932559193,0.));
#2645=DIRECTION('',(0.,1.,0.));
#2646=DIRECTION('center_axis',(0.,0.,1.));
#2647=DIRECTION('ref_axis',(0.707106781186556,-0.707106781186539,0.));
#2648=DIRECTION('',(1.,0.,0.));
#2649=DIRECTION('center_axis',(0.,0.,1.));
#2650=DIRECTION('ref_axis',(-0.707106781186547,-0.707106781186547,0.));
#2651=DIRECTION('',(0.,-1.,0.));
#2652=DIRECTION('center_axis',(0.,0.,1.));
#2653=DIRECTION('ref_axis',(-0.707106781186548,0.707106781186548,0.));
#2654=DIRECTION('center_axis',(0.,0.,-1.));
#2655=DIRECTION('ref_axis',(-1.,0.,0.));
#2656=DIRECTION('center_axis',(0.,0.,-1.));
#2657=DIRECTION('ref_axis',(-1.,0.,0.));
#2658=DIRECTION('center_axis',(0.,0.,-1.));
#2659=DIRECTION('ref_axis',(-1.,0.,0.));
#2660=DIRECTION('center_axis',(0.,0.,-1.));
#2661=DIRECTION('ref_axis',(-1.,0.,0.));
#2662=DIRECTION('center_axis',(0.,0.,-1.));
#2663=DIRECTION('ref_axis',(-1.,0.,0.));
#2664=DIRECTION('',(0.,1.,0.));
#2665=DIRECTION('',(1.,0.,0.));
#2666=DIRECTION('',(0.,-1.,0.));
#2667=DIRECTION('',(-1.,0.,0.));
#2668=DIRECTION('center_axis',(0.,-1.,0.));
#2669=DIRECTION('ref_axis',(-1.,0.,0.));
#2670=DIRECTION('',(0.,0.,-1.));
#2671=DIRECTION('',(-1.,0.,0.));
#2672=DIRECTION('',(0.,0.,-1.));
#2673=DIRECTION('center_axis',(1.,0.,0.));
#2674=DIRECTION('ref_axis',(0.,-1.,0.));
#2675=DIRECTION('',(0.,0.,-1.));
#2676=DIRECTION('',(0.,-1.,0.));
#2677=DIRECTION('center_axis',(0.,-1.,0.));
#2678=DIRECTION('ref_axis',(-0.707106781186577,0.,0.707106781186518));
#2679=DIRECTION('center_axis',(0.707106781186548,-0.707106781186548,0.));
#2680=DIRECTION('ref_axis',(0.707106781186547,0.707106781186547,0.));
#2681=DIRECTION('center_axis',(0.707106781186548,0.707106781186548,0.));
#2682=DIRECTION('ref_axis',(-0.707106781186547,0.707106781186547,0.));
#2683=DIRECTION('center_axis',(1.,0.,0.));
#2684=DIRECTION('ref_axis',(0.,-0.707106781186552,0.707106781186543));
#2685=DIRECTION('center_axis',(0.707106781186548,0.707106781186548,0.));
#2686=DIRECTION('ref_axis',(-0.707106781186547,0.707106781186547,0.));
#2687=DIRECTION('center_axis',(0.,1.,0.));
#2688=DIRECTION('ref_axis',(0.707106781186527,0.,0.707106781186568));
#2689=DIRECTION('',(0.,1.,0.));
#2690=DIRECTION('center_axis',(-0.707106781186548,0.707106781186548,0.));
#2691=DIRECTION('ref_axis',(-0.707106781186548,-0.707106781186548,0.));
#2692=DIRECTION('center_axis',(-1.,0.,0.));
#2693=DIRECTION('ref_axis',(0.,0.707106781186552,0.707106781186543));
#2694=DIRECTION('',(-1.,0.,0.));
#2695=DIRECTION('center_axis',(0.,-1.,0.));
#2696=DIRECTION('ref_axis',(-1.,0.,0.));
#2697=DIRECTION('',(0.,0.,-1.));
#2698=DIRECTION('center_axis',(1.,-4.92862013244E-14,0.));
#2699=DIRECTION('ref_axis',(4.92862013244E-14,1.,0.));
#2700=DIRECTION('',(0.,0.,1.));
#2701=DIRECTION('',(4.92862013244E-14,1.,0.));
#2702=DIRECTION('',(0.,0.,-1.));
#2703=DIRECTION('center_axis',(0.,0.,1.));
#2704=DIRECTION('ref_axis',(1.,-4.94842262404364E-14,0.));
#2705=DIRECTION('',(0.,0.,1.));
#2706=DIRECTION('center_axis',(0.,0.,1.));
#2707=DIRECTION('ref_axis',(1.,-4.94842262404364E-14,0.));
#2708=DIRECTION('center_axis',(-4.85370742033308E-14,-1.,0.));
#2709=DIRECTION('ref_axis',(1.,-4.85370742033308E-14,0.));
#2710=DIRECTION('',(0.,0.,1.));
#2711=DIRECTION('',(1.,-4.85370742033308E-14,0.));
#2712=DIRECTION('center_axis',(0.,0.,1.));
#2713=DIRECTION('ref_axis',(-4.06024420434342E-14,-1.,0.));
#2714=DIRECTION('',(0.,0.,1.));
#2715=DIRECTION('center_axis',(0.,0.,1.));
#2716=DIRECTION('ref_axis',(-4.06024420434342E-14,-1.,0.));
#2717=DIRECTION('center_axis',(-1.,4.92862013244E-14,0.));
#2718=DIRECTION('ref_axis',(-4.92862013244E-14,-1.,0.));
#2719=DIRECTION('',(0.,0.,1.));
#2720=DIRECTION('',(-4.92862013244E-14,-1.,0.));
#2721=DIRECTION('center_axis',(0.,0.,1.));
#2722=DIRECTION('ref_axis',(-1.,3.04518315325762E-14,0.));
#2723=DIRECTION('',(0.,0.,1.));
#2724=DIRECTION('center_axis',(0.,0.,1.));
#2725=DIRECTION('ref_axis',(-1.,3.04518315325762E-14,0.));
#2726=DIRECTION('center_axis',(4.66928083499496E-14,1.,0.));
#2727=DIRECTION('ref_axis',(-1.,4.66928083499496E-14,0.));
#2728=DIRECTION('',(0.,0.,1.));
#2729=DIRECTION('',(-1.,4.66928083499496E-14,0.));
#2730=DIRECTION('center_axis',(1.,-4.73695157173393E-14,0.));
#2731=DIRECTION('ref_axis',(4.73695157173393E-14,1.,0.));
#2732=DIRECTION('',(0.,0.,1.));
#2733=DIRECTION('',(4.73695157173393E-14,1.,0.));
#2734=DIRECTION('center_axis',(4.736951571734E-14,1.,0.));
#2735=DIRECTION('ref_axis',(-1.,4.736951571734E-14,0.));
#2736=DIRECTION('',(0.,0.,1.));
#2737=DIRECTION('',(-1.,4.736951571734E-14,0.));
#2738=DIRECTION('center_axis',(-1.,4.73695157173399E-14,0.));
#2739=DIRECTION('ref_axis',(-4.73695157173399E-14,-1.,0.));
#2740=DIRECTION('',(0.,0.,1.));
#2741=DIRECTION('',(-4.73695157173399E-14,-1.,0.));
#2742=DIRECTION('center_axis',(5.07530525542929E-14,1.,0.));
#2743=DIRECTION('ref_axis',(-1.,5.07530525542929E-14,0.));
#2744=DIRECTION('',(0.,0.,1.));
#2745=DIRECTION('',(-1.,5.07530525542929E-14,0.));
#2746=DIRECTION('center_axis',(0.,0.,1.));
#2747=DIRECTION('ref_axis',(4.06024420434341E-14,1.,0.));
#2748=DIRECTION('center_axis',(0.,0.,1.));
#2749=DIRECTION('ref_axis',(4.06024420434341E-14,1.,0.));
#2750=DIRECTION('center_axis',(0.,0.,-1.));
#2751=DIRECTION('ref_axis',(1.,0.,0.));
#2752=DIRECTION('',(1.,0.,0.));
#2753=DIRECTION('',(0.,1.,0.));
#2754=DIRECTION('center_axis',(0.,0.,-1.));
#2755=DIRECTION('ref_axis',(-1.,0.,0.));
#2756=DIRECTION('center_axis',(0.,0.,-1.));
#2757=DIRECTION('ref_axis',(-1.,0.,0.));
#2758=DIRECTION('center_axis',(0.,0.,-1.));
#2759=DIRECTION('ref_axis',(-1.,0.,0.));
#2760=DIRECTION('center_axis',(0.,0.,-1.));
#2761=DIRECTION('ref_axis',(-1.,0.,0.));
#2762=DIRECTION('center_axis',(-1.,0.,0.));
#2763=DIRECTION('ref_axis',(0.,1.,0.));
#2764=DIRECTION('',(0.,0.,-1.));
#2765=DIRECTION('center_axis',(0.,1.,0.));
#2766=DIRECTION('ref_axis',(1.,0.,0.));
#2767=DIRECTION('center_axis',(0.,1.,0.));
#2768=DIRECTION('ref_axis',(-0.707106781186578,0.,-0.707106781186517));
#2769=DIRECTION('',(0.,1.,0.));
#2770=DIRECTION('center_axis',(0.707106781186548,-0.707106781186548,0.));
#2771=DIRECTION('ref_axis',(-0.707106781186547,-0.707106781186547,0.));
#2772=DIRECTION('',(0.,-1.,0.));
#2773=DIRECTION('center_axis',(0.707106781186548,0.707106781186548,0.));
#2774=DIRECTION('ref_axis',(0.707106781186547,-0.707106781186547,0.));
#2775=DIRECTION('center_axis',(-1.,0.,0.));
#2776=DIRECTION('ref_axis',(0.,-0.707106781186553,-0.707106781186542));
#2777=DIRECTION('',(1.,0.,0.));
#2778=DIRECTION('',(-1.,0.,0.));
#2779=DIRECTION('center_axis',(0.707106781186548,0.707106781186548,0.));
#2780=DIRECTION('ref_axis',(0.707106781186547,-0.707106781186547,0.));
#2781=DIRECTION('center_axis',(0.,-1.,0.));
#2782=DIRECTION('ref_axis',(0.707106781186578,0.,-0.707106781186517));
#2783=DIRECTION('',(0.,1.,0.));
#2784=DIRECTION('',(0.,-1.,0.));
#2785=DIRECTION('center_axis',(-0.707106781186548,0.707106781186548,0.));
#2786=DIRECTION('ref_axis',(0.707106781186547,0.707106781186547,0.));
#2787=DIRECTION('center_axis',(1.,0.,0.));
#2788=DIRECTION('ref_axis',(0.,0.707106781186553,-0.707106781186542));
#2789=DIRECTION('',(-1.,0.,0.));
#2790=DIRECTION('',(1.,0.,0.));
#2791=DIRECTION('center_axis',(0.,1.,0.));
#2792=DIRECTION('ref_axis',(1.,0.,0.));
#2793=DIRECTION('',(0.,0.,-1.));
#2794=DIRECTION('',(1.,0.,0.));
#2795=DIRECTION('',(0.,0.,-1.));
#2796=DIRECTION('center_axis',(1.,0.,0.));
#2797=DIRECTION('ref_axis',(0.,-1.,0.));
#2798=DIRECTION('',(0.,0.,-1.));
#2799=DIRECTION('',(0.,-1.,0.));
#2800=DIRECTION('center_axis',(0.,0.,1.));
#2801=DIRECTION('ref_axis',(1.,0.,0.));
#2802=DIRECTION('',(-1.,0.,0.));
#2803=DIRECTION('',(0.,-1.,0.));
#2804=DIRECTION('',(1.,0.,0.));
#2805=DIRECTION('',(8.5006563062609E-33,-1.,0.));
#2806=DIRECTION('center_axis',(0.,0.,-1.));
#2807=DIRECTION('ref_axis',(1.,0.,0.));
#2808=DIRECTION('center_axis',(0.,1.,0.));
#2809=DIRECTION('ref_axis',(-0.707106781186578,0.,0.707106781186517));
#2810=DIRECTION('',(0.,1.,0.));
#2811=DIRECTION('center_axis',(0.707106781186548,-0.707106781186548,0.));
#2812=DIRECTION('ref_axis',(-0.707106781186548,-0.707106781186548,0.));
#2813=DIRECTION('center_axis',(-0.707106781186548,-0.707106781186548,0.));
#2814=DIRECTION('ref_axis',(-0.707106781186548,0.707106781186548,0.));
#2815=DIRECTION('center_axis',(-1.,0.,0.));
#2816=DIRECTION('ref_axis',(0.,-0.707106781186553,0.707106781186543));
#2817=DIRECTION('',(-1.,0.,0.));
#2818=DIRECTION('center_axis',(0.707106781186548,0.707106781186548,0.));
#2819=DIRECTION('ref_axis',(0.707106781186548,-0.707106781186548,0.));
#2820=DIRECTION('center_axis',(0.,-1.,0.));
#2821=DIRECTION('ref_axis',(0.707106781186578,0.,0.707106781186517));
#2822=DIRECTION('',(0.,1.,0.));
#2823=DIRECTION('',(0.,-1.,0.));
#2824=DIRECTION('center_axis',(-0.707106781186548,0.707106781186548,0.));
#2825=DIRECTION('ref_axis',(0.707106781186548,0.707106781186548,0.));
#2826=DIRECTION('center_axis',(1.,0.,0.));
#2827=DIRECTION('ref_axis',(0.,0.707106781186553,0.707106781186543));
#2828=DIRECTION('',(-1.,0.,0.));
#2829=DIRECTION('',(1.,0.,0.));
#2830=DIRECTION('center_axis',(0.,-1.,0.));
#2831=DIRECTION('ref_axis',(-1.,0.,0.));
#2832=DIRECTION('',(0.,0.,-1.));
#2833=DIRECTION('center_axis',(0.,0.,1.));
#2834=DIRECTION('ref_axis',(-1.,0.,0.));
#2835=DIRECTION('center_axis',(0.,0.,-1.));
#2836=DIRECTION('ref_axis',(1.1460366705808E-14,-1.,0.));
#2837=DIRECTION('',(0.,-1.,0.));
#2838=DIRECTION('center_axis',(0.,0.,-1.));
#2839=DIRECTION('ref_axis',(1.,5.73018335290399E-15,0.));
#2840=DIRECTION('',(0.999983077355614,-0.00581764577772128,0.));
#2841=DIRECTION('center_axis',(0.,0.,-1.));
#2842=DIRECTION('ref_axis',(1.09314267040017E-14,1.,0.));
#2843=DIRECTION('',(0.,1.,0.));
#2844=DIRECTION('center_axis',(0.,0.,-1.));
#2845=DIRECTION('ref_axis',(-1.,0.,0.));
#2846=DIRECTION('',(-1.,0.,0.));
#2847=DIRECTION('center_axis',(0.,0.,1.));
#2848=DIRECTION('ref_axis',(1.,0.,0.));
#2849=DIRECTION('center_axis',(0.999983077355615,-0.00581764577772128,0.));
#2850=DIRECTION('ref_axis',(-0.00411369677998072,-0.707094815069945,0.70710678118655));
#2851=DIRECTION('',(0.999983077355614,-0.00581764577772128,0.));
#2852=DIRECTION('center_axis',(-0.999983077355614,0.00581764577773928,0.));
#2853=DIRECTION('ref_axis',(-0.00581764577773928,-0.999983077355614,0.));
#2854=DIRECTION('center_axis',(0.,0.,-1.));
#2855=DIRECTION('ref_axis',(-1.,0.,0.));
#2856=DIRECTION('center_axis',(0.,1.,0.));
#2857=DIRECTION('ref_axis',(-1.,0.,0.));
#2858=DIRECTION('center_axis',(0.,0.,-1.));
#2859=DIRECTION('ref_axis',(0.709160646742946,0.705046932559193,0.));
#2860=DIRECTION('center_axis',(0.,-1.,0.));
#2861=DIRECTION('ref_axis',(-0.707106781186527,0.,0.707106781186568));
#2862=DIRECTION('center_axis',(0.,1.,0.));
#2863=DIRECTION('ref_axis',(-1.,0.,0.));
#2864=DIRECTION('',(0.,-1.,0.));
#2865=DIRECTION('center_axis',(0.,0.,-1.));
#2866=DIRECTION('ref_axis',(-1.,0.,0.));
#2867=DIRECTION('center_axis',(1.,0.,0.));
#2868=DIRECTION('ref_axis',(0.,1.,0.));
#2869=DIRECTION('center_axis',(0.,0.,-1.));
#2870=DIRECTION('ref_axis',(0.707106781186556,-0.707106781186539,0.));
#2871=DIRECTION('center_axis',(-1.,0.,0.));
#2872=DIRECTION('ref_axis',(0.,0.707106781186552,0.707106781186543));
#2873=DIRECTION('center_axis',(1.,0.,0.));
#2874=DIRECTION('ref_axis',(0.,1.,0.));
#2875=DIRECTION('',(-1.,0.,0.));
#2876=DIRECTION('center_axis',(0.,0.,-1.));
#2877=DIRECTION('ref_axis',(-1.,0.,0.));
#2878=DIRECTION('center_axis',(0.,-1.,0.));
#2879=DIRECTION('ref_axis',(1.,0.,0.));
#2880=DIRECTION('center_axis',(0.,0.,-1.));
#2881=DIRECTION('ref_axis',(-0.707106781186548,-0.707106781186548,0.));
#2882=DIRECTION('center_axis',(0.,1.,0.));
#2883=DIRECTION('ref_axis',(0.707106781186527,0.,0.707106781186568));
#2884=DIRECTION('center_axis',(0.,-1.,0.));
#2885=DIRECTION('ref_axis',(1.,0.,0.));
#2886=DIRECTION('',(0.,1.,0.));
#2887=DIRECTION('center_axis',(0.,0.,-1.));
#2888=DIRECTION('ref_axis',(-1.,0.,0.));
#2889=DIRECTION('center_axis',(0.,0.,-1.));
#2890=DIRECTION('ref_axis',(-0.707106781186548,0.707106781186548,0.));
#2891=DIRECTION('center_axis',(0.,0.,-1.));
#2892=DIRECTION('ref_axis',(1.1460366705808E-14,-1.,0.));
#2893=DIRECTION('',(0.,0.,-1.));
#2894=DIRECTION('',(0.,0.,-1.));
#2895=DIRECTION('center_axis',(1.,0.,0.));
#2896=DIRECTION('ref_axis',(0.,-1.,0.));
#2897=DIRECTION('',(0.,0.,-1.));
#2898=DIRECTION('center_axis',(0.,0.,-1.));
#2899=DIRECTION('ref_axis',(1.,5.73018335290399E-15,0.));
#2900=DIRECTION('',(0.,0.,-1.));
#2901=DIRECTION('center_axis',(0.00581764577772128,0.999983077355615,0.));
#2902=DIRECTION('ref_axis',(0.999983077355614,-0.00581764577772128,0.));
#2903=DIRECTION('',(0.,0.,-1.));
#2904=DIRECTION('center_axis',(0.,0.,-1.));
#2905=DIRECTION('ref_axis',(1.09314267040017E-14,1.,0.));
#2906=DIRECTION('',(0.,0.,-1.));
#2907=DIRECTION('center_axis',(-1.,0.,0.));
#2908=DIRECTION('ref_axis',(0.,1.,0.));
#2909=DIRECTION('',(0.,0.,-1.));
#2910=DIRECTION('center_axis',(0.,0.,-1.));
#2911=DIRECTION('ref_axis',(-1.,0.,0.));
#2912=DIRECTION('',(0.,0.,-1.));
#2913=DIRECTION('center_axis',(0.,-1.,0.));
#2914=DIRECTION('ref_axis',(-1.,0.,0.));
#2915=DIRECTION('center_axis',(-1.,0.,0.));
#2916=DIRECTION('ref_axis',(0.,1.,0.));
#2917=DIRECTION('center_axis',(0.,0.,1.));
#2918=DIRECTION('ref_axis',(1.,0.,0.));
#2919=DIRECTION('',(0.,0.,1.));
#2920=DIRECTION('center_axis',(-1.,0.,0.));
#2921=DIRECTION('ref_axis',(0.,1.,0.));
#2922=DIRECTION('center_axis',(0.,0.,-1.));
#2923=DIRECTION('ref_axis',(-1.,0.,0.));
#2924=DIRECTION('',(0.,0.,-1.));
#2925=DIRECTION('center_axis',(0.,0.,-1.));
#2926=DIRECTION('ref_axis',(-1.,0.,0.));
#2927=DIRECTION('',(0.,0.,-1.));
#2928=DIRECTION('center_axis',(0.,0.,-1.));
#2929=DIRECTION('ref_axis',(-1.,0.,0.));
#2930=DIRECTION('',(0.,0.,-1.));
#2931=DIRECTION('center_axis',(0.,0.,-1.));
#2932=DIRECTION('ref_axis',(-1.,0.,0.));
#2933=DIRECTION('',(0.,0.,-1.));
#2934=DIRECTION('center_axis',(1.,0.,0.));
#2935=DIRECTION('ref_axis',(0.,1.,0.));
#2936=DIRECTION('',(0.,0.,1.));
#2937=DIRECTION('',(0.,0.,1.));
#2938=DIRECTION('center_axis',(0.,-1.,0.));
#2939=DIRECTION('ref_axis',(1.,0.,0.));
#2940=DIRECTION('',(0.,0.,1.));
#2941=DIRECTION('center_axis',(-1.,-8.5006563062609E-33,0.));
#2942=DIRECTION('ref_axis',(8.5006563062609E-33,-1.,0.));
#2943=DIRECTION('',(0.,0.,1.));
#2944=DIRECTION('center_axis',(0.,1.,0.));
#2945=DIRECTION('ref_axis',(-1.,0.,0.));
#2946=CARTESIAN_POINT('',(0.,0.,0.));
#2947=CARTESIAN_POINT('Origin',(10.,-5.08,3.2));
#2948=CARTESIAN_POINT('',(10.,0.,0.2));
#2949=CARTESIAN_POINT('',(10.,-5.08,0.2));
#2950=CARTESIAN_POINT('',(10.,31.21,0.2));
#2951=CARTESIAN_POINT('',(10.,0.,3.2));
#2952=CARTESIAN_POINT('',(10.,0.,3.2));
#2953=CARTESIAN_POINT('',(10.,-5.08,3.2));
#2954=CARTESIAN_POINT('',(10.,31.21,3.2));
#2955=CARTESIAN_POINT('',(10.,-5.08,3.2));
#2956=CARTESIAN_POINT('Origin',(60.8,-5.08,3.2));
#2957=CARTESIAN_POINT('',(60.8,-5.08,0.2));
#2958=CARTESIAN_POINT('',(99.15,-5.08,0.2));
#2959=CARTESIAN_POINT('',(60.8,-5.08,3.2));
#2960=CARTESIAN_POINT('',(99.15,-5.08,3.2));
#2961=CARTESIAN_POINT('',(60.8,-5.08,3.2));
#2962=CARTESIAN_POINT('Origin',(60.8,1.23259516440783E-31,3.2));
#2963=CARTESIAN_POINT('',(60.8,1.23259516440783E-31,0.2));
#2964=CARTESIAN_POINT('',(60.8,33.75,0.2));
#2965=CARTESIAN_POINT('',(60.8,1.23259516440783E-31,3.2));
#2966=CARTESIAN_POINT('',(60.8,33.75,3.2));
#2967=CARTESIAN_POINT('',(60.8,1.23259516440783E-31,3.2));
#2968=CARTESIAN_POINT('Origin',(10.,0.,3.2));
#2969=CARTESIAN_POINT('',(73.75,0.,0.2));
#2970=CARTESIAN_POINT('',(73.75,0.,3.2));
#2971=CARTESIAN_POINT('Origin',(9.96684327731928,139.72661095099,0.2));
#2972=CARTESIAN_POINT('',(9.96684327731928,139.72661095099,0.2));
#2973=CARTESIAN_POINT('',(9.96684327731928,139.72661095099,-1.6));
#2974=CARTESIAN_POINT('',(9.96684327731928,139.72661095099,1.7));
#2975=CARTESIAN_POINT('',(7.96684327731928,139.72661095099,0.2));
#2976=CARTESIAN_POINT('',(9.96684327731928,139.72661095099,0.2));
#2977=CARTESIAN_POINT('',(7.96684327731928,139.72661095099,-1.6));
#2978=CARTESIAN_POINT('',(7.96684327731928,139.72661095099,0.2));
#2979=CARTESIAN_POINT('',(9.96684327731928,139.72661095099,-1.6));
#2980=CARTESIAN_POINT('Origin',(9.96684327731928,8.34165358217646,-1.6));
#2981=CARTESIAN_POINT('',(9.96684327731928,8.34165358217646,-1.6));
#2982=CARTESIAN_POINT('',(9.96684327731928,8.34165358217646,0.2));
#2983=CARTESIAN_POINT('',(9.96684327731928,8.34165358217646,0.8));
#2984=CARTESIAN_POINT('',(7.96684327731928,8.34165358217646,-1.6));
#2985=CARTESIAN_POINT('',(9.96684327731928,8.34165358217646,-1.6));
#2986=CARTESIAN_POINT('',(7.96684327731928,8.34165358217646,0.2));
#2987=CARTESIAN_POINT('',(7.96684327731928,8.34165358217646,-1.6));
#2988=CARTESIAN_POINT('',(9.96684327731928,8.34165358217646,0.2));
#2989=CARTESIAN_POINT('Origin',(9.96684327731928,139.72661095099,-1.6));
#2990=CARTESIAN_POINT('',(9.96684327731928,89.8543819474521,-1.6));
#2991=CARTESIAN_POINT('',(7.96684327731928,139.72661095099,-1.6));
#2992=CARTESIAN_POINT('Origin',(7.96684327731928,74.0341322665833,-0.7));
#2993=CARTESIAN_POINT('',(7.96684327731928,8.34165358217646,0.2));
#2994=CARTESIAN_POINT('Origin',(9.96684327731928,39.982152943914,3.2));
#2995=CARTESIAN_POINT('',(9.96684327731927,39.982152943914,0.2));
#2996=CARTESIAN_POINT('',(9.96684327731927,126.024070383083,0.2));
#2997=CARTESIAN_POINT('',(9.96684327731928,24.1619032630452,0.2));
#2998=CARTESIAN_POINT('',(9.96684327731928,126.024070383083,3.2));
#2999=CARTESIAN_POINT('',(9.96684327731927,126.024070383083,0.2));
#3000=CARTESIAN_POINT('',(9.96684327731928,39.982152943914,3.2));
#3001=CARTESIAN_POINT('',(9.96684327731929,53.741076471957,3.2));
#3002=CARTESIAN_POINT('',(9.96684327731928,39.982152943914,3.2));
#3003=CARTESIAN_POINT('Origin',(9.96684327731928,39.982152943914,3.2));
#3004=CARTESIAN_POINT('',(9.96684327731927,-5.8,0.2));
#3005=CARTESIAN_POINT('',(9.96684327731927,53.741076471957,0.2));
#3006=CARTESIAN_POINT('',(9.96684327731927,-5.8,-7.8));
#3007=CARTESIAN_POINT('',(9.96684327731927,-5.8,-3.8));
#3008=CARTESIAN_POINT('',(9.96684327731927,140.8,-7.8));
#3009=CARTESIAN_POINT('',(9.96684327731927,104.15,-7.8));
#3010=CARTESIAN_POINT('',(9.96684327731927,140.8,0.2));
#3011=CARTESIAN_POINT('',(9.96684327731927,140.8,-3.8));
#3012=CARTESIAN_POINT('',(9.96684327731927,104.15,0.2));
#3013=CARTESIAN_POINT('Origin',(204.201241590769,-5.8,-7.8));
#3014=CARTESIAN_POINT('',(204.201241590769,-5.8,0.2));
#3015=CARTESIAN_POINT('',(204.201241590769,140.8,0.2));
#3016=CARTESIAN_POINT('',(204.201241590769,30.85,0.2));
#3017=CARTESIAN_POINT('',(204.201241590769,140.8,-7.8));
#3018=CARTESIAN_POINT('',(204.201241590769,140.8,-3.8));
#3019=CARTESIAN_POINT('',(204.201241590769,-5.8,-7.8));
#3020=CARTESIAN_POINT('',(204.201241590769,30.85,-7.8));
#3021=CARTESIAN_POINT('',(204.201241590769,-5.8,-3.8));
#3022=CARTESIAN_POINT('Origin',(9.96684327731927,126.024070383083,3.2));
#3023=CARTESIAN_POINT('',(189.928534771285,126.024070383083,0.2));
#3024=CARTESIAN_POINT('',(58.5254428556817,126.024070383083,0.2));
#3025=CARTESIAN_POINT('',(189.928534771285,126.024070383083,3.2));
#3026=CARTESIAN_POINT('',(189.928534771285,126.024070383083,0.2));
#3027=CARTESIAN_POINT('',(73.7334216386596,126.024070383083,3.2));
#3028=CARTESIAN_POINT('Origin',(189.928534771285,126.024070383083,3.2));
#3029=CARTESIAN_POINT('',(189.928534771285,39.982152943914,0.2));
#3030=CARTESIAN_POINT('',(189.928534771285,96.7620351915414,0.2));
#3031=CARTESIAN_POINT('',(189.928534771285,39.982152943914,3.2));
#3032=CARTESIAN_POINT('',(189.928534771285,39.982152943914,0.2));
#3033=CARTESIAN_POINT('',(189.928534771285,96.7620351915414,3.2));
#3034=CARTESIAN_POINT('Origin',(189.928534771285,39.982152943914,3.2));
#3035=CARTESIAN_POINT('',(148.506288602665,39.982152943914,0.2));
#3036=CARTESIAN_POINT('',(163.714267385643,39.982152943914,3.2));
#3037=CARTESIAN_POINT('Origin',(4.2,140.8,0.2));
#3038=CARTESIAN_POINT('',(270.8,140.8,0.2));
#3039=CARTESIAN_POINT('',(70.85,140.8,0.2));
#3040=CARTESIAN_POINT('',(270.8,140.8,-7.8));
#3041=CARTESIAN_POINT('',(270.8,140.8,0.2));
#3042=CARTESIAN_POINT('',(4.2,140.8,-7.8));
#3043=CARTESIAN_POINT('Origin',(4.2,140.8,0.2));
#3044=CARTESIAN_POINT('',(4.20000000000002,140.8,-7.8));
#3045=CARTESIAN_POINT('',(4.2,140.8,-7.8));
#3046=CARTESIAN_POINT('',(4.2,140.8,0.2));
#3047=CARTESIAN_POINT('',(4.2,140.8,0.2));
#3048=CARTESIAN_POINT('',(70.85,140.8,0.2));
#3049=CARTESIAN_POINT('Origin',(137.5,67.5,-7.8));
#3050=CARTESIAN_POINT('',(270.8,125.601934104489,-7.8));
#3051=CARTESIAN_POINT('',(270.8,140.8,-7.8));
#3052=CARTESIAN_POINT('',(248.5,125.601934104489,-7.8));
#3053=CARTESIAN_POINT('',(204.15,125.601934104489,-7.8));
#3054=CARTESIAN_POINT('',(248.5,93.3661112316259,-7.8));
#3055=CARTESIAN_POINT('',(248.5,96.5509670522445,-7.8));
#3056=CARTESIAN_POINT('',(270.8,93.3661112316259,-7.8));
#3057=CARTESIAN_POINT('',(193.,93.3661112316258,-7.8));
#3058=CARTESIAN_POINT('',(270.8,76.7,-7.8));
#3059=CARTESIAN_POINT('',(270.8,140.8,-7.8));
#3060=CARTESIAN_POINT('',(270.8,-5.8,-7.8));
#3061=CARTESIAN_POINT('',(270.8,140.8,-7.8));
#3062=CARTESIAN_POINT('',(270.8,-5.8,-7.8));
#3063=CARTESIAN_POINT('',(224.064107104881,106.541581724097,-7.8));
#3064=CARTESIAN_POINT('',(241.714074480883,106.541581724097,-7.8));
#3065=CARTESIAN_POINT('',(180.78205355244,106.541581724097,-7.8));
#3066=CARTESIAN_POINT('',(241.714074480883,113.641581724097,-7.8));
#3067=CARTESIAN_POINT('',(241.714074480883,87.0207908620484,-7.8));
#3068=CARTESIAN_POINT('',(245.064074480883,113.641581724097,-7.8));
#3069=CARTESIAN_POINT('',(189.607037240442,113.641581724097,-7.8));
#3070=CARTESIAN_POINT('',(245.064074480883,113.991581724097,-7.8));
#3071=CARTESIAN_POINT('',(245.064074480883,90.5707908620484,-7.8));
#3072=CARTESIAN_POINT('',(245.364074480883,113.991581724097,-7.8));
#3073=CARTESIAN_POINT('',(191.282037240441,113.991581724097,-7.8));
#3074=CARTESIAN_POINT('',(245.364074480883,126.341581724097,-7.8));
#3075=CARTESIAN_POINT('',(245.364074480883,90.7457908620485,-7.8));
#3076=CARTESIAN_POINT('',(241.414074480883,126.341581724097,-7.8));
#3077=CARTESIAN_POINT('',(191.432037240442,126.341581724097,-7.8));
#3078=CARTESIAN_POINT('',(241.414074480883,127.291581724097,-7.8));
#3079=CARTESIAN_POINT('',(241.414074480883,96.9207908620484,-7.8));
#3080=CARTESIAN_POINT('',(237.014074480883,127.291581724097,-7.8));
#3081=CARTESIAN_POINT('Origin',(239.214074480883,127.291581724097,-7.8));
#3082=CARTESIAN_POINT('',(237.014441270805,126.341581724097,-7.8));
#3083=CARTESIAN_POINT('',(237.025609666972,97.4150062418246,-7.8));
#3084=CARTESIAN_POINT('',(224.064074480883,126.341581724097,-7.8));
#3085=CARTESIAN_POINT('',(187.257220635402,126.341581724097,-7.8));
#3086=CARTESIAN_POINT('',(224.064074480883,106.841581724097,-7.8));
#3087=CARTESIAN_POINT('',(224.064074480883,96.9207908620484,-7.8));
#3088=CARTESIAN_POINT('',(224.066213101809,87.1754978715851,-7.8));
#3089=CARTESIAN_POINT('',(247.716626678173,103.523156032218,-7.8));
#3090=CARTESIAN_POINT('',(245.966626678173,105.273156032218,-7.8));
#3091=CARTESIAN_POINT('Origin',(245.966626678173,103.523156032218,-7.8));
#3092=CARTESIAN_POINT('',(237.216626678173,105.273156032218,-7.8));
#3093=CARTESIAN_POINT('',(245.966626678173,105.273156032218,-7.8));
#3094=CARTESIAN_POINT('',(237.216626678173,103.773156032218,-7.8));
#3095=CARTESIAN_POINT('',(237.216626678173,105.273156032218,-7.8));
#3096=CARTESIAN_POINT('',(219.216626678173,103.773156032219,-7.8));
#3097=CARTESIAN_POINT('',(237.216626678173,103.773156032218,-7.8));
#3098=CARTESIAN_POINT('',(219.216626678173,105.273156032219,-7.8));
#3099=CARTESIAN_POINT('',(219.216626678173,103.773156032219,-7.8));
#3100=CARTESIAN_POINT('',(210.466626678173,105.273156032219,-7.8));
#3101=CARTESIAN_POINT('',(219.216626678173,105.273156032219,-7.8));
#3102=CARTESIAN_POINT('',(208.716626678173,103.52315603222,-7.8));
#3103=CARTESIAN_POINT('Origin',(210.466626678173,103.523156032219,-7.8));
#3104=CARTESIAN_POINT('',(208.716626678169,17.0231560322195,-7.8));
#3105=CARTESIAN_POINT('',(208.716626678173,103.52315603222,-7.8));
#3106=CARTESIAN_POINT('',(210.466626678169,15.2731560322195,-7.8));
#3107=CARTESIAN_POINT('Origin',(210.466626678169,17.0231560322195,-7.8));
#3108=CARTESIAN_POINT('',(245.966626678169,15.2731560322177,-7.8));
#3109=CARTESIAN_POINT('',(210.466626678169,15.2731560322195,-7.8));
#3110=CARTESIAN_POINT('',(247.716626678169,17.0231560322176,-7.8));
#3111=CARTESIAN_POINT('Origin',(245.966626678169,17.0231560322177,-7.8));
#3112=CARTESIAN_POINT('',(247.716626678169,17.0231560322176,-7.8));
#3113=CARTESIAN_POINT('Origin',(270.8,-5.8,0.2));
#3114=CARTESIAN_POINT('',(4.2,-5.8,0.2));
#3115=CARTESIAN_POINT('',(204.15,-5.8,0.2));
#3116=CARTESIAN_POINT('',(4.20000000000002,-5.8,-7.8));
#3117=CARTESIAN_POINT('',(4.2,-5.8,0.2));
#3118=CARTESIAN_POINT('',(270.8,-5.8,-7.8));
#3119=CARTESIAN_POINT('Origin',(224.064107104881,106.541581724097,-7.8));
#3120=CARTESIAN_POINT('',(224.064107104881,106.541581724097,1.5));
#3121=CARTESIAN_POINT('',(224.064107104881,106.541581724097,-7.8));
#3122=CARTESIAN_POINT('',(241.714074480883,106.541581724097,1.5));
#3123=CARTESIAN_POINT('',(241.714074480883,106.541581724097,1.5));
#3124=CARTESIAN_POINT('',(241.714074480883,106.541581724097,-7.8));
#3125=CARTESIAN_POINT('Origin',(224.064074480883,106.841581724097,-7.8));
#3126=CARTESIAN_POINT('',(224.064074480883,106.841581724097,1.5));
#3127=CARTESIAN_POINT('',(224.064074480883,106.841581724097,-7.8));
#3128=CARTESIAN_POINT('',(224.064074480883,106.841581724097,1.5));
#3129=CARTESIAN_POINT('Origin',(224.064074480883,126.341581724097,-7.8));
#3130=CARTESIAN_POINT('',(224.064074480883,126.341581724097,1.5));
#3131=CARTESIAN_POINT('',(224.064074480883,126.341581724097,-7.8));
#3132=CARTESIAN_POINT('',(224.064074480883,126.041581724097,1.5));
#3133=CARTESIAN_POINT('Origin',(237.014441270805,126.341581724097,-7.8));
#3134=CARTESIAN_POINT('',(237.014441270805,126.341581724097,1.5));
#3135=CARTESIAN_POINT('',(237.014441270805,126.341581724097,-7.8));
#3136=CARTESIAN_POINT('',(224.064074480883,126.341581724097,1.5));
#3137=CARTESIAN_POINT('Origin',(237.014074480883,127.291581724097,-7.8));
#3138=CARTESIAN_POINT('',(237.014074480883,127.291581724097,1.5));
#3139=CARTESIAN_POINT('',(237.014074480883,127.291581724097,-7.8));
#3140=CARTESIAN_POINT('',(237.014074480883,127.291581724097,1.5));
#3141=CARTESIAN_POINT('Origin',(239.214074480883,127.291581724097,-7.8));
#3142=CARTESIAN_POINT('',(241.414074480883,127.291581724097,1.5));
#3143=CARTESIAN_POINT('',(241.414074480883,127.291581724097,-7.8));
#3144=CARTESIAN_POINT('Origin',(239.214074480883,127.291581724097,1.5));
#3145=CARTESIAN_POINT('Origin',(241.414074480883,126.341581724097,-7.8));
#3146=CARTESIAN_POINT('',(241.414074480883,126.341581724097,1.5));
#3147=CARTESIAN_POINT('',(241.414074480883,126.341581724097,-7.8));
#3148=CARTESIAN_POINT('',(241.414074480883,127.291581724097,1.5));
#3149=CARTESIAN_POINT('Origin',(245.364074480883,126.341581724097,-7.8));
#3150=CARTESIAN_POINT('',(245.364074480883,126.341581724097,1.5));
#3151=CARTESIAN_POINT('',(245.364074480883,126.341581724097,-7.8));
#3152=CARTESIAN_POINT('',(245.364074480883,126.341581724097,1.5));
#3153=CARTESIAN_POINT('Origin',(245.364074480883,113.991581724097,-7.8));
#3154=CARTESIAN_POINT('',(245.364074480883,113.991581724097,1.5));
#3155=CARTESIAN_POINT('',(245.364074480883,113.991581724097,-7.8));
#3156=CARTESIAN_POINT('',(245.364074480883,113.991581724097,1.5));
#3157=CARTESIAN_POINT('Origin',(245.064074480883,113.991581724097,-7.8));
#3158=CARTESIAN_POINT('',(245.064074480883,113.991581724097,1.5));
#3159=CARTESIAN_POINT('',(245.064074480883,113.991581724097,-7.8));
#3160=CARTESIAN_POINT('',(245.064074480883,113.991581724097,1.5));
#3161=CARTESIAN_POINT('Origin',(245.064074480883,113.641581724097,-7.8));
#3162=CARTESIAN_POINT('',(245.064074480883,113.641581724097,1.5));
#3163=CARTESIAN_POINT('',(245.064074480883,113.641581724097,-7.8));
#3164=CARTESIAN_POINT('',(245.064074480883,113.641581724097,1.5));
#3165=CARTESIAN_POINT('Origin',(241.714074480883,113.641581724097,-7.8));
#3166=CARTESIAN_POINT('',(241.714074480883,113.641581724097,1.5));
#3167=CARTESIAN_POINT('',(241.714074480883,113.641581724097,-7.8));
#3168=CARTESIAN_POINT('',(241.714074480883,113.641581724097,1.5));
#3169=CARTESIAN_POINT('Origin',(241.714074480883,106.541581724097,-7.8));
#3170=CARTESIAN_POINT('',(241.714074480883,113.641581724097,1.5));
#3171=CARTESIAN_POINT('Origin',(234.714074480883,118.016581724097,1.5));
#3172=CARTESIAN_POINT('',(241.514074480883,106.841581724097,1.5));
#3173=CARTESIAN_POINT('',(224.364074480883,106.841581724097,1.5));
#3174=CARTESIAN_POINT('',(238.114074480883,106.841581724097,1.5));
#3175=CARTESIAN_POINT('',(241.514074480883,126.041581724097,1.5));
#3176=CARTESIAN_POINT('',(241.514074480883,122.029081724097,1.5));
#3177=CARTESIAN_POINT('',(224.364074480883,126.041581724097,1.5));
#3178=CARTESIAN_POINT('',(229.539074480883,126.041581724097,1.5));
#3179=CARTESIAN_POINT('',(224.364074480883,112.429081724097,1.5));
#3180=CARTESIAN_POINT('Origin',(224.364074480883,126.041581724097,3.2));
#3181=CARTESIAN_POINT('',(241.514074480883,126.041581724097,2.7));
#3182=CARTESIAN_POINT('',(241.514074480883,126.041581724097,0.2));
#3183=CARTESIAN_POINT('',(224.364074480883,126.041581724097,2.7));
#3184=CARTESIAN_POINT('',(180.932037240442,126.041581724097,2.7));
#3185=CARTESIAN_POINT('',(224.364074480883,126.041581724097,0.2));
#3186=CARTESIAN_POINT('Origin',(241.514074480883,126.041581724097,3.2));
#3187=CARTESIAN_POINT('',(241.514074480883,106.841581724097,2.7));
#3188=CARTESIAN_POINT('',(241.514074480883,106.841581724097,3.2));
#3189=CARTESIAN_POINT('',(241.514074480883,96.7707908620484,2.7));
#3190=CARTESIAN_POINT('Origin',(248.5,93.3661112316259,-7.8));
#3191=CARTESIAN_POINT('',(248.5,93.3661112316259,0.2));
#3192=CARTESIAN_POINT('',(270.8,93.3661112316259,0.2));
#3193=CARTESIAN_POINT('',(254.075,93.3661112316259,0.2));
#3194=CARTESIAN_POINT('',(270.8,93.3661112316259,-3.8));
#3195=CARTESIAN_POINT('',(248.5,93.3661112316259,-7.8));
#3196=CARTESIAN_POINT('Origin',(248.5,125.601934104489,-7.8));
#3197=CARTESIAN_POINT('',(248.5,125.601934104489,0.2));
#3198=CARTESIAN_POINT('',(248.5,117.542978386273,0.2));
#3199=CARTESIAN_POINT('',(248.5,125.601934104489,-7.8));
#3200=CARTESIAN_POINT('Origin',(270.8,125.601934104489,-7.8));
#3201=CARTESIAN_POINT('',(270.8,125.601934104489,0.2));
#3202=CARTESIAN_POINT('',(265.225,125.601934104489,0.2));
#3203=CARTESIAN_POINT('',(270.8,125.601934104489,-3.8));
#3204=CARTESIAN_POINT('Origin',(137.5,67.5,-7.8));
#3205=CARTESIAN_POINT('',(4.2,76.7,-7.8));
#3206=CARTESIAN_POINT('',(4.2,-5.8,-7.8));
#3207=CARTESIAN_POINT('',(4.2,-5.8,-7.8));
#3208=CARTESIAN_POINT('Origin',(270.8,140.8,0.2));
#3209=CARTESIAN_POINT('',(270.8,76.7,0.2));
#3210=CARTESIAN_POINT('',(270.8,104.15,0.2));
#3211=CARTESIAN_POINT('',(270.8,76.7,0.2));
#3212=CARTESIAN_POINT('Origin',(270.8,-5.8,-7.8));
#3213=CARTESIAN_POINT('',(266.8,-1.8,-3.80000000000001));
#3214=CARTESIAN_POINT('',(257.05,7.95000000000001,5.95));
#3215=CARTESIAN_POINT('',(270.8,-5.8,0.2));
#3216=CARTESIAN_POINT('',(269.466666666667,-4.46666666666666,-1.13333333333334));
#3217=CARTESIAN_POINT('',(270.8,-5.8,0.2));
#3218=CARTESIAN_POINT('Origin',(270.8,-5.8,0.2));
#3219=CARTESIAN_POINT('',(266.8,72.7,-3.80000000000001));
#3220=CARTESIAN_POINT('',(257.05,62.95,-13.55));
#3221=CARTESIAN_POINT('',(270.8,104.15,0.2));
#3222=CARTESIAN_POINT('',(266.8,35.45,-3.80000000000001));
#3223=CARTESIAN_POINT('Origin',(270.8,76.7,0.2));
#3224=CARTESIAN_POINT('',(269.466666666667,75.3666666666667,-6.46666666666667));
#3225=CARTESIAN_POINT('Origin',(270.8,76.7,-7.8));
#3226=CARTESIAN_POINT('Origin',(4.2,-5.8,-7.8));
#3227=CARTESIAN_POINT('',(8.2,-1.8,-3.80000000000001));
#3228=CARTESIAN_POINT('',(17.95,7.95000000000001,5.95));
#3229=CARTESIAN_POINT('',(5.53333333333333,-4.46666666666666,-1.13333333333334));
#3230=CARTESIAN_POINT('Origin',(4.2,-5.8,0.2));
#3231=CARTESIAN_POINT('',(4.2,76.7,0.2));
#3232=CARTESIAN_POINT('',(8.2,72.7,-3.80000000000001));
#3233=CARTESIAN_POINT('',(17.95,62.95,-13.55));
#3234=CARTESIAN_POINT('',(8.2,35.45,-3.80000000000001));
#3235=CARTESIAN_POINT('',(4.2,30.85,0.2));
#3236=CARTESIAN_POINT('Origin',(4.2,76.7,0.2));
#3237=CARTESIAN_POINT('',(4.2,76.7,0.2));
#3238=CARTESIAN_POINT('',(5.53333333333333,75.3666666666667,-6.46666666666667));
#3239=CARTESIAN_POINT('Origin',(4.2,76.7,-7.8));
#3240=CARTESIAN_POINT('Origin',(270.8,-5.8,0.2));
#3241=CARTESIAN_POINT('',(204.15,-5.8,0.2));
#3242=CARTESIAN_POINT('Origin',(270.8,140.8,0.2));
#3243=CARTESIAN_POINT('',(270.8,104.15,0.2));
#3244=CARTESIAN_POINT('Origin',(4.2,-5.8,0.2));
#3245=CARTESIAN_POINT('',(4.2,30.85,0.2));
#3246=CARTESIAN_POINT('Origin',(247.288632004425,83.6424627030468,2.7));
#3247=CARTESIAN_POINT('',(247.288632004425,20.1497840171766,3.2));
#3248=CARTESIAN_POINT('',(247.288632004425,100.284925406094,3.2));
#3249=CARTESIAN_POINT('',(247.288632004425,83.6424627030468,3.2));
#3250=CARTESIAN_POINT('',(246.788632004425,99.7849254060936,2.7));
#3251=CARTESIAN_POINT('Origin',(247.288632004425,100.284925406094,2.7));
#3252=CARTESIAN_POINT('',(246.788632004425,20.6497840171766,2.7));
#3253=CARTESIAN_POINT('',(246.788632004425,83.6424627030468,2.7));
#3254=CARTESIAN_POINT('Origin',(247.288632004425,20.1497840171766,2.7));
#3255=CARTESIAN_POINT('Origin',(173.54314836333,100.284925406094,2.7));
#3256=CARTESIAN_POINT('',(209.086296726661,100.284925406094,3.2));
#3257=CARTESIAN_POINT('',(173.54314836333,100.284925406094,3.2));
#3258=CARTESIAN_POINT('',(209.586296726661,99.7849254060936,2.7));
#3259=CARTESIAN_POINT('Origin',(209.086296726661,100.284925406094,2.7));
#3260=CARTESIAN_POINT('',(173.54314836333,99.7849254060936,2.7));
#3261=CARTESIAN_POINT('Origin',(209.086296726661,44.0748920085883,2.7));
#3262=CARTESIAN_POINT('',(209.086296726661,20.1497840171766,3.2));
#3263=CARTESIAN_POINT('',(209.086296726661,44.0748920085883,3.2));
#3264=CARTESIAN_POINT('',(209.586296726661,20.6497840171766,2.7));
#3265=CARTESIAN_POINT('Origin',(209.086296726661,20.1497840171766,2.7));
#3266=CARTESIAN_POINT('',(209.586296726661,44.0748920085883,2.7));
#3267=CARTESIAN_POINT('Origin',(192.144316002213,20.1497840171766,2.7));
#3268=CARTESIAN_POINT('',(243.643435000326,20.1497840171766,3.2));
#3269=CARTESIAN_POINT('',(245.77665512126,20.1497840171766,3.2));
#3270=CARTESIAN_POINT('Ctrl Pts',(243.643435000326,20.1497840171766,3.2));
#3271=CARTESIAN_POINT('Ctrl Pts',(243.733542180974,20.1944867417357,3.2));
#3272=CARTESIAN_POINT('Ctrl Pts',(243.827751118516,20.2341177431117,3.19404469341446));
#3273=CARTESIAN_POINT('Ctrl Pts',(244.178217310088,20.3554810343599,3.16459938248521));
#3274=CARTESIAN_POINT('Ctrl Pts',(244.451141423174,20.3998205340191,3.13299161683022));
#3275=CARTESIAN_POINT('Ctrl Pts',(244.710045060793,20.3998205340191,3.13299161683022));
#3276=CARTESIAN_POINT('Ctrl Pts',(244.968948698412,20.3998205340191,3.13299161683022));
#3277=CARTESIAN_POINT('Ctrl Pts',(245.241872811498,20.3554810343599,3.16459938248521));
#3278=CARTESIAN_POINT('Ctrl Pts',(245.59233900307,20.2341177431117,3.19404469341446));
#3279=CARTESIAN_POINT('Ctrl Pts',(245.686547940612,20.1944867417357,3.2));
#3280=CARTESIAN_POINT('Ctrl Pts',(245.77665512126,20.1497840171766,3.2));
#3281=CARTESIAN_POINT('',(192.144316002213,20.1497840171766,3.2));
#3282=CARTESIAN_POINT('',(192.144316002213,20.6497840171766,2.7));
#3283=CARTESIAN_POINT('',(192.144316002213,20.1497840171766,3.2));
#3284=CARTESIAN_POINT('Origin',(137.5,67.5,3.2));
#3285=CARTESIAN_POINT('',(275.,145.,3.2));
#3286=CARTESIAN_POINT('',(0.,145.,3.2));
#3287=CARTESIAN_POINT('',(255.,145.,3.2));
#3288=CARTESIAN_POINT('',(0.,-10.,3.2));
#3289=CARTESIAN_POINT('',(-1.23259516440783E-30,145.,3.2));
#3290=CARTESIAN_POINT('',(275.,-10.,3.2));
#3291=CARTESIAN_POINT('',(8.5006563062609E-32,-10.,3.2));
#3292=CARTESIAN_POINT('',(275.,145.,3.2));
#3293=CARTESIAN_POINT('',(269.756429930888,126.094387421486,3.2));
#3294=CARTESIAN_POINT('',(251.749753487129,126.199145377352,3.2));
#3295=CARTESIAN_POINT('',(194.798279869098,126.53047476645,3.2));
#3296=CARTESIAN_POINT('',(273.335486406089,122.494448343006,3.2));
#3297=CARTESIAN_POINT('Origin',(269.735486406089,122.494448343006,3.2));
#3298=CARTESIAN_POINT('',(273.335486406089,96.4932221376257,3.2));
#3299=CARTESIAN_POINT('',(273.335486406089,94.9972241715031,3.2));
#3300=CARTESIAN_POINT('',(269.735486406089,92.8932221376257,3.2));
#3301=CARTESIAN_POINT('Origin',(269.735486406089,96.4932221376257,3.2));
#3302=CARTESIAN_POINT('',(251.698299074153,92.8932221376256,3.2));
#3303=CARTESIAN_POINT('',(203.617743203044,92.8932221376256,3.2));
#3304=CARTESIAN_POINT('',(247.998299074153,96.5932221376256,3.2));
#3305=CARTESIAN_POINT('Origin',(251.698299074153,96.5932221376256,3.2));
#3306=CARTESIAN_POINT('',(247.998299074153,122.449145659394,3.2));
#3307=CARTESIAN_POINT('',(247.998299074153,82.0466110688128,3.2));
#3308=CARTESIAN_POINT('Origin',(251.748299074153,122.449145659394,3.2));
#3309=CARTESIAN_POINT('',(213.150356017067,102.499468772105,3.2));
#3310=CARTESIAN_POINT('Origin',(211.750356017067,102.499468772105,3.2));
#3311=CARTESIAN_POINT('',(213.149445837436,17.9998952319037,3.2));
#3312=CARTESIAN_POINT('Origin',(211.749445837436,17.9998952319037,3.2));
#3313=CARTESIAN_POINT('',(246.148255839344,102.500768195394,3.2));
#3314=CARTESIAN_POINT('Origin',(244.748255839344,102.500768195394,3.2));
#3315=CARTESIAN_POINT('',(247.110045060793,17.9998205340191,3.2));
#3316=CARTESIAN_POINT('Origin',(244.710045060793,17.9998205340191,3.2));
#3317=CARTESIAN_POINT('Origin',(244.710045060793,17.9998205340191,3.2));
#3318=CARTESIAN_POINT('',(242.014074480883,106.341581724097,3.2));
#3319=CARTESIAN_POINT('',(242.014074480883,126.541581724097,3.2));
#3320=CARTESIAN_POINT('',(242.014074480883,96.7707908620484,3.2));
#3321=CARTESIAN_POINT('',(223.864074480883,106.341581724097,3.2));
#3322=CARTESIAN_POINT('',(189.507037240442,106.341581724097,3.2));
#3323=CARTESIAN_POINT('',(223.864074480883,126.541581724097,3.2));
#3324=CARTESIAN_POINT('',(223.864074480883,87.1707908620484,3.2));
#3325=CARTESIAN_POINT('',(180.932037240442,126.541581724097,3.2));
#3326=CARTESIAN_POINT('Origin',(246.788632004425,20.6497840171766,3.2));
#3327=CARTESIAN_POINT('',(246.788632004425,20.6497840171766,2.2));
#3328=CARTESIAN_POINT('',(246.788632004425,20.6497840171766,3.2));
#3329=CARTESIAN_POINT('',(209.586296726661,20.6497840171766,2.2));
#3330=CARTESIAN_POINT('',(237.502629341298,20.6497840171766,2.2));
#3331=CARTESIAN_POINT('',(209.586296726661,20.6497840171766,3.2));
#3332=CARTESIAN_POINT('Origin',(246.788632004425,99.7849254060936,3.2));
#3333=CARTESIAN_POINT('',(246.788632004425,99.7849254060936,2.2));
#3334=CARTESIAN_POINT('',(246.788632004425,99.7849254060936,3.2));
#3335=CARTESIAN_POINT('',(246.788632004425,80.0290407191561,2.2));
#3336=CARTESIAN_POINT('Origin',(242.014074480883,96.7707908620484,2.7));
#3337=CARTESIAN_POINT('Origin',(242.014074480883,126.541581724097,2.7));
#3338=CARTESIAN_POINT('Origin',(242.014074480883,106.341581724097,2.7));
#3339=CARTESIAN_POINT('Origin',(180.932037240442,126.541581724097,2.7));
#3340=CARTESIAN_POINT('Origin',(223.864074480883,126.541581724097,2.7));
#3341=CARTESIAN_POINT('Origin',(223.864074480883,87.1707908620484,2.7));
#3342=CARTESIAN_POINT('',(224.364074480883,106.841581724097,2.7));
#3343=CARTESIAN_POINT('',(224.364074480883,87.1707908620484,2.7));
#3344=CARTESIAN_POINT('Origin',(223.864074480883,106.341581724097,2.7));
#3345=CARTESIAN_POINT('Origin',(189.507037240442,106.341581724097,2.7));
#3346=CARTESIAN_POINT('',(189.507037240442,106.841581724097,2.7));
#3347=CARTESIAN_POINT('Origin',(241.514074480883,106.841581724097,3.2));
#3348=CARTESIAN_POINT('',(224.364074480883,106.841581724097,0.2));
#3349=CARTESIAN_POINT('Origin',(247.716626678169,17.0231560322176,0.2));
#3350=CARTESIAN_POINT('',(247.716626678169,17.0231560322176,2.2));
#3351=CARTESIAN_POINT('',(247.716626678169,17.0231560322176,0.2));
#3352=CARTESIAN_POINT('',(247.716626678173,103.523156032218,2.2));
#3353=CARTESIAN_POINT('',(247.716626678169,17.0231560322176,2.2));
#3354=CARTESIAN_POINT('',(247.716626678173,103.523156032218,0.2));
#3355=CARTESIAN_POINT('Origin',(245.966626678169,17.0231560322177,0.2));
#3356=CARTESIAN_POINT('',(245.966626678169,15.2731560322177,2.2));
#3357=CARTESIAN_POINT('',(245.966626678169,15.2731560322177,0.2));
#3358=CARTESIAN_POINT('Origin',(245.966626678169,17.0231560322177,2.2));
#3359=CARTESIAN_POINT('Origin',(210.466626678169,15.2731560322195,0.2));
#3360=CARTESIAN_POINT('',(210.466626678169,15.2731560322195,2.2));
#3361=CARTESIAN_POINT('',(210.466626678169,15.2731560322195,0.2));
#3362=CARTESIAN_POINT('',(210.466626678169,15.2731560322195,2.2));
#3363=CARTESIAN_POINT('Origin',(210.466626678169,17.0231560322195,0.2));
#3364=CARTESIAN_POINT('',(208.716626678169,17.0231560322195,2.2));
#3365=CARTESIAN_POINT('',(208.716626678169,17.0231560322195,0.2));
#3366=CARTESIAN_POINT('Origin',(210.466626678169,17.0231560322195,2.2));
#3367=CARTESIAN_POINT('Origin',(208.716626678173,103.52315603222,0.2));
#3368=CARTESIAN_POINT('',(208.716626678173,103.52315603222,2.2));
#3369=CARTESIAN_POINT('',(208.716626678173,103.52315603222,0.2));
#3370=CARTESIAN_POINT('',(208.716626678173,103.52315603222,2.2));
#3371=CARTESIAN_POINT('Origin',(210.466626678173,103.523156032219,0.2));
#3372=CARTESIAN_POINT('',(210.466626678173,105.273156032219,2.2));
#3373=CARTESIAN_POINT('',(210.466626678173,105.273156032219,0.2));
#3374=CARTESIAN_POINT('Origin',(210.466626678173,103.523156032219,2.2));
#3375=CARTESIAN_POINT('Origin',(219.216626678173,105.273156032219,0.2));
#3376=CARTESIAN_POINT('',(219.216626678173,105.273156032219,2.2));
#3377=CARTESIAN_POINT('',(219.216626678173,105.273156032219,0.2));
#3378=CARTESIAN_POINT('',(219.216626678173,105.273156032219,2.2));
#3379=CARTESIAN_POINT('Origin',(219.216626678173,103.773156032219,0.2));
#3380=CARTESIAN_POINT('',(219.216626678173,103.773156032219,2.2));
#3381=CARTESIAN_POINT('',(219.216626678173,103.773156032219,0.2));
#3382=CARTESIAN_POINT('',(219.216626678173,103.773156032219,2.2));
#3383=CARTESIAN_POINT('Origin',(237.216626678173,103.773156032218,0.2));
#3384=CARTESIAN_POINT('',(237.216626678173,103.773156032218,2.2));
#3385=CARTESIAN_POINT('',(237.216626678173,103.773156032218,0.2));
#3386=CARTESIAN_POINT('',(237.216626678173,103.773156032218,2.2));
#3387=CARTESIAN_POINT('Origin',(237.216626678173,105.273156032218,0.2));
#3388=CARTESIAN_POINT('',(237.216626678173,105.273156032218,2.2));
#3389=CARTESIAN_POINT('',(237.216626678173,105.273156032218,0.2));
#3390=CARTESIAN_POINT('',(237.216626678173,105.273156032218,2.2));
#3391=CARTESIAN_POINT('Origin',(245.966626678173,105.273156032218,0.2));
#3392=CARTESIAN_POINT('',(245.966626678173,105.273156032218,2.2));
#3393=CARTESIAN_POINT('',(245.966626678173,105.273156032218,0.2));
#3394=CARTESIAN_POINT('',(245.966626678173,105.273156032218,2.2));
#3395=CARTESIAN_POINT('Origin',(245.966626678173,103.523156032218,0.2));
#3396=CARTESIAN_POINT('Origin',(245.966626678173,103.523156032218,2.2));
#3397=CARTESIAN_POINT('Origin',(228.216626678171,60.2731560322186,2.2));
#3398=CARTESIAN_POINT('',(209.586296726661,99.7849254060936,2.2));
#3399=CARTESIAN_POINT('',(218.901461702416,99.7849254060936,2.2));
#3400=CARTESIAN_POINT('',(209.586296726661,40.4614700246976,2.2));
#3401=CARTESIAN_POINT('',(246.148255839344,102.500768195394,2.2));
#3402=CARTESIAN_POINT('Origin',(244.748255839344,102.500768195394,2.2));
#3403=CARTESIAN_POINT('',(213.149445837436,17.9998952319037,2.2));
#3404=CARTESIAN_POINT('Origin',(211.749445837436,17.9998952319037,2.2));
#3405=CARTESIAN_POINT('',(213.150356017067,102.499468772105,2.2));
#3406=CARTESIAN_POINT('Origin',(211.750356017067,102.499468772105,2.2));
#3407=CARTESIAN_POINT('',(247.110045060793,17.9998205340191,2.2));
#3408=CARTESIAN_POINT('Origin',(244.710045060793,17.9998205340191,2.2));
#3409=CARTESIAN_POINT('Origin',(209.586296726661,20.6497840171766,3.2));
#3410=CARTESIAN_POINT('',(209.586296726661,99.7849254060936,3.2));
#3411=CARTESIAN_POINT('Origin',(209.586296726661,99.7849254060936,3.2));
#3412=CARTESIAN_POINT('Origin',(266.273850496565,84.1311859795138,0.7));
#3413=CARTESIAN_POINT('',(265.773850496565,95.3638430606678,0.7));
#3414=CARTESIAN_POINT('',(265.773850496565,100.762371959028,0.7));
#3415=CARTESIAN_POINT('',(265.773850496565,84.1311859795138,0.7));
#3416=CARTESIAN_POINT('',(266.273850496565,101.262371959028,0.2));
#3417=CARTESIAN_POINT('Origin',(266.273850496565,101.262371959028,0.7));
#3418=CARTESIAN_POINT('',(266.273850496565,94.8638430606678,0.2));
#3419=CARTESIAN_POINT('',(266.273850496565,84.1311859795138,0.2));
#3420=CARTESIAN_POINT('Origin',(266.273850496565,94.8638430606678,0.7));
#3421=CARTESIAN_POINT('Origin',(196.538128787691,101.262371959028,0.7));
#3422=CARTESIAN_POINT('',(255.076257575382,101.262371959028,0.2));
#3423=CARTESIAN_POINT('',(196.538128787691,101.262371959028,0.2));
#3424=CARTESIAN_POINT('',(255.576257575382,100.762371959028,0.7));
#3425=CARTESIAN_POINT('',(196.538128787691,100.762371959028,0.7));
#3426=CARTESIAN_POINT('Origin',(255.076257575382,101.262371959028,0.7));
#3427=CARTESIAN_POINT('Origin',(255.076257575382,81.4319215303339,0.7));
#3428=CARTESIAN_POINT('',(255.076257575382,94.8638430606678,0.2));
#3429=CARTESIAN_POINT('',(255.076257575382,81.4319215303339,0.2));
#3430=CARTESIAN_POINT('',(255.576257575382,95.3638430606678,0.7));
#3431=CARTESIAN_POINT('',(255.576257575382,81.4319215303339,0.7));
#3432=CARTESIAN_POINT('Origin',(255.076257575382,94.8638430606678,0.7));
#3433=CARTESIAN_POINT('Origin',(201.636925248283,94.8638430606678,0.7));
#3434=CARTESIAN_POINT('',(201.636925248283,94.8638430606678,0.2));
#3435=CARTESIAN_POINT('',(201.636925248283,95.3638430606678,0.7));
#3436=CARTESIAN_POINT('Origin',(255.576257575382,100.762371959028,3.2));
#3437=CARTESIAN_POINT('',(265.773850496565,100.762371959028,1.2));
#3438=CARTESIAN_POINT('',(265.773850496565,100.762371959028,3.2));
#3439=CARTESIAN_POINT('',(255.576257575382,100.762371959028,1.2));
#3440=CARTESIAN_POINT('',(258.121575157752,100.762371959028,1.2));
#3441=CARTESIAN_POINT('',(255.576257575382,100.762371959028,3.2));
#3442=CARTESIAN_POINT('Origin',(265.773850496565,100.762371959028,3.2));
#3443=CARTESIAN_POINT('',(265.773850496565,95.3638430606678,1.2));
#3444=CARTESIAN_POINT('',(265.773850496565,95.3638430606678,3.2));
#3445=CARTESIAN_POINT('',(265.773850496565,105.154277928769,1.2));
#3446=CARTESIAN_POINT('Origin',(137.5,67.5,0.2));
#3447=CARTESIAN_POINT('',(275.,145.,0.2));
#3448=CARTESIAN_POINT('',(-1.23259516440783E-30,145.,0.2));
#3449=CARTESIAN_POINT('',(255.,145.,0.2));
#3450=CARTESIAN_POINT('',(275.,-10.,0.2));
#3451=CARTESIAN_POINT('',(275.,145.,0.2));
#3452=CARTESIAN_POINT('',(8.5006563062609E-32,-10.,0.2));
#3453=CARTESIAN_POINT('',(8.5006563062609E-32,-10.,0.2));
#3454=CARTESIAN_POINT('',(-1.23259516440783E-30,145.,0.2));
#3455=CARTESIAN_POINT('',(259.540348094985,105.494125854831,0.2));
#3456=CARTESIAN_POINT('Origin',(260.577381606618,105.494125854831,0.2));
#3457=CARTESIAN_POINT('Origin',(266.273850496565,105.154277928769,1.2));
#3458=CARTESIAN_POINT('',(266.273850496565,94.8638430606678,1.7));
#3459=CARTESIAN_POINT('',(266.273850496565,101.262371959028,1.7));
#3460=CARTESIAN_POINT('',(266.273850496565,105.154277928769,1.7));
#3461=CARTESIAN_POINT('Origin',(266.273850496565,101.262371959028,1.2));
#3462=CARTESIAN_POINT('Origin',(266.273850496565,94.8638430606678,1.2));
#3463=CARTESIAN_POINT('Origin',(258.121575157752,101.262371959028,1.2));
#3464=CARTESIAN_POINT('',(255.076257575382,101.262371959028,1.7));
#3465=CARTESIAN_POINT('',(258.121575157752,101.262371959028,1.7));
#3466=CARTESIAN_POINT('Origin',(255.076257575382,101.262371959028,1.2));
#3467=CARTESIAN_POINT('Origin',(255.076257575382,102.455013479589,1.2));
#3468=CARTESIAN_POINT('',(255.576257575382,95.3638430606678,1.2));
#3469=CARTESIAN_POINT('',(255.576257575382,102.455013479589,1.2));
#3470=CARTESIAN_POINT('',(255.076257575382,94.8638430606678,1.7));
#3471=CARTESIAN_POINT('',(255.076257575382,102.455013479589,1.7));
#3472=CARTESIAN_POINT('Origin',(255.076257575382,94.8638430606678,1.2));
#3473=CARTESIAN_POINT('Origin',(263.220371618343,94.8638430606678,1.2));
#3474=CARTESIAN_POINT('',(263.220371618343,95.3638430606678,1.2));
#3475=CARTESIAN_POINT('',(263.220371618343,94.8638430606678,1.7));
#3476=CARTESIAN_POINT('Origin',(265.773850496565,95.3638430606678,3.2));
#3477=CARTESIAN_POINT('',(255.576257575382,95.3638430606678,3.2));
#3478=CARTESIAN_POINT('Origin',(260.666892740121,109.54618389851,1.7));
#3479=CARTESIAN_POINT('',(272.835486406089,96.4932221376257,1.7));
#3480=CARTESIAN_POINT('',(269.735486406089,93.3932221376256,1.7));
#3481=CARTESIAN_POINT('Origin',(269.735486406089,96.4932221376257,1.7));
#3482=CARTESIAN_POINT('',(272.835486406089,122.494448343006,1.7));
#3483=CARTESIAN_POINT('',(272.835486406089,96.4932221376257,1.7));
#3484=CARTESIAN_POINT('',(269.753521108,125.594395882809,1.7));
#3485=CARTESIAN_POINT('Origin',(269.735486406089,122.494448343006,1.7));
#3486=CARTESIAN_POINT('',(251.748299074153,125.699145659394,1.7));
#3487=CARTESIAN_POINT('',(251.748299074153,125.699145659394,1.7));
#3488=CARTESIAN_POINT('',(248.498299074153,122.449145659394,1.7));
#3489=CARTESIAN_POINT('Origin',(251.748299074153,122.449145659394,1.7));
#3490=CARTESIAN_POINT('',(248.498299074153,96.5932221376256,1.7));
#3491=CARTESIAN_POINT('',(248.498299074153,96.5932221376256,1.7));
#3492=CARTESIAN_POINT('',(251.698299074153,93.3932221376256,1.7));
#3493=CARTESIAN_POINT('Origin',(251.698299074153,96.5932221376256,1.7));
#3494=CARTESIAN_POINT('',(269.735486406089,93.3932221376256,1.7));
#3495=CARTESIAN_POINT('',(259.540348094985,105.494125854831,1.7));
#3496=CARTESIAN_POINT('Origin',(260.577381606618,105.494125854831,1.7));
#3497=CARTESIAN_POINT('Origin',(194.798279869098,126.53047476645,2.7));
#3498=CARTESIAN_POINT('',(251.748299074153,125.699145659394,2.7));
#3499=CARTESIAN_POINT('Ctrl Pts',(251.748299074153,125.699145659394,2.7));
#3500=CARTESIAN_POINT('Ctrl Pts',(251.748341386513,125.699145659394,2.72636436289481));
#3501=CARTESIAN_POINT('Ctrl Pts',(251.748383699212,125.701235234811,2.75272845098588));
#3502=CARTESIAN_POINT('Ctrl Pts',(251.748426255056,125.7053883398,2.77876364516641));
#3503=CARTESIAN_POINT('Ctrl Pts',(251.748468808939,125.709541253334,2.80479763914429));
#3504=CARTESIAN_POINT('Ctrl Pts',(251.748511606611,125.715757419233,2.8305022269394));
#3505=CARTESIAN_POINT('Ctrl Pts',(251.74855488074,125.723959362227,2.85555703931384));
#3506=CARTESIAN_POINT('Ctrl Pts',(251.748598173049,125.732164750817,2.88062237709111));
#3507=CARTESIAN_POINT('Ctrl Pts',(251.748641942849,125.742357417539,2.90503686928664));
#3508=CARTESIAN_POINT('Ctrl Pts',(251.748686403216,125.754410219592,2.9284959710161));
#3509=CARTESIAN_POINT('Ctrl Pts',(251.748730857118,125.76646126934,2.95195166212638));
#3510=CARTESIAN_POINT('Ctrl Pts',(251.748776001959,125.780371660956,2.97445175160118));
#3511=CARTESIAN_POINT('Ctrl Pts',(251.748822021773,125.795967927193,2.99571565599687));
#3512=CARTESIAN_POINT('Ctrl Pts',(251.748868035798,125.811562231786,3.01697688589197));
#3513=CARTESIAN_POINT('Ctrl Pts',(251.748914925071,125.828841660777,3.03700179880853));
#3514=CARTESIAN_POINT('Ctrl Pts',(251.748962836571,125.847590787891,3.055540740139));
#3515=CARTESIAN_POINT('Ctrl Pts',(251.749010742984,125.866337924118,3.07407771290199));
#3516=CARTESIAN_POINT('Ctrl Pts',(251.749059671807,125.886554054846,3.09112864380384));
#3517=CARTESIAN_POINT('Ctrl Pts',(251.749109726266,125.90798719464,3.10648100044163));
#3518=CARTESIAN_POINT('Ctrl Pts',(251.749159799066,125.929428187712,3.12183898230936));
#3519=CARTESIAN_POINT('Ctrl Pts',(251.74921099862,125.952086636329,3.13549682191133));
#3520=CARTESIAN_POINT('Ctrl Pts',(251.749263379306,125.975679906373,3.14728415593508));
#3521=CARTESIAN_POINT('Ctrl Pts',(251.749315745935,125.999266844919,3.15906832670653));
#3522=CARTESIAN_POINT('Ctrl Pts',(251.749369293228,126.023787610091,3.16898275193112));
#3523=CARTESIAN_POINT('Ctrl Pts',(251.749424023142,126.048936501359,3.17690382851107));
#3524=CARTESIAN_POINT('Ctrl Pts',(251.749478766554,126.074091595101,3.18482685866708));
#3525=CARTESIAN_POINT('Ctrl Pts',(251.749534693211,126.099874600528,3.19075538944752));
#3526=CARTESIAN_POINT('Ctrl Pts',(251.749591751084,126.125963922768,3.19461547355853));
#3527=CARTESIAN_POINT('Ctrl Pts',(251.749644716597,126.150182041629,3.1981987010165));
#3528=CARTESIAN_POINT('Ctrl Pts',(251.749698656275,126.17466361519,3.2));
#3529=CARTESIAN_POINT('Ctrl Pts',(251.749753487129,126.199145377352,3.2));
#3530=CARTESIAN_POINT('',(269.753521108,125.594395882809,2.7));
#3531=CARTESIAN_POINT('',(194.795371046209,126.030483227772,2.7));
#3532=CARTESIAN_POINT('Origin',(269.756429930888,126.094387421486,2.7));
#3533=CARTESIAN_POINT('Origin',(269.735486406089,122.494448343006,2.7));
#3534=CARTESIAN_POINT('',(272.835486406089,122.494448343006,2.7));
#3535=CARTESIAN_POINT('Origin',(273.335486406089,122.494448343006,2.7));
#3536=CARTESIAN_POINT('Origin',(269.735486406089,122.494448343006,2.7));
#3537=CARTESIAN_POINT('Origin',(273.335486406089,94.9972241715031,2.7));
#3538=CARTESIAN_POINT('',(272.835486406089,96.4932221376257,2.7));
#3539=CARTESIAN_POINT('Origin',(273.335486406089,96.4932221376257,2.7));
#3540=CARTESIAN_POINT('',(272.835486406089,94.9972241715031,2.7));
#3541=CARTESIAN_POINT('Origin',(269.735486406089,96.4932221376257,2.7));
#3542=CARTESIAN_POINT('',(269.735486406089,93.3932221376256,2.7));
#3543=CARTESIAN_POINT('Origin',(269.735486406089,92.8932221376257,2.7));
#3544=CARTESIAN_POINT('Origin',(269.735486406089,96.4932221376257,2.7));
#3545=CARTESIAN_POINT('Origin',(203.617743203044,92.8932221376256,2.7));
#3546=CARTESIAN_POINT('',(251.698299074153,93.3932221376256,2.7));
#3547=CARTESIAN_POINT('Origin',(251.698299074153,92.8932221376256,2.7));
#3548=CARTESIAN_POINT('',(203.617743203044,93.3932221376256,2.7));
#3549=CARTESIAN_POINT('Origin',(251.698299074153,96.5932221376256,2.7));
#3550=CARTESIAN_POINT('',(248.498299074153,96.5932221376256,2.7));
#3551=CARTESIAN_POINT('Origin',(247.998299074153,96.5932221376256,2.7));
#3552=CARTESIAN_POINT('Origin',(251.698299074153,96.5932221376256,2.7));
#3553=CARTESIAN_POINT('Origin',(247.998299074153,82.0466110688128,2.7));
#3554=CARTESIAN_POINT('',(248.498299074153,122.449145659394,2.7));
#3555=CARTESIAN_POINT('Origin',(247.998299074153,122.449145659394,2.7));
#3556=CARTESIAN_POINT('',(248.498299074153,82.0466110688128,2.7));
#3557=CARTESIAN_POINT('Origin',(251.748299074153,122.449145659394,2.7));
#3558=CARTESIAN_POINT('Origin',(251.748299074153,122.449145659394,2.7));
#3559=CARTESIAN_POINT('Origin',(269.735486406089,96.4932221376257,3.2));
#3560=CARTESIAN_POINT('',(272.835486406089,96.4932221376257,3.2));
#3561=CARTESIAN_POINT('',(269.735486406089,93.3932221376256,3.2));
#3562=CARTESIAN_POINT('Origin',(272.835486406089,122.494448343006,3.2));
#3563=CARTESIAN_POINT('',(272.835486406089,122.494448343006,3.2));
#3564=CARTESIAN_POINT('Origin',(269.735486406089,122.494448343006,3.2));
#3565=CARTESIAN_POINT('',(269.753521108,125.594395882809,3.2));
#3566=CARTESIAN_POINT('Origin',(251.748299074153,125.699145659394,3.2));
#3567=CARTESIAN_POINT('',(251.748299074153,125.699145659394,3.2));
#3568=CARTESIAN_POINT('Origin',(251.748299074153,122.449145659394,3.2));
#3569=CARTESIAN_POINT('',(248.498299074153,122.449145659394,3.2));
#3570=CARTESIAN_POINT('Origin',(248.498299074153,96.5932221376256,3.2));
#3571=CARTESIAN_POINT('',(248.498299074153,96.5932221376256,3.2));
#3572=CARTESIAN_POINT('Origin',(251.698299074153,96.5932221376256,3.2));
#3573=CARTESIAN_POINT('',(251.698299074153,93.3932221376256,3.2));
#3574=CARTESIAN_POINT('Origin',(269.735486406089,93.3932221376256,3.2));
#3575=CARTESIAN_POINT('Origin',(255.576257575382,95.3638430606678,3.2));
#3576=CARTESIAN_POINT('Origin',(260.577381606618,105.494125854831,0.2));
#3577=CARTESIAN_POINT('',(259.540348094985,105.494125854831,0.2));
#3578=CARTESIAN_POINT('Origin',(224.364074480883,106.841581724097,3.2));
#3579=CARTESIAN_POINT('Origin',(244.710045060793,17.9998205340191,3.2));
#3580=CARTESIAN_POINT('',(247.110045060793,17.9998205340191,3.2));
#3581=CARTESIAN_POINT('Origin',(211.750356017067,102.499468772105,3.2));
#3582=CARTESIAN_POINT('',(213.150356017067,102.499468772105,3.2));
#3583=CARTESIAN_POINT('Origin',(211.749445837436,17.9998952319037,3.2));
#3584=CARTESIAN_POINT('',(213.149445837436,17.9998952319037,3.2));
#3585=CARTESIAN_POINT('Origin',(244.748255839344,102.500768195394,3.2));
#3586=CARTESIAN_POINT('',(246.148255839344,102.500768195394,3.2));
#3587=CARTESIAN_POINT('Origin',(275.,-10.,0.2));
#3588=CARTESIAN_POINT('',(275.,145.,0.2));
#3589=CARTESIAN_POINT('',(275.,-10.,0.2));
#3590=CARTESIAN_POINT('Origin',(8.5006563062609E-32,-10.,0.2));
#3591=CARTESIAN_POINT('',(8.5006563062609E-32,-10.,0.2));
#3592=CARTESIAN_POINT('Origin',(-1.23259516440783E-30,145.,0.2));
#3593=CARTESIAN_POINT('',(-1.23259516440783E-30,145.,0.2));
#3594=CARTESIAN_POINT('Origin',(275.,145.,0.2));
#3595=UNCERTAINTY_MEASURE_WITH_UNIT(LENGTH_MEASURE(0.01),#3599,
'DISTANCE_ACCURACY_VALUE',
'Maximum model space distance between geometric entities at asserted c
onnectivities');
#3596=UNCERTAINTY_MEASURE_WITH_UNIT(LENGTH_MEASURE(0.01),#3599,
'DISTANCE_ACCURACY_VALUE',
'Maximum model space distance between geometric entities at asserted c
onnectivities');
#3597=(
GEOMETRIC_REPRESENTATION_CONTEXT(3)
GLOBAL_UNCERTAINTY_ASSIGNED_CONTEXT((#3595))
GLOBAL_UNIT_ASSIGNED_CONTEXT((#3599,#3601,#3602))
REPRESENTATION_CONTEXT('','3D')
);
#3598=(
GEOMETRIC_REPRESENTATION_CONTEXT(3)
GLOBAL_UNCERTAINTY_ASSIGNED_CONTEXT((#3596))
GLOBAL_UNIT_ASSIGNED_CONTEXT((#3599,#3601,#3602))
REPRESENTATION_CONTEXT('','3D')
);
#3599=(
LENGTH_UNIT()
NAMED_UNIT(*)
SI_UNIT(.MILLI.,.METRE.)
);
#3600=(
LENGTH_UNIT()
NAMED_UNIT(*)
SI_UNIT($,.METRE.)
);
#3601=(
NAMED_UNIT(*)
PLANE_ANGLE_UNIT()
SI_UNIT($,.RADIAN.)
);
#3602=(
NAMED_UNIT(*)
SI_UNIT($,.STERADIAN.)
SOLID_ANGLE_UNIT()
);
#3603=SHAPE_DEFINITION_REPRESENTATION(#3604,#3605);
#3604=PRODUCT_DEFINITION_SHAPE('',$,#3607);
#3605=SHAPE_REPRESENTATION('',(#2181),#3597);
#3606=PRODUCT_DEFINITION_CONTEXT('part definition',#3611,'design');
#3607=PRODUCT_DEFINITION('2026-10-10-11-01-04-608','TOP_PANNEL',#3608,#3606);
#3608=PRODUCT_DEFINITION_FORMATION('',$,#3613);
#3609=PRODUCT_RELATED_PRODUCT_CATEGORY('TOP_PANNEL','TOP_PANNEL',(#3613));
#3610=APPLICATION_PROTOCOL_DEFINITION('international standard',
'automotive_design',2009,#3611);
#3611=APPLICATION_CONTEXT(
'Core Data for Automotive Mechanical Design Process');
#3612=PRODUCT_CONTEXT('part definition',#3611,'mechanical');
#3613=PRODUCT('2026-10-10-11-01-04-608','TOP_PANNEL',$,(#3612));
#3614=PRESENTATION_STYLE_ASSIGNMENT((#3615));
#3615=SURFACE_STYLE_USAGE(.BOTH.,#3616);
#3616=SURFACE_SIDE_STYLE('',(#3617));
#3617=SURFACE_STYLE_FILL_AREA(#3618);
#3618=FILL_AREA_STYLE('Steel - Satin',(#3619));
#3619=FILL_AREA_STYLE_COLOUR('Steel - Satin',#3620);
#3620=COLOUR_RGB('Steel - Satin',0.627450980392157,0.627450980392157,0.627450980392157);
ENDSEC;
END-ISO-10303-21;
