ISO-10303-21;
HEADER;
/* Generated by software containing ST-Developer
 * from STEP Tools, Inc. (www.steptools.com) 
 */

FILE_DESCRIPTION(
/* description */ (''),
/* implementation_level */ '2;1');

FILE_NAME(
/* name */ 'Bottom_bezzel.step',
/* time_stamp */ '2026-10-10T10:58:05+05:30',
/* author */ (''),
/* organization */ (''),
/* preprocessor_version */ 'ST-DEVELOPER v20.2',
/* originating_system */ 'Autodesk Translation Framework v15.15.0.0',
/* authorisation */ '');

FILE_SCHEMA (('AUTOMOTIVE_DESIGN { 1 0 10303 214 3 1 1 }'));
ENDSEC;

DATA;
#10=MECHANICAL_DESIGN_GEOMETRIC_PRESENTATION_REPRESENTATION('',(#13),#2890);
#11=SHAPE_REPRESENTATION_RELATIONSHIP('SRR','None',#2897,#12);
#12=ADVANCED_BREP_SHAPE_REPRESENTATION('',(#14),#2889);
#13=STYLED_ITEM('',(#2906),#14);
#14=MANIFOLD_SOLID_BREP('Bottom_bezzel',#1738);
#15=ELLIPSE('',#1868,0.707106781186548,0.5);
#16=ELLIPSE('',#1869,0.707106781186548,0.5);
#17=ELLIPSE('',#1871,0.707106781186548,0.5);
#18=ELLIPSE('',#1873,0.707106781186548,0.5);
#19=TOROIDAL_SURFACE('',#1797,5.94999999999999,1.8);
#20=TOROIDAL_SURFACE('',#1876,5.95,1.8);
#21=TOROIDAL_SURFACE('',#1878,5.94999999999999,1.8);
#22=TOROIDAL_SURFACE('',#1886,5.95,1.8);
#23=B_SPLINE_CURVE_WITH_KNOTS('',3,(#2488,#2489,#2490,#2491,#2492,#2493,
#2494,#2495,#2496,#2497),.UNSPECIFIED.,.F.,.F.,(4,2,2,2,4),(0.976963576181893,
1.04865438835351,1.21140559890909,1.37415680946466,1.44584762163628),
 .UNSPECIFIED.);
#24=B_SPLINE_CURVE_WITH_KNOTS('',3,(#2498,#2499,#2500,#2501,#2502,#2503,
#2504,#2505,#2506,#2507),.UNSPECIFIED.,.F.,.F.,(4,2,2,2,4),(0.976942617541121,
1.04863342971274,1.21138464026831,1.37413585082389,1.44582666299551),
 .UNSPECIFIED.);
#25=B_SPLINE_CURVE_WITH_KNOTS('',3,(#2540,#2541,#2542,#2543,#2544,#2545,
#2546,#2547,#2548,#2549),.UNSPECIFIED.,.F.,.F.,(4,2,2,2,4),(0.976942617541121,
1.04863342971274,1.21138464026831,1.37413585082387,1.44582666299549),
 .UNSPECIFIED.);
#26=B_SPLINE_CURVE_WITH_KNOTS('',3,(#2871,#2872,#2873,#2874,#2875,#2876,
#2877,#2878,#2879,#2880),.UNSPECIFIED.,.F.,.F.,(4,2,2,2,4),(0.976963576181893,
1.04865438835351,1.21140559890908,1.37415680946465,1.44584762163627),
 .UNSPECIFIED.);
#27=FACE_BOUND('',#237,.T.);
#28=FACE_BOUND('',#238,.T.);
#29=FACE_BOUND('',#239,.T.);
#30=FACE_BOUND('',#240,.T.);
#31=FACE_BOUND('',#241,.T.);
#32=FACE_BOUND('',#242,.T.);
#33=FACE_BOUND('',#245,.T.);
#34=FACE_BOUND('',#300,.T.);
#35=FACE_BOUND('',#301,.T.);
#36=FACE_BOUND('',#304,.T.);
#37=FACE_BOUND('',#305,.T.);
#38=FACE_BOUND('',#306,.T.);
#39=FACE_BOUND('',#307,.T.);
#40=FACE_BOUND('',#308,.T.);
#41=FACE_BOUND('',#309,.T.);
#42=FACE_BOUND('',#326,.T.);
#43=FACE_BOUND('',#327,.T.);
#44=FACE_BOUND('',#328,.T.);
#45=FACE_BOUND('',#329,.T.);
#46=FACE_BOUND('',#330,.T.);
#47=FACE_BOUND('',#332,.T.);
#48=PLANE('',#1755);
#49=PLANE('',#1759);
#50=PLANE('',#1763);
#51=PLANE('',#1767);
#52=PLANE('',#1771);
#53=PLANE('',#1772);
#54=PLANE('',#1775);
#55=PLANE('',#1778);
#56=PLANE('',#1779);
#57=PLANE('',#1781);
#58=PLANE('',#1783);
#59=PLANE('',#1791);
#60=PLANE('',#1796);
#61=PLANE('',#1800);
#62=PLANE('',#1802);
#63=PLANE('',#1803);
#64=PLANE('',#1804);
#65=PLANE('',#1806);
#66=PLANE('',#1808);
#67=PLANE('',#1809);
#68=PLANE('',#1810);
#69=PLANE('',#1811);
#70=PLANE('',#1812);
#71=PLANE('',#1815);
#72=PLANE('',#1816);
#73=PLANE('',#1817);
#74=PLANE('',#1818);
#75=PLANE('',#1819);
#76=PLANE('',#1820);
#77=PLANE('',#1822);
#78=PLANE('',#1823);
#79=PLANE('',#1824);
#80=PLANE('',#1825);
#81=PLANE('',#1826);
#82=PLANE('',#1827);
#83=PLANE('',#1828);
#84=PLANE('',#1833);
#85=PLANE('',#1834);
#86=PLANE('',#1835);
#87=PLANE('',#1836);
#88=PLANE('',#1837);
#89=PLANE('',#1838);
#90=PLANE('',#1839);
#91=PLANE('',#1840);
#92=PLANE('',#1841);
#93=PLANE('',#1842);
#94=PLANE('',#1843);
#95=PLANE('',#1844);
#96=PLANE('',#1845);
#97=PLANE('',#1846);
#98=PLANE('',#1847);
#99=PLANE('',#1848);
#100=PLANE('',#1849);
#101=PLANE('',#1850);
#102=PLANE('',#1851);
#103=PLANE('',#1852);
#104=PLANE('',#1853);
#105=PLANE('',#1854);
#106=PLANE('',#1855);
#107=PLANE('',#1856);
#108=PLANE('',#1857);
#109=PLANE('',#1858);
#110=PLANE('',#1859);
#111=PLANE('',#1860);
#112=PLANE('',#1861);
#113=PLANE('',#1862);
#114=PLANE('',#1863);
#115=PLANE('',#1864);
#116=PLANE('',#1875);
#117=PLANE('',#1880);
#118=PLANE('',#1881);
#119=PLANE('',#1882);
#120=PLANE('',#1883);
#121=PLANE('',#1884);
#122=PLANE('',#1885);
#123=PLANE('',#1888);
#124=PLANE('',#1890);
#125=FACE_OUTER_BOUND('',#221,.T.);
#126=FACE_OUTER_BOUND('',#222,.T.);
#127=FACE_OUTER_BOUND('',#223,.T.);
#128=FACE_OUTER_BOUND('',#224,.T.);
#129=FACE_OUTER_BOUND('',#225,.T.);
#130=FACE_OUTER_BOUND('',#226,.T.);
#131=FACE_OUTER_BOUND('',#227,.T.);
#132=FACE_OUTER_BOUND('',#228,.T.);
#133=FACE_OUTER_BOUND('',#229,.T.);
#134=FACE_OUTER_BOUND('',#230,.T.);
#135=FACE_OUTER_BOUND('',#231,.T.);
#136=FACE_OUTER_BOUND('',#232,.T.);
#137=FACE_OUTER_BOUND('',#233,.T.);
#138=FACE_OUTER_BOUND('',#234,.T.);
#139=FACE_OUTER_BOUND('',#235,.T.);
#140=FACE_OUTER_BOUND('',#236,.T.);
#141=FACE_OUTER_BOUND('',#243,.T.);
#142=FACE_OUTER_BOUND('',#244,.T.);
#143=FACE_OUTER_BOUND('',#246,.T.);
#144=FACE_OUTER_BOUND('',#247,.T.);
#145=FACE_OUTER_BOUND('',#248,.T.);
#146=FACE_OUTER_BOUND('',#249,.T.);
#147=FACE_OUTER_BOUND('',#250,.T.);
#148=FACE_OUTER_BOUND('',#251,.T.);
#149=FACE_OUTER_BOUND('',#252,.T.);
#150=FACE_OUTER_BOUND('',#253,.T.);
#151=FACE_OUTER_BOUND('',#254,.T.);
#152=FACE_OUTER_BOUND('',#255,.T.);
#153=FACE_OUTER_BOUND('',#256,.T.);
#154=FACE_OUTER_BOUND('',#257,.T.);
#155=FACE_OUTER_BOUND('',#258,.T.);
#156=FACE_OUTER_BOUND('',#259,.T.);
#157=FACE_OUTER_BOUND('',#260,.T.);
#158=FACE_OUTER_BOUND('',#261,.T.);
#159=FACE_OUTER_BOUND('',#262,.T.);
#160=FACE_OUTER_BOUND('',#263,.T.);
#161=FACE_OUTER_BOUND('',#264,.T.);
#162=FACE_OUTER_BOUND('',#265,.T.);
#163=FACE_OUTER_BOUND('',#266,.T.);
#164=FACE_OUTER_BOUND('',#267,.T.);
#165=FACE_OUTER_BOUND('',#268,.T.);
#166=FACE_OUTER_BOUND('',#269,.T.);
#167=FACE_OUTER_BOUND('',#270,.T.);
#168=FACE_OUTER_BOUND('',#271,.T.);
#169=FACE_OUTER_BOUND('',#272,.T.);
#170=FACE_OUTER_BOUND('',#273,.T.);
#171=FACE_OUTER_BOUND('',#274,.T.);
#172=FACE_OUTER_BOUND('',#275,.T.);
#173=FACE_OUTER_BOUND('',#276,.T.);
#174=FACE_OUTER_BOUND('',#277,.T.);
#175=FACE_OUTER_BOUND('',#278,.T.);
#176=FACE_OUTER_BOUND('',#279,.T.);
#177=FACE_OUTER_BOUND('',#280,.T.);
#178=FACE_OUTER_BOUND('',#281,.T.);
#179=FACE_OUTER_BOUND('',#282,.T.);
#180=FACE_OUTER_BOUND('',#283,.T.);
#181=FACE_OUTER_BOUND('',#284,.T.);
#182=FACE_OUTER_BOUND('',#285,.T.);
#183=FACE_OUTER_BOUND('',#286,.T.);
#184=FACE_OUTER_BOUND('',#287,.T.);
#185=FACE_OUTER_BOUND('',#288,.T.);
#186=FACE_OUTER_BOUND('',#289,.T.);
#187=FACE_OUTER_BOUND('',#290,.T.);
#188=FACE_OUTER_BOUND('',#291,.T.);
#189=FACE_OUTER_BOUND('',#292,.T.);
#190=FACE_OUTER_BOUND('',#293,.T.);
#191=FACE_OUTER_BOUND('',#294,.T.);
#192=FACE_OUTER_BOUND('',#295,.T.);
#193=FACE_OUTER_BOUND('',#296,.T.);
#194=FACE_OUTER_BOUND('',#297,.T.);
#195=FACE_OUTER_BOUND('',#298,.T.);
#196=FACE_OUTER_BOUND('',#299,.T.);
#197=FACE_OUTER_BOUND('',#302,.T.);
#198=FACE_OUTER_BOUND('',#303,.T.);
#199=FACE_OUTER_BOUND('',#310,.T.);
#200=FACE_OUTER_BOUND('',#311,.T.);
#201=FACE_OUTER_BOUND('',#312,.T.);
#202=FACE_OUTER_BOUND('',#313,.T.);
#203=FACE_OUTER_BOUND('',#314,.T.);
#204=FACE_OUTER_BOUND('',#315,.T.);
#205=FACE_OUTER_BOUND('',#316,.T.);
#206=FACE_OUTER_BOUND('',#317,.T.);
#207=FACE_OUTER_BOUND('',#318,.T.);
#208=FACE_OUTER_BOUND('',#319,.T.);
#209=FACE_OUTER_BOUND('',#320,.T.);
#210=FACE_OUTER_BOUND('',#321,.T.);
#211=FACE_OUTER_BOUND('',#322,.T.);
#212=FACE_OUTER_BOUND('',#323,.T.);
#213=FACE_OUTER_BOUND('',#324,.T.);
#214=FACE_OUTER_BOUND('',#325,.T.);
#215=FACE_OUTER_BOUND('',#331,.T.);
#216=FACE_OUTER_BOUND('',#333,.T.);
#217=FACE_OUTER_BOUND('',#334,.T.);
#218=FACE_OUTER_BOUND('',#335,.T.);
#219=FACE_OUTER_BOUND('',#336,.T.);
#220=FACE_OUTER_BOUND('',#337,.T.);
#221=EDGE_LOOP('',(#1149,#1150,#1151,#1152));
#222=EDGE_LOOP('',(#1153));
#223=EDGE_LOOP('',(#1154,#1155,#1156,#1157));
#224=EDGE_LOOP('',(#1158));
#225=EDGE_LOOP('',(#1159,#1160,#1161,#1162));
#226=EDGE_LOOP('',(#1163));
#227=EDGE_LOOP('',(#1164,#1165,#1166,#1167));
#228=EDGE_LOOP('',(#1168));
#229=EDGE_LOOP('',(#1169,#1170,#1171,#1172));
#230=EDGE_LOOP('',(#1173));
#231=EDGE_LOOP('',(#1174,#1175,#1176,#1177));
#232=EDGE_LOOP('',(#1178,#1179,#1180,#1181,#1182));
#233=EDGE_LOOP('',(#1183,#1184,#1185,#1186));
#234=EDGE_LOOP('',(#1187,#1188,#1189,#1190,#1191));
#235=EDGE_LOOP('',(#1192,#1193,#1194));
#236=EDGE_LOOP('',(#1195,#1196,#1197,#1198,#1199,#1200,#1201,#1202,#1203,
#1204,#1205,#1206,#1207,#1208,#1209,#1210,#1211,#1212,#1213));
#237=EDGE_LOOP('',(#1214));
#238=EDGE_LOOP('',(#1215));
#239=EDGE_LOOP('',(#1216));
#240=EDGE_LOOP('',(#1217));
#241=EDGE_LOOP('',(#1218));
#242=EDGE_LOOP('',(#1219,#1220,#1221,#1222));
#243=EDGE_LOOP('',(#1223,#1224,#1225,#1226,#1227,#1228,#1229,#1230,#1231,
#1232,#1233,#1234,#1235,#1236));
#244=EDGE_LOOP('',(#1237,#1238,#1239,#1240,#1241,#1242,#1243,#1244,#1245));
#245=EDGE_LOOP('',(#1246,#1247,#1248,#1249));
#246=EDGE_LOOP('',(#1250,#1251,#1252,#1253,#1254,#1255));
#247=EDGE_LOOP('',(#1256,#1257,#1258,#1259,#1260,#1261));
#248=EDGE_LOOP('',(#1262));
#249=EDGE_LOOP('',(#1263,#1264,#1265,#1266));
#250=EDGE_LOOP('',(#1267,#1268,#1269,#1270));
#251=EDGE_LOOP('',(#1271));
#252=EDGE_LOOP('',(#1272));
#253=EDGE_LOOP('',(#1273,#1274,#1275,#1276));
#254=EDGE_LOOP('',(#1277,#1278,#1279,#1280));
#255=EDGE_LOOP('',(#1281,#1282,#1283,#1284));
#256=EDGE_LOOP('',(#1285,#1286,#1287));
#257=EDGE_LOOP('',(#1288,#1289,#1290,#1291));
#258=EDGE_LOOP('',(#1292,#1293,#1294,#1295));
#259=EDGE_LOOP('',(#1296,#1297,#1298));
#260=EDGE_LOOP('',(#1299,#1300,#1301,#1302));
#261=EDGE_LOOP('',(#1303,#1304,#1305));
#262=EDGE_LOOP('',(#1306,#1307,#1308,#1309));
#263=EDGE_LOOP('',(#1310,#1311,#1312));
#264=EDGE_LOOP('',(#1313));
#265=EDGE_LOOP('',(#1314,#1315,#1316,#1317));
#266=EDGE_LOOP('',(#1318,#1319,#1320,#1321));
#267=EDGE_LOOP('',(#1322,#1323,#1324,#1325));
#268=EDGE_LOOP('',(#1326,#1327,#1328,#1329));
#269=EDGE_LOOP('',(#1330,#1331,#1332,#1333));
#270=EDGE_LOOP('',(#1334,#1335,#1336,#1337,#1338,#1339));
#271=EDGE_LOOP('',(#1340,#1341,#1342,#1343));
#272=EDGE_LOOP('',(#1344,#1345,#1346,#1347));
#273=EDGE_LOOP('',(#1348,#1349,#1350,#1351));
#274=EDGE_LOOP('',(#1352,#1353,#1354,#1355));
#275=EDGE_LOOP('',(#1356,#1357,#1358,#1359,#1360,#1361));
#276=EDGE_LOOP('',(#1362,#1363,#1364,#1365));
#277=EDGE_LOOP('',(#1366,#1367,#1368,#1369));
#278=EDGE_LOOP('',(#1370,#1371,#1372,#1373));
#279=EDGE_LOOP('',(#1374,#1375,#1376,#1377));
#280=EDGE_LOOP('',(#1378,#1379,#1380,#1381));
#281=EDGE_LOOP('',(#1382,#1383,#1384,#1385));
#282=EDGE_LOOP('',(#1386,#1387,#1388,#1389));
#283=EDGE_LOOP('',(#1390,#1391,#1392,#1393));
#284=EDGE_LOOP('',(#1394,#1395,#1396,#1397));
#285=EDGE_LOOP('',(#1398,#1399,#1400,#1401));
#286=EDGE_LOOP('',(#1402,#1403,#1404,#1405));
#287=EDGE_LOOP('',(#1406,#1407,#1408,#1409));
#288=EDGE_LOOP('',(#1410,#1411,#1412,#1413));
#289=EDGE_LOOP('',(#1414,#1415,#1416,#1417));
#290=EDGE_LOOP('',(#1418,#1419,#1420,#1421));
#291=EDGE_LOOP('',(#1422,#1423,#1424,#1425));
#292=EDGE_LOOP('',(#1426,#1427,#1428,#1429));
#293=EDGE_LOOP('',(#1430,#1431,#1432,#1433));
#294=EDGE_LOOP('',(#1434,#1435,#1436,#1437));
#295=EDGE_LOOP('',(#1438,#1439,#1440,#1441));
#296=EDGE_LOOP('',(#1442,#1443,#1444,#1445));
#297=EDGE_LOOP('',(#1446,#1447,#1448,#1449));
#298=EDGE_LOOP('',(#1450,#1451,#1452,#1453));
#299=EDGE_LOOP('',(#1454,#1455,#1456,#1457));
#300=EDGE_LOOP('',(#1458,#1459,#1460,#1461));
#301=EDGE_LOOP('',(#1462,#1463,#1464,#1465));
#302=EDGE_LOOP('',(#1466,#1467,#1468,#1469));
#303=EDGE_LOOP('',(#1470,#1471,#1472,#1473));
#304=EDGE_LOOP('',(#1474));
#305=EDGE_LOOP('',(#1475,#1476,#1477,#1478));
#306=EDGE_LOOP('',(#1479,#1480,#1481,#1482));
#307=EDGE_LOOP('',(#1483,#1484,#1485,#1486));
#308=EDGE_LOOP('',(#1487,#1488,#1489,#1490));
#309=EDGE_LOOP('',(#1491,#1492,#1493,#1494));
#310=EDGE_LOOP('',(#1495,#1496,#1497,#1498));
#311=EDGE_LOOP('',(#1499,#1500,#1501,#1502));
#312=EDGE_LOOP('',(#1503,#1504,#1505,#1506));
#313=EDGE_LOOP('',(#1507,#1508,#1509,#1510,#1511));
#314=EDGE_LOOP('',(#1512,#1513,#1514,#1515));
#315=EDGE_LOOP('',(#1516,#1517,#1518,#1519));
#316=EDGE_LOOP('',(#1520,#1521,#1522,#1523));
#317=EDGE_LOOP('',(#1524,#1525,#1526,#1527));
#318=EDGE_LOOP('',(#1528,#1529,#1530,#1531));
#319=EDGE_LOOP('',(#1532,#1533,#1534,#1535,#1536));
#320=EDGE_LOOP('',(#1537,#1538,#1539,#1540,#1541,#1542,#1543,#1544));
#321=EDGE_LOOP('',(#1545,#1546,#1547,#1548,#1549,#1550));
#322=EDGE_LOOP('',(#1551,#1552,#1553,#1554,#1555,#1556));
#323=EDGE_LOOP('',(#1557,#1558,#1559,#1560));
#324=EDGE_LOOP('',(#1561,#1562,#1563,#1564,#1565,#1566));
#325=EDGE_LOOP('',(#1567,#1568,#1569,#1570));
#326=EDGE_LOOP('',(#1571,#1572,#1573,#1574));
#327=EDGE_LOOP('',(#1575,#1576,#1577,#1578));
#328=EDGE_LOOP('',(#1579,#1580,#1581,#1582));
#329=EDGE_LOOP('',(#1583,#1584,#1585,#1586));
#330=EDGE_LOOP('',(#1587,#1588,#1589,#1590));
#331=EDGE_LOOP('',(#1591,#1592,#1593,#1594,#1595,#1596,#1597,#1598));
#332=EDGE_LOOP('',(#1599,#1600,#1601,#1602));
#333=EDGE_LOOP('',(#1603,#1604,#1605,#1606,#1607));
#334=EDGE_LOOP('',(#1608,#1609,#1610,#1611,#1612,#1613));
#335=EDGE_LOOP('',(#1614));
#336=EDGE_LOOP('',(#1615,#1616,#1617,#1618,#1619,#1620,#1621,#1622));
#337=EDGE_LOOP('',(#1623,#1624,#1625,#1626));
#338=LINE('',#2370,#529);
#339=LINE('',#2377,#530);
#340=LINE('',#2384,#531);
#341=LINE('',#2391,#532);
#342=LINE('',#2398,#533);
#343=LINE('',#2406,#534);
#344=LINE('',#2408,#535);
#345=LINE('',#2413,#536);
#346=LINE('',#2417,#537);
#347=LINE('',#2421,#538);
#348=LINE('',#2423,#539);
#349=LINE('',#2425,#540);
#350=LINE('',#2426,#541);
#351=LINE('',#2431,#542);
#352=LINE('',#2433,#543);
#353=LINE('',#2434,#544);
#354=LINE('',#2438,#545);
#355=LINE('',#2441,#546);
#356=LINE('',#2443,#547);
#357=LINE('',#2445,#548);
#358=LINE('',#2451,#549);
#359=LINE('',#2457,#550);
#360=LINE('',#2459,#551);
#361=LINE('',#2461,#552);
#362=LINE('',#2463,#553);
#363=LINE('',#2465,#554);
#364=LINE('',#2467,#555);
#365=LINE('',#2469,#556);
#366=LINE('',#2475,#557);
#367=LINE('',#2479,#558);
#368=LINE('',#2481,#559);
#369=LINE('',#2483,#560);
#370=LINE('',#2484,#561);
#371=LINE('',#2487,#562);
#372=LINE('',#2509,#563);
#373=LINE('',#2511,#564);
#374=LINE('',#2512,#565);
#375=LINE('',#2514,#566);
#376=LINE('',#2516,#567);
#377=LINE('',#2517,#568);
#378=LINE('',#2521,#569);
#379=LINE('',#2524,#570);
#380=LINE('',#2528,#571);
#381=LINE('',#2530,#572);
#382=LINE('',#2532,#573);
#383=LINE('',#2534,#574);
#384=LINE('',#2535,#575);
#385=LINE('',#2556,#576);
#386=LINE('',#2558,#577);
#387=LINE('',#2560,#578);
#388=LINE('',#2561,#579);
#389=LINE('',#2565,#580);
#390=LINE('',#2567,#581);
#391=LINE('',#2569,#582);
#392=LINE('',#2570,#583);
#393=LINE('',#2579,#584);
#394=LINE('',#2581,#585);
#395=LINE('',#2582,#586);
#396=LINE('',#2586,#587);
#397=LINE('',#2588,#588);
#398=LINE('',#2590,#589);
#399=LINE('',#2591,#590);
#400=LINE('',#2595,#591);
#401=LINE('',#2596,#592);
#402=LINE('',#2598,#593);
#403=LINE('',#2599,#594);
#404=LINE('',#2602,#595);
#405=LINE('',#2603,#596);
#406=LINE('',#2606,#597);
#407=LINE('',#2607,#598);
#408=LINE('',#2610,#599);
#409=LINE('',#2614,#600);
#410=LINE('',#2615,#601);
#411=LINE('',#2618,#602);
#412=LINE('',#2619,#603);
#413=LINE('',#2621,#604);
#414=LINE('',#2622,#605);
#415=LINE('',#2624,#606);
#416=LINE('',#2626,#607);
#417=LINE('',#2633,#608);
#418=LINE('',#2634,#609);
#419=LINE('',#2635,#610);
#420=LINE('',#2638,#611);
#421=LINE('',#2639,#612);
#422=LINE('',#2642,#613);
#423=LINE('',#2643,#614);
#424=LINE('',#2645,#615);
#425=LINE('',#2648,#616);
#426=LINE('',#2650,#617);
#427=LINE('',#2651,#618);
#428=LINE('',#2654,#619);
#429=LINE('',#2655,#620);
#430=LINE('',#2656,#621);
#431=LINE('',#2658,#622);
#432=LINE('',#2661,#623);
#433=LINE('',#2665,#624);
#434=LINE('',#2669,#625);
#435=LINE('',#2671,#626);
#436=LINE('',#2672,#627);
#437=LINE('',#2675,#628);
#438=LINE('',#2677,#629);
#439=LINE('',#2679,#630);
#440=LINE('',#2681,#631);
#441=LINE('',#2682,#632);
#442=LINE('',#2684,#633);
#443=LINE('',#2685,#634);
#444=LINE('',#2687,#635);
#445=LINE('',#2689,#636);
#446=LINE('',#2690,#637);
#447=LINE('',#2694,#638);
#448=LINE('',#2696,#639);
#449=LINE('',#2698,#640);
#450=LINE('',#2699,#641);
#451=LINE('',#2702,#642);
#452=LINE('',#2704,#643);
#453=LINE('',#2705,#644);
#454=LINE('',#2708,#645);
#455=LINE('',#2710,#646);
#456=LINE('',#2711,#647);
#457=LINE('',#2713,#648);
#458=LINE('',#2714,#649);
#459=LINE('',#2718,#650);
#460=LINE('',#2720,#651);
#461=LINE('',#2722,#652);
#462=LINE('',#2723,#653);
#463=LINE('',#2726,#654);
#464=LINE('',#2728,#655);
#465=LINE('',#2729,#656);
#466=LINE('',#2732,#657);
#467=LINE('',#2734,#658);
#468=LINE('',#2735,#659);
#469=LINE('',#2737,#660);
#470=LINE('',#2738,#661);
#471=LINE('',#2742,#662);
#472=LINE('',#2744,#663);
#473=LINE('',#2746,#664);
#474=LINE('',#2747,#665);
#475=LINE('',#2750,#666);
#476=LINE('',#2752,#667);
#477=LINE('',#2753,#668);
#478=LINE('',#2756,#669);
#479=LINE('',#2758,#670);
#480=LINE('',#2759,#671);
#481=LINE('',#2761,#672);
#482=LINE('',#2762,#673);
#483=LINE('',#2766,#674);
#484=LINE('',#2768,#675);
#485=LINE('',#2770,#676);
#486=LINE('',#2771,#677);
#487=LINE('',#2774,#678);
#488=LINE('',#2776,#679);
#489=LINE('',#2777,#680);
#490=LINE('',#2780,#681);
#491=LINE('',#2782,#682);
#492=LINE('',#2783,#683);
#493=LINE('',#2785,#684);
#494=LINE('',#2786,#685);
#495=LINE('',#2790,#686);
#496=LINE('',#2792,#687);
#497=LINE('',#2794,#688);
#498=LINE('',#2795,#689);
#499=LINE('',#2798,#690);
#500=LINE('',#2800,#691);
#501=LINE('',#2801,#692);
#502=LINE('',#2804,#693);
#503=LINE('',#2806,#694);
#504=LINE('',#2807,#695);
#505=LINE('',#2809,#696);
#506=LINE('',#2810,#697);
#507=LINE('',#2813,#698);
#508=LINE('',#2815,#699);
#509=LINE('',#2816,#700);
#510=LINE('',#2819,#701);
#511=LINE('',#2820,#702);
#512=LINE('',#2823,#703);
#513=LINE('',#2824,#704);
#514=LINE('',#2827,#705);
#515=LINE('',#2828,#706);
#516=LINE('',#2831,#707);
#517=LINE('',#2832,#708);
#518=LINE('',#2834,#709);
#519=LINE('',#2836,#710);
#520=LINE('',#2839,#711);
#521=LINE('',#2855,#712);
#522=LINE('',#2857,#713);
#523=LINE('',#2861,#714);
#524=LINE('',#2862,#715);
#525=LINE('',#2865,#716);
#526=LINE('',#2866,#717);
#527=LINE('',#2868,#718);
#528=LINE('',#2886,#719);
#529=VECTOR('',#1898,2.25);
#530=VECTOR('',#1907,2.25);
#531=VECTOR('',#1916,2.25);
#532=VECTOR('',#1925,2.25);
#533=VECTOR('',#1934,2.25);
#534=VECTOR('',#1943,10.);
#535=VECTOR('',#1944,10.);
#536=VECTOR('',#1949,10.);
#537=VECTOR('',#1954,10.);
#538=VECTOR('',#1957,10.);
#539=VECTOR('',#1958,10.);
#540=VECTOR('',#1959,10.);
#541=VECTOR('',#1960,10.);
#542=VECTOR('',#1965,10.);
#543=VECTOR('',#1966,10.);
#544=VECTOR('',#1967,10.);
#545=VECTOR('',#1972,10.);
#546=VECTOR('',#1975,10.);
#547=VECTOR('',#1976,10.);
#548=VECTOR('',#1977,10.);
#549=VECTOR('',#1982,10.);
#550=VECTOR('',#1987,10.);
#551=VECTOR('',#1988,10.);
#552=VECTOR('',#1989,10.);
#553=VECTOR('',#1990,10.);
#554=VECTOR('',#1991,10.);
#555=VECTOR('',#1992,10.);
#556=VECTOR('',#1993,10.);
#557=VECTOR('',#1998,10.);
#558=VECTOR('',#2001,10.);
#559=VECTOR('',#2002,10.);
#560=VECTOR('',#2003,10.);
#561=VECTOR('',#2004,10.);
#562=VECTOR('',#2007,10.);
#563=VECTOR('',#2008,10.);
#564=VECTOR('',#2009,10.);
#565=VECTOR('',#2010,10.);
#566=VECTOR('',#2011,10.);
#567=VECTOR('',#2012,10.);
#568=VECTOR('',#2013,10.);
#569=VECTOR('',#2018,4.125);
#570=VECTOR('',#2021,10.);
#571=VECTOR('',#2026,10.);
#572=VECTOR('',#2027,10.);
#573=VECTOR('',#2028,10.);
#574=VECTOR('',#2029,10.);
#575=VECTOR('',#2030,10.);
#576=VECTOR('',#2043,10.);
#577=VECTOR('',#2044,10.);
#578=VECTOR('',#2045,10.);
#579=VECTOR('',#2046,10.);
#580=VECTOR('',#2049,10.);
#581=VECTOR('',#2050,10.);
#582=VECTOR('',#2051,10.);
#583=VECTOR('',#2052,10.);
#584=VECTOR('',#2063,10.);
#585=VECTOR('',#2064,10.);
#586=VECTOR('',#2065,10.);
#587=VECTOR('',#2068,10.);
#588=VECTOR('',#2069,10.);
#589=VECTOR('',#2070,10.);
#590=VECTOR('',#2071,10.);
#591=VECTOR('',#2074,10.);
#592=VECTOR('',#2075,10.);
#593=VECTOR('',#2076,10.);
#594=VECTOR('',#2077,10.);
#595=VECTOR('',#2080,10.);
#596=VECTOR('',#2081,10.);
#597=VECTOR('',#2084,10.);
#598=VECTOR('',#2085,10.);
#599=VECTOR('',#2088,4.1);
#600=VECTOR('',#2093,10.);
#601=VECTOR('',#2094,10.);
#602=VECTOR('',#2097,10.);
#603=VECTOR('',#2098,10.);
#604=VECTOR('',#2101,10.);
#605=VECTOR('',#2102,10.);
#606=VECTOR('',#2105,10.);
#607=VECTOR('',#2108,10.);
#608=VECTOR('',#2115,10.);
#609=VECTOR('',#2116,10.);
#610=VECTOR('',#2117,10.);
#611=VECTOR('',#2120,10.);
#612=VECTOR('',#2121,10.);
#613=VECTOR('',#2124,10.);
#614=VECTOR('',#2125,10.);
#615=VECTOR('',#2128,10.);
#616=VECTOR('',#2131,10.);
#617=VECTOR('',#2132,10.);
#618=VECTOR('',#2133,10.);
#619=VECTOR('',#2136,10.);
#620=VECTOR('',#2137,10.);
#621=VECTOR('',#2138,10.);
#622=VECTOR('',#2141,10.);
#623=VECTOR('',#2144,4.15);
#624=VECTOR('',#2149,4.14999999999999);
#625=VECTOR('',#2154,10.);
#626=VECTOR('',#2155,10.);
#627=VECTOR('',#2156,10.);
#628=VECTOR('',#2159,10.);
#629=VECTOR('',#2160,10.);
#630=VECTOR('',#2161,10.);
#631=VECTOR('',#2162,10.);
#632=VECTOR('',#2163,10.);
#633=VECTOR('',#2166,10.);
#634=VECTOR('',#2167,10.);
#635=VECTOR('',#2170,10.);
#636=VECTOR('',#2173,10.);
#637=VECTOR('',#2174,10.);
#638=VECTOR('',#2177,10.);
#639=VECTOR('',#2178,10.);
#640=VECTOR('',#2179,10.);
#641=VECTOR('',#2180,10.);
#642=VECTOR('',#2183,10.);
#643=VECTOR('',#2184,10.);
#644=VECTOR('',#2185,10.);
#645=VECTOR('',#2188,10.);
#646=VECTOR('',#2189,10.);
#647=VECTOR('',#2190,10.);
#648=VECTOR('',#2193,10.);
#649=VECTOR('',#2194,10.);
#650=VECTOR('',#2197,10.);
#651=VECTOR('',#2198,10.);
#652=VECTOR('',#2199,10.);
#653=VECTOR('',#2200,10.);
#654=VECTOR('',#2203,10.);
#655=VECTOR('',#2204,10.);
#656=VECTOR('',#2205,10.);
#657=VECTOR('',#2208,10.);
#658=VECTOR('',#2209,10.);
#659=VECTOR('',#2210,10.);
#660=VECTOR('',#2213,10.);
#661=VECTOR('',#2214,10.);
#662=VECTOR('',#2217,10.);
#663=VECTOR('',#2218,10.);
#664=VECTOR('',#2219,10.);
#665=VECTOR('',#2220,10.);
#666=VECTOR('',#2223,10.);
#667=VECTOR('',#2224,10.);
#668=VECTOR('',#2225,10.);
#669=VECTOR('',#2228,10.);
#670=VECTOR('',#2229,10.);
#671=VECTOR('',#2230,10.);
#672=VECTOR('',#2233,10.);
#673=VECTOR('',#2234,10.);
#674=VECTOR('',#2237,10.);
#675=VECTOR('',#2238,10.);
#676=VECTOR('',#2239,10.);
#677=VECTOR('',#2240,10.);
#678=VECTOR('',#2243,10.);
#679=VECTOR('',#2244,10.);
#680=VECTOR('',#2245,10.);
#681=VECTOR('',#2248,10.);
#682=VECTOR('',#2249,10.);
#683=VECTOR('',#2250,10.);
#684=VECTOR('',#2253,10.);
#685=VECTOR('',#2254,10.);
#686=VECTOR('',#2257,10.);
#687=VECTOR('',#2258,10.);
#688=VECTOR('',#2259,10.);
#689=VECTOR('',#2260,10.);
#690=VECTOR('',#2263,10.);
#691=VECTOR('',#2264,10.);
#692=VECTOR('',#2265,10.);
#693=VECTOR('',#2268,10.);
#694=VECTOR('',#2269,10.);
#695=VECTOR('',#2270,10.);
#696=VECTOR('',#2273,10.);
#697=VECTOR('',#2274,10.);
#698=VECTOR('',#2277,10.);
#699=VECTOR('',#2278,10.);
#700=VECTOR('',#2279,10.);
#701=VECTOR('',#2282,10.);
#702=VECTOR('',#2283,10.);
#703=VECTOR('',#2286,10.);
#704=VECTOR('',#2287,10.);
#705=VECTOR('',#2290,10.);
#706=VECTOR('',#2291,10.);
#707=VECTOR('',#2294,10.);
#708=VECTOR('',#2295,10.);
#709=VECTOR('',#2298,10.);
#710=VECTOR('',#2301,10.);
#711=VECTOR('',#2304,4.15);
#712=VECTOR('',#2335,10.);
#713=VECTOR('',#2338,10.);
#714=VECTOR('',#2343,10.);
#715=VECTOR('',#2344,10.);
#716=VECTOR('',#2347,10.);
#717=VECTOR('',#2348,10.);
#718=VECTOR('',#2351,10.);
#719=VECTOR('',#2364,4.14999999999999);
#720=CIRCLE('',#1753,2.25);
#721=CIRCLE('',#1754,2.25);
#722=CIRCLE('',#1757,2.25);
#723=CIRCLE('',#1758,2.25);
#724=CIRCLE('',#1761,2.25);
#725=CIRCLE('',#1762,2.25);
#726=CIRCLE('',#1765,2.25);
#727=CIRCLE('',#1766,2.25);
#728=CIRCLE('',#1769,2.25);
#729=CIRCLE('',#1770,2.25);
#730=CIRCLE('',#1773,5.95);
#731=CIRCLE('',#1774,5.95);
#732=CIRCLE('',#1776,4.125);
#733=CIRCLE('',#1777,4.125);
#734=CIRCLE('',#1780,4.125);
#735=CIRCLE('',#1782,5.95);
#736=CIRCLE('',#1784,5.95);
#737=CIRCLE('',#1785,5.95);
#738=CIRCLE('',#1786,5.94999999999999);
#739=CIRCLE('',#1787,5.94999999999999);
#740=CIRCLE('',#1788,5.94999999999999);
#741=CIRCLE('',#1789,5.94999999999999);
#742=CIRCLE('',#1790,5.95);
#743=CIRCLE('',#1793,4.125);
#744=CIRCLE('',#1794,4.125);
#745=CIRCLE('',#1795,4.125);
#746=CIRCLE('',#1798,4.14999999999999);
#747=CIRCLE('',#1799,1.8);
#748=CIRCLE('',#1801,4.1);
#749=CIRCLE('',#1805,4.15);
#750=CIRCLE('',#1807,4.14999999999999);
#751=CIRCLE('',#1814,4.1);
#752=CIRCLE('',#1821,4.15);
#753=CIRCLE('',#1830,4.15);
#754=CIRCLE('',#1832,4.14999999999999);
#755=CIRCLE('',#1866,4.15);
#756=CIRCLE('',#1877,1.8);
#757=CIRCLE('',#1879,1.8);
#758=CIRCLE('',#1887,1.8);
#759=CIRCLE('',#1889,4.14999999999999);
#760=VERTEX_POINT('',#2367);
#761=VERTEX_POINT('',#2369);
#762=VERTEX_POINT('',#2374);
#763=VERTEX_POINT('',#2376);
#764=VERTEX_POINT('',#2381);
#765=VERTEX_POINT('',#2383);
#766=VERTEX_POINT('',#2388);
#767=VERTEX_POINT('',#2390);
#768=VERTEX_POINT('',#2395);
#769=VERTEX_POINT('',#2397);
#770=VERTEX_POINT('',#2402);
#771=VERTEX_POINT('',#2403);
#772=VERTEX_POINT('',#2405);
#773=VERTEX_POINT('',#2407);
#774=VERTEX_POINT('',#2411);
#775=VERTEX_POINT('',#2412);
#776=VERTEX_POINT('',#2414);
#777=VERTEX_POINT('',#2419);
#778=VERTEX_POINT('',#2420);
#779=VERTEX_POINT('',#2422);
#780=VERTEX_POINT('',#2424);
#781=VERTEX_POINT('',#2428);
#782=VERTEX_POINT('',#2430);
#783=VERTEX_POINT('',#2432);
#784=VERTEX_POINT('',#2436);
#785=VERTEX_POINT('',#2440);
#786=VERTEX_POINT('',#2442);
#787=VERTEX_POINT('',#2444);
#788=VERTEX_POINT('',#2446);
#789=VERTEX_POINT('',#2448);
#790=VERTEX_POINT('',#2450);
#791=VERTEX_POINT('',#2452);
#792=VERTEX_POINT('',#2454);
#793=VERTEX_POINT('',#2456);
#794=VERTEX_POINT('',#2458);
#795=VERTEX_POINT('',#2460);
#796=VERTEX_POINT('',#2462);
#797=VERTEX_POINT('',#2464);
#798=VERTEX_POINT('',#2466);
#799=VERTEX_POINT('',#2468);
#800=VERTEX_POINT('',#2470);
#801=VERTEX_POINT('',#2472);
#802=VERTEX_POINT('',#2474);
#803=VERTEX_POINT('',#2477);
#804=VERTEX_POINT('',#2478);
#805=VERTEX_POINT('',#2480);
#806=VERTEX_POINT('',#2482);
#807=VERTEX_POINT('',#2486);
#808=VERTEX_POINT('',#2508);
#809=VERTEX_POINT('',#2510);
#810=VERTEX_POINT('',#2513);
#811=VERTEX_POINT('',#2515);
#812=VERTEX_POINT('',#2519);
#813=VERTEX_POINT('',#2523);
#814=VERTEX_POINT('',#2527);
#815=VERTEX_POINT('',#2529);
#816=VERTEX_POINT('',#2531);
#817=VERTEX_POINT('',#2533);
#818=VERTEX_POINT('',#2537);
#819=VERTEX_POINT('',#2551);
#820=VERTEX_POINT('',#2554);
#821=VERTEX_POINT('',#2555);
#822=VERTEX_POINT('',#2557);
#823=VERTEX_POINT('',#2559);
#824=VERTEX_POINT('',#2563);
#825=VERTEX_POINT('',#2564);
#826=VERTEX_POINT('',#2566);
#827=VERTEX_POINT('',#2568);
#828=VERTEX_POINT('',#2572);
#829=VERTEX_POINT('',#2575);
#830=VERTEX_POINT('',#2578);
#831=VERTEX_POINT('',#2580);
#832=VERTEX_POINT('',#2584);
#833=VERTEX_POINT('',#2585);
#834=VERTEX_POINT('',#2587);
#835=VERTEX_POINT('',#2589);
#836=VERTEX_POINT('',#2593);
#837=VERTEX_POINT('',#2594);
#838=VERTEX_POINT('',#2597);
#839=VERTEX_POINT('',#2601);
#840=VERTEX_POINT('',#2605);
#841=VERTEX_POINT('',#2609);
#842=VERTEX_POINT('',#2613);
#843=VERTEX_POINT('',#2617);
#844=VERTEX_POINT('',#2628);
#845=VERTEX_POINT('',#2631);
#846=VERTEX_POINT('',#2632);
#847=VERTEX_POINT('',#2637);
#848=VERTEX_POINT('',#2641);
#849=VERTEX_POINT('',#2647);
#850=VERTEX_POINT('',#2649);
#851=VERTEX_POINT('',#2653);
#852=VERTEX_POINT('',#2660);
#853=VERTEX_POINT('',#2664);
#854=VERTEX_POINT('',#2668);
#855=VERTEX_POINT('',#2670);
#856=VERTEX_POINT('',#2674);
#857=VERTEX_POINT('',#2676);
#858=VERTEX_POINT('',#2678);
#859=VERTEX_POINT('',#2680);
#860=VERTEX_POINT('',#2692);
#861=VERTEX_POINT('',#2693);
#862=VERTEX_POINT('',#2695);
#863=VERTEX_POINT('',#2697);
#864=VERTEX_POINT('',#2701);
#865=VERTEX_POINT('',#2703);
#866=VERTEX_POINT('',#2707);
#867=VERTEX_POINT('',#2709);
#868=VERTEX_POINT('',#2716);
#869=VERTEX_POINT('',#2717);
#870=VERTEX_POINT('',#2719);
#871=VERTEX_POINT('',#2721);
#872=VERTEX_POINT('',#2725);
#873=VERTEX_POINT('',#2727);
#874=VERTEX_POINT('',#2731);
#875=VERTEX_POINT('',#2733);
#876=VERTEX_POINT('',#2740);
#877=VERTEX_POINT('',#2741);
#878=VERTEX_POINT('',#2743);
#879=VERTEX_POINT('',#2745);
#880=VERTEX_POINT('',#2749);
#881=VERTEX_POINT('',#2751);
#882=VERTEX_POINT('',#2755);
#883=VERTEX_POINT('',#2757);
#884=VERTEX_POINT('',#2764);
#885=VERTEX_POINT('',#2765);
#886=VERTEX_POINT('',#2767);
#887=VERTEX_POINT('',#2769);
#888=VERTEX_POINT('',#2773);
#889=VERTEX_POINT('',#2775);
#890=VERTEX_POINT('',#2779);
#891=VERTEX_POINT('',#2781);
#892=VERTEX_POINT('',#2788);
#893=VERTEX_POINT('',#2789);
#894=VERTEX_POINT('',#2791);
#895=VERTEX_POINT('',#2793);
#896=VERTEX_POINT('',#2797);
#897=VERTEX_POINT('',#2799);
#898=VERTEX_POINT('',#2803);
#899=VERTEX_POINT('',#2805);
#900=VERTEX_POINT('',#2812);
#901=VERTEX_POINT('',#2814);
#902=VERTEX_POINT('',#2818);
#903=VERTEX_POINT('',#2822);
#904=VERTEX_POINT('',#2826);
#905=VERTEX_POINT('',#2830);
#906=VERTEX_POINT('',#2838);
#907=VERTEX_POINT('',#2860);
#908=VERTEX_POINT('',#2864);
#909=VERTEX_POINT('',#2882);
#910=EDGE_CURVE('',#760,#760,#720,.T.);
#911=EDGE_CURVE('',#760,#761,#338,.T.);
#912=EDGE_CURVE('',#761,#761,#721,.T.);
#913=EDGE_CURVE('',#762,#762,#722,.T.);
#914=EDGE_CURVE('',#762,#763,#339,.T.);
#915=EDGE_CURVE('',#763,#763,#723,.T.);
#916=EDGE_CURVE('',#764,#764,#724,.T.);
#917=EDGE_CURVE('',#764,#765,#340,.T.);
#918=EDGE_CURVE('',#765,#765,#725,.T.);
#919=EDGE_CURVE('',#766,#766,#726,.T.);
#920=EDGE_CURVE('',#766,#767,#341,.T.);
#921=EDGE_CURVE('',#767,#767,#727,.T.);
#922=EDGE_CURVE('',#768,#768,#728,.T.);
#923=EDGE_CURVE('',#768,#769,#342,.T.);
#924=EDGE_CURVE('',#769,#769,#729,.T.);
#925=EDGE_CURVE('',#770,#771,#730,.T.);
#926=EDGE_CURVE('',#770,#772,#343,.T.);
#927=EDGE_CURVE('',#773,#772,#344,.T.);
#928=EDGE_CURVE('',#771,#773,#731,.T.);
#929=EDGE_CURVE('',#774,#775,#345,.T.);
#930=EDGE_CURVE('',#776,#774,#732,.T.);
#931=EDGE_CURVE('',#772,#776,#733,.T.);
#932=EDGE_CURVE('',#775,#770,#346,.T.);
#933=EDGE_CURVE('',#777,#778,#347,.T.);
#934=EDGE_CURVE('',#779,#778,#348,.T.);
#935=EDGE_CURVE('',#780,#779,#349,.T.);
#936=EDGE_CURVE('',#777,#780,#350,.T.);
#937=EDGE_CURVE('',#778,#781,#734,.T.);
#938=EDGE_CURVE('',#782,#781,#351,.T.);
#939=EDGE_CURVE('',#783,#782,#352,.T.);
#940=EDGE_CURVE('',#783,#779,#353,.T.);
#941=EDGE_CURVE('',#784,#770,#735,.T.);
#942=EDGE_CURVE('',#775,#784,#354,.T.);
#943=EDGE_CURVE('',#773,#785,#355,.T.);
#944=EDGE_CURVE('',#785,#786,#356,.F.);
#945=EDGE_CURVE('',#787,#786,#357,.T.);
#946=EDGE_CURVE('',#788,#787,#736,.T.);
#947=EDGE_CURVE('',#789,#788,#737,.T.);
#948=EDGE_CURVE('',#790,#789,#358,.T.);
#949=EDGE_CURVE('',#791,#790,#738,.T.);
#950=EDGE_CURVE('',#792,#791,#739,.T.);
#951=EDGE_CURVE('',#793,#792,#359,.T.);
#952=EDGE_CURVE('',#794,#793,#360,.T.);
#953=EDGE_CURVE('',#795,#794,#361,.T.);
#954=EDGE_CURVE('',#795,#796,#362,.T.);
#955=EDGE_CURVE('',#796,#797,#363,.T.);
#956=EDGE_CURVE('',#797,#798,#364,.T.);
#957=EDGE_CURVE('',#799,#798,#365,.T.);
#958=EDGE_CURVE('',#800,#799,#740,.T.);
#959=EDGE_CURVE('',#801,#800,#741,.T.);
#960=EDGE_CURVE('',#802,#801,#366,.T.);
#961=EDGE_CURVE('',#773,#802,#742,.T.);
#962=EDGE_CURVE('',#803,#804,#367,.T.);
#963=EDGE_CURVE('',#805,#803,#368,.T.);
#964=EDGE_CURVE('',#806,#805,#369,.T.);
#965=EDGE_CURVE('',#804,#806,#370,.T.);
#966=EDGE_CURVE('',#807,#774,#371,.T.);
#967=EDGE_CURVE('',#784,#802,#23,.T.);
#968=EDGE_CURVE('',#801,#799,#24,.T.);
#969=EDGE_CURVE('',#798,#808,#372,.T.);
#970=EDGE_CURVE('',#808,#809,#373,.T.);
#971=EDGE_CURVE('',#809,#795,#374,.T.);
#972=EDGE_CURVE('',#794,#810,#375,.F.);
#973=EDGE_CURVE('',#811,#810,#376,.T.);
#974=EDGE_CURVE('',#807,#811,#377,.T.);
#975=EDGE_CURVE('',#812,#812,#743,.T.);
#976=EDGE_CURVE('',#812,#776,#378,.T.);
#977=EDGE_CURVE('',#785,#807,#744,.T.);
#978=EDGE_CURVE('',#781,#813,#379,.T.);
#979=EDGE_CURVE('',#813,#777,#745,.T.);
#980=EDGE_CURVE('',#814,#812,#380,.T.);
#981=EDGE_CURVE('',#815,#814,#381,.T.);
#982=EDGE_CURVE('',#816,#815,#382,.T.);
#983=EDGE_CURVE('',#817,#816,#383,.T.);
#984=EDGE_CURVE('',#812,#817,#384,.T.);
#985=EDGE_CURVE('',#818,#818,#746,.T.);
#986=EDGE_CURVE('',#818,#791,#747,.T.);
#987=EDGE_CURVE('',#792,#790,#25,.T.);
#988=EDGE_CURVE('',#819,#819,#748,.T.);
#989=EDGE_CURVE('',#820,#821,#385,.T.);
#990=EDGE_CURVE('',#822,#820,#386,.T.);
#991=EDGE_CURVE('',#823,#822,#387,.T.);
#992=EDGE_CURVE('',#821,#823,#388,.T.);
#993=EDGE_CURVE('',#824,#825,#389,.T.);
#994=EDGE_CURVE('',#826,#824,#390,.T.);
#995=EDGE_CURVE('',#827,#826,#391,.T.);
#996=EDGE_CURVE('',#825,#827,#392,.T.);
#997=EDGE_CURVE('',#828,#828,#749,.T.);
#998=EDGE_CURVE('',#829,#829,#750,.T.);
#999=EDGE_CURVE('',#830,#822,#393,.T.);
#1000=EDGE_CURVE('',#820,#831,#394,.T.);
#1001=EDGE_CURVE('',#831,#830,#395,.T.);
#1002=EDGE_CURVE('',#832,#833,#396,.T.);
#1003=EDGE_CURVE('',#833,#834,#397,.T.);
#1004=EDGE_CURVE('',#834,#835,#398,.T.);
#1005=EDGE_CURVE('',#832,#835,#399,.T.);
#1006=EDGE_CURVE('',#836,#837,#400,.T.);
#1007=EDGE_CURVE('',#837,#782,#401,.T.);
#1008=EDGE_CURVE('',#782,#838,#402,.T.);
#1009=EDGE_CURVE('',#836,#838,#403,.T.);
#1010=EDGE_CURVE('',#839,#830,#404,.T.);
#1011=EDGE_CURVE('',#822,#839,#405,.T.);
#1012=EDGE_CURVE('',#840,#823,#406,.T.);
#1013=EDGE_CURVE('',#839,#840,#407,.T.);
#1014=EDGE_CURVE('',#819,#841,#408,.T.);
#1015=EDGE_CURVE('',#841,#841,#751,.T.);
#1016=EDGE_CURVE('',#842,#840,#409,.T.);
#1017=EDGE_CURVE('',#823,#842,#410,.T.);
#1018=EDGE_CURVE('',#843,#821,#411,.T.);
#1019=EDGE_CURVE('',#842,#843,#412,.T.);
#1020=EDGE_CURVE('',#815,#843,#413,.T.);
#1021=EDGE_CURVE('',#821,#815,#414,.T.);
#1022=EDGE_CURVE('',#814,#820,#415,.T.);
#1023=EDGE_CURVE('',#831,#814,#416,.T.);
#1024=EDGE_CURVE('',#844,#844,#752,.T.);
#1025=EDGE_CURVE('',#845,#846,#417,.T.);
#1026=EDGE_CURVE('',#845,#827,#418,.T.);
#1027=EDGE_CURVE('',#846,#826,#419,.T.);
#1028=EDGE_CURVE('',#847,#845,#420,.T.);
#1029=EDGE_CURVE('',#847,#825,#421,.T.);
#1030=EDGE_CURVE('',#848,#847,#422,.T.);
#1031=EDGE_CURVE('',#848,#824,#423,.T.);
#1032=EDGE_CURVE('',#846,#848,#424,.T.);
#1033=EDGE_CURVE('',#838,#849,#425,.T.);
#1034=EDGE_CURVE('',#849,#850,#426,.F.);
#1035=EDGE_CURVE('',#850,#836,#427,.T.);
#1036=EDGE_CURVE('',#850,#851,#428,.T.);
#1037=EDGE_CURVE('',#849,#780,#429,.T.);
#1038=EDGE_CURVE('',#851,#783,#430,.F.);
#1039=EDGE_CURVE('',#837,#851,#431,.T.);
#1040=EDGE_CURVE('',#828,#852,#432,.T.);
#1041=EDGE_CURVE('',#852,#852,#753,.T.);
#1042=EDGE_CURVE('',#829,#853,#433,.T.);
#1043=EDGE_CURVE('',#853,#853,#754,.T.);
#1044=EDGE_CURVE('',#835,#854,#434,.T.);
#1045=EDGE_CURVE('',#854,#855,#435,.F.);
#1046=EDGE_CURVE('',#855,#832,#436,.T.);
#1047=EDGE_CURVE('',#855,#856,#437,.T.);
#1048=EDGE_CURVE('',#854,#857,#438,.T.);
#1049=EDGE_CURVE('',#857,#858,#439,.T.);
#1050=EDGE_CURVE('',#859,#858,#440,.T.);
#1051=EDGE_CURVE('',#856,#859,#441,.F.);
#1052=EDGE_CURVE('',#833,#856,#442,.T.);
#1053=EDGE_CURVE('',#859,#834,#443,.T.);
#1054=EDGE_CURVE('',#838,#813,#444,.T.);
#1055=EDGE_CURVE('',#834,#809,#445,.T.);
#1056=EDGE_CURVE('',#835,#808,#446,.T.);
#1057=EDGE_CURVE('',#860,#861,#447,.T.);
#1058=EDGE_CURVE('',#862,#860,#448,.T.);
#1059=EDGE_CURVE('',#863,#862,#449,.T.);
#1060=EDGE_CURVE('',#863,#861,#450,.T.);
#1061=EDGE_CURVE('',#864,#860,#451,.T.);
#1062=EDGE_CURVE('',#865,#864,#452,.T.);
#1063=EDGE_CURVE('',#862,#865,#453,.T.);
#1064=EDGE_CURVE('',#866,#864,#454,.T.);
#1065=EDGE_CURVE('',#867,#866,#455,.T.);
#1066=EDGE_CURVE('',#865,#867,#456,.T.);
#1067=EDGE_CURVE('',#861,#866,#457,.T.);
#1068=EDGE_CURVE('',#867,#863,#458,.T.);
#1069=EDGE_CURVE('',#868,#869,#459,.T.);
#1070=EDGE_CURVE('',#870,#868,#460,.T.);
#1071=EDGE_CURVE('',#871,#870,#461,.T.);
#1072=EDGE_CURVE('',#871,#869,#462,.T.);
#1073=EDGE_CURVE('',#872,#868,#463,.T.);
#1074=EDGE_CURVE('',#873,#872,#464,.T.);
#1075=EDGE_CURVE('',#870,#873,#465,.T.);
#1076=EDGE_CURVE('',#874,#872,#466,.T.);
#1077=EDGE_CURVE('',#875,#874,#467,.T.);
#1078=EDGE_CURVE('',#873,#875,#468,.T.);
#1079=EDGE_CURVE('',#869,#874,#469,.T.);
#1080=EDGE_CURVE('',#875,#871,#470,.T.);
#1081=EDGE_CURVE('',#876,#877,#471,.T.);
#1082=EDGE_CURVE('',#878,#876,#472,.T.);
#1083=EDGE_CURVE('',#879,#878,#473,.T.);
#1084=EDGE_CURVE('',#879,#877,#474,.T.);
#1085=EDGE_CURVE('',#880,#876,#475,.T.);
#1086=EDGE_CURVE('',#881,#880,#476,.T.);
#1087=EDGE_CURVE('',#878,#881,#477,.T.);
#1088=EDGE_CURVE('',#882,#880,#478,.T.);
#1089=EDGE_CURVE('',#883,#882,#479,.T.);
#1090=EDGE_CURVE('',#881,#883,#480,.T.);
#1091=EDGE_CURVE('',#877,#882,#481,.T.);
#1092=EDGE_CURVE('',#883,#879,#482,.T.);
#1093=EDGE_CURVE('',#884,#885,#483,.T.);
#1094=EDGE_CURVE('',#886,#884,#484,.T.);
#1095=EDGE_CURVE('',#887,#886,#485,.T.);
#1096=EDGE_CURVE('',#887,#885,#486,.T.);
#1097=EDGE_CURVE('',#888,#884,#487,.T.);
#1098=EDGE_CURVE('',#889,#888,#488,.T.);
#1099=EDGE_CURVE('',#886,#889,#489,.T.);
#1100=EDGE_CURVE('',#890,#888,#490,.T.);
#1101=EDGE_CURVE('',#891,#890,#491,.T.);
#1102=EDGE_CURVE('',#889,#891,#492,.T.);
#1103=EDGE_CURVE('',#885,#890,#493,.T.);
#1104=EDGE_CURVE('',#891,#887,#494,.T.);
#1105=EDGE_CURVE('',#892,#893,#495,.T.);
#1106=EDGE_CURVE('',#894,#892,#496,.T.);
#1107=EDGE_CURVE('',#895,#894,#497,.T.);
#1108=EDGE_CURVE('',#895,#893,#498,.T.);
#1109=EDGE_CURVE('',#896,#892,#499,.T.);
#1110=EDGE_CURVE('',#897,#896,#500,.T.);
#1111=EDGE_CURVE('',#894,#897,#501,.T.);
#1112=EDGE_CURVE('',#898,#896,#502,.T.);
#1113=EDGE_CURVE('',#899,#898,#503,.T.);
#1114=EDGE_CURVE('',#897,#899,#504,.T.);
#1115=EDGE_CURVE('',#893,#898,#505,.T.);
#1116=EDGE_CURVE('',#899,#895,#506,.T.);
#1117=EDGE_CURVE('',#900,#831,#507,.T.);
#1118=EDGE_CURVE('',#901,#900,#508,.T.);
#1119=EDGE_CURVE('',#830,#901,#509,.T.);
#1120=EDGE_CURVE('',#901,#902,#510,.T.);
#1121=EDGE_CURVE('',#902,#839,#511,.T.);
#1122=EDGE_CURVE('',#903,#902,#512,.T.);
#1123=EDGE_CURVE('',#840,#903,#513,.T.);
#1124=EDGE_CURVE('',#903,#904,#514,.T.);
#1125=EDGE_CURVE('',#904,#842,#515,.T.);
#1126=EDGE_CURVE('',#843,#905,#516,.T.);
#1127=EDGE_CURVE('',#905,#904,#517,.T.);
#1128=EDGE_CURVE('',#905,#816,#518,.T.);
#1129=EDGE_CURVE('',#817,#900,#519,.T.);
#1130=EDGE_CURVE('',#844,#906,#520,.T.);
#1131=EDGE_CURVE('',#906,#906,#755,.T.);
#1132=EDGE_CURVE('',#806,#845,#15,.T.);
#1133=EDGE_CURVE('',#804,#846,#16,.T.);
#1134=EDGE_CURVE('',#805,#847,#17,.T.);
#1135=EDGE_CURVE('',#848,#803,#18,.T.);
#1136=EDGE_CURVE('',#852,#771,#756,.T.);
#1137=EDGE_CURVE('',#853,#800,#757,.T.);
#1138=EDGE_CURVE('',#797,#857,#521,.T.);
#1139=EDGE_CURVE('',#858,#796,#522,.T.);
#1140=EDGE_CURVE('',#810,#907,#523,.T.);
#1141=EDGE_CURVE('',#793,#907,#524,.F.);
#1142=EDGE_CURVE('',#907,#908,#525,.T.);
#1143=EDGE_CURVE('',#908,#811,#526,.T.);
#1144=EDGE_CURVE('',#786,#908,#527,.F.);
#1145=EDGE_CURVE('',#906,#788,#758,.T.);
#1146=EDGE_CURVE('',#789,#787,#26,.T.);
#1147=EDGE_CURVE('',#909,#909,#759,.T.);
#1148=EDGE_CURVE('',#909,#818,#528,.T.);
#1149=ORIENTED_EDGE('',*,*,#910,.F.);
#1150=ORIENTED_EDGE('',*,*,#911,.T.);
#1151=ORIENTED_EDGE('',*,*,#912,.F.);
#1152=ORIENTED_EDGE('',*,*,#911,.F.);
#1153=ORIENTED_EDGE('',*,*,#910,.T.);
#1154=ORIENTED_EDGE('',*,*,#913,.F.);
#1155=ORIENTED_EDGE('',*,*,#914,.T.);
#1156=ORIENTED_EDGE('',*,*,#915,.F.);
#1157=ORIENTED_EDGE('',*,*,#914,.F.);
#1158=ORIENTED_EDGE('',*,*,#913,.T.);
#1159=ORIENTED_EDGE('',*,*,#916,.F.);
#1160=ORIENTED_EDGE('',*,*,#917,.T.);
#1161=ORIENTED_EDGE('',*,*,#918,.F.);
#1162=ORIENTED_EDGE('',*,*,#917,.F.);
#1163=ORIENTED_EDGE('',*,*,#916,.T.);
#1164=ORIENTED_EDGE('',*,*,#919,.F.);
#1165=ORIENTED_EDGE('',*,*,#920,.T.);
#1166=ORIENTED_EDGE('',*,*,#921,.F.);
#1167=ORIENTED_EDGE('',*,*,#920,.F.);
#1168=ORIENTED_EDGE('',*,*,#919,.T.);
#1169=ORIENTED_EDGE('',*,*,#922,.F.);
#1170=ORIENTED_EDGE('',*,*,#923,.T.);
#1171=ORIENTED_EDGE('',*,*,#924,.F.);
#1172=ORIENTED_EDGE('',*,*,#923,.F.);
#1173=ORIENTED_EDGE('',*,*,#922,.T.);
#1174=ORIENTED_EDGE('',*,*,#925,.F.);
#1175=ORIENTED_EDGE('',*,*,#926,.T.);
#1176=ORIENTED_EDGE('',*,*,#927,.F.);
#1177=ORIENTED_EDGE('',*,*,#928,.F.);
#1178=ORIENTED_EDGE('',*,*,#929,.F.);
#1179=ORIENTED_EDGE('',*,*,#930,.F.);
#1180=ORIENTED_EDGE('',*,*,#931,.F.);
#1181=ORIENTED_EDGE('',*,*,#926,.F.);
#1182=ORIENTED_EDGE('',*,*,#932,.F.);
#1183=ORIENTED_EDGE('',*,*,#933,.T.);
#1184=ORIENTED_EDGE('',*,*,#934,.F.);
#1185=ORIENTED_EDGE('',*,*,#935,.F.);
#1186=ORIENTED_EDGE('',*,*,#936,.F.);
#1187=ORIENTED_EDGE('',*,*,#937,.T.);
#1188=ORIENTED_EDGE('',*,*,#938,.F.);
#1189=ORIENTED_EDGE('',*,*,#939,.F.);
#1190=ORIENTED_EDGE('',*,*,#940,.T.);
#1191=ORIENTED_EDGE('',*,*,#934,.T.);
#1192=ORIENTED_EDGE('',*,*,#932,.T.);
#1193=ORIENTED_EDGE('',*,*,#941,.F.);
#1194=ORIENTED_EDGE('',*,*,#942,.F.);
#1195=ORIENTED_EDGE('',*,*,#943,.T.);
#1196=ORIENTED_EDGE('',*,*,#944,.T.);
#1197=ORIENTED_EDGE('',*,*,#945,.F.);
#1198=ORIENTED_EDGE('',*,*,#946,.F.);
#1199=ORIENTED_EDGE('',*,*,#947,.F.);
#1200=ORIENTED_EDGE('',*,*,#948,.F.);
#1201=ORIENTED_EDGE('',*,*,#949,.F.);
#1202=ORIENTED_EDGE('',*,*,#950,.F.);
#1203=ORIENTED_EDGE('',*,*,#951,.F.);
#1204=ORIENTED_EDGE('',*,*,#952,.F.);
#1205=ORIENTED_EDGE('',*,*,#953,.F.);
#1206=ORIENTED_EDGE('',*,*,#954,.T.);
#1207=ORIENTED_EDGE('',*,*,#955,.T.);
#1208=ORIENTED_EDGE('',*,*,#956,.T.);
#1209=ORIENTED_EDGE('',*,*,#957,.F.);
#1210=ORIENTED_EDGE('',*,*,#958,.F.);
#1211=ORIENTED_EDGE('',*,*,#959,.F.);
#1212=ORIENTED_EDGE('',*,*,#960,.F.);
#1213=ORIENTED_EDGE('',*,*,#961,.F.);
#1214=ORIENTED_EDGE('',*,*,#912,.T.);
#1215=ORIENTED_EDGE('',*,*,#915,.T.);
#1216=ORIENTED_EDGE('',*,*,#918,.T.);
#1217=ORIENTED_EDGE('',*,*,#921,.T.);
#1218=ORIENTED_EDGE('',*,*,#924,.T.);
#1219=ORIENTED_EDGE('',*,*,#962,.F.);
#1220=ORIENTED_EDGE('',*,*,#963,.F.);
#1221=ORIENTED_EDGE('',*,*,#964,.F.);
#1222=ORIENTED_EDGE('',*,*,#965,.F.);
#1223=ORIENTED_EDGE('',*,*,#966,.T.);
#1224=ORIENTED_EDGE('',*,*,#929,.T.);
#1225=ORIENTED_EDGE('',*,*,#942,.T.);
#1226=ORIENTED_EDGE('',*,*,#967,.T.);
#1227=ORIENTED_EDGE('',*,*,#960,.T.);
#1228=ORIENTED_EDGE('',*,*,#968,.T.);
#1229=ORIENTED_EDGE('',*,*,#957,.T.);
#1230=ORIENTED_EDGE('',*,*,#969,.T.);
#1231=ORIENTED_EDGE('',*,*,#970,.T.);
#1232=ORIENTED_EDGE('',*,*,#971,.T.);
#1233=ORIENTED_EDGE('',*,*,#953,.T.);
#1234=ORIENTED_EDGE('',*,*,#972,.T.);
#1235=ORIENTED_EDGE('',*,*,#973,.F.);
#1236=ORIENTED_EDGE('',*,*,#974,.F.);
#1237=ORIENTED_EDGE('',*,*,#975,.F.);
#1238=ORIENTED_EDGE('',*,*,#976,.T.);
#1239=ORIENTED_EDGE('',*,*,#930,.T.);
#1240=ORIENTED_EDGE('',*,*,#966,.F.);
#1241=ORIENTED_EDGE('',*,*,#977,.F.);
#1242=ORIENTED_EDGE('',*,*,#943,.F.);
#1243=ORIENTED_EDGE('',*,*,#927,.T.);
#1244=ORIENTED_EDGE('',*,*,#931,.T.);
#1245=ORIENTED_EDGE('',*,*,#976,.F.);
#1246=ORIENTED_EDGE('',*,*,#978,.F.);
#1247=ORIENTED_EDGE('',*,*,#937,.F.);
#1248=ORIENTED_EDGE('',*,*,#933,.F.);
#1249=ORIENTED_EDGE('',*,*,#979,.F.);
#1250=ORIENTED_EDGE('',*,*,#980,.F.);
#1251=ORIENTED_EDGE('',*,*,#981,.F.);
#1252=ORIENTED_EDGE('',*,*,#982,.F.);
#1253=ORIENTED_EDGE('',*,*,#983,.F.);
#1254=ORIENTED_EDGE('',*,*,#984,.F.);
#1255=ORIENTED_EDGE('',*,*,#975,.T.);
#1256=ORIENTED_EDGE('',*,*,#985,.T.);
#1257=ORIENTED_EDGE('',*,*,#986,.T.);
#1258=ORIENTED_EDGE('',*,*,#949,.T.);
#1259=ORIENTED_EDGE('',*,*,#987,.F.);
#1260=ORIENTED_EDGE('',*,*,#950,.T.);
#1261=ORIENTED_EDGE('',*,*,#986,.F.);
#1262=ORIENTED_EDGE('',*,*,#988,.F.);
#1263=ORIENTED_EDGE('',*,*,#989,.F.);
#1264=ORIENTED_EDGE('',*,*,#990,.F.);
#1265=ORIENTED_EDGE('',*,*,#991,.F.);
#1266=ORIENTED_EDGE('',*,*,#992,.F.);
#1267=ORIENTED_EDGE('',*,*,#993,.F.);
#1268=ORIENTED_EDGE('',*,*,#994,.F.);
#1269=ORIENTED_EDGE('',*,*,#995,.F.);
#1270=ORIENTED_EDGE('',*,*,#996,.F.);
#1271=ORIENTED_EDGE('',*,*,#997,.T.);
#1272=ORIENTED_EDGE('',*,*,#998,.T.);
#1273=ORIENTED_EDGE('',*,*,#999,.T.);
#1274=ORIENTED_EDGE('',*,*,#990,.T.);
#1275=ORIENTED_EDGE('',*,*,#1000,.T.);
#1276=ORIENTED_EDGE('',*,*,#1001,.T.);
#1277=ORIENTED_EDGE('',*,*,#1002,.T.);
#1278=ORIENTED_EDGE('',*,*,#1003,.T.);
#1279=ORIENTED_EDGE('',*,*,#1004,.T.);
#1280=ORIENTED_EDGE('',*,*,#1005,.F.);
#1281=ORIENTED_EDGE('',*,*,#1006,.T.);
#1282=ORIENTED_EDGE('',*,*,#1007,.T.);
#1283=ORIENTED_EDGE('',*,*,#1008,.T.);
#1284=ORIENTED_EDGE('',*,*,#1009,.F.);
#1285=ORIENTED_EDGE('',*,*,#1010,.F.);
#1286=ORIENTED_EDGE('',*,*,#1011,.F.);
#1287=ORIENTED_EDGE('',*,*,#999,.F.);
#1288=ORIENTED_EDGE('',*,*,#1012,.T.);
#1289=ORIENTED_EDGE('',*,*,#991,.T.);
#1290=ORIENTED_EDGE('',*,*,#1011,.T.);
#1291=ORIENTED_EDGE('',*,*,#1013,.T.);
#1292=ORIENTED_EDGE('',*,*,#988,.T.);
#1293=ORIENTED_EDGE('',*,*,#1014,.T.);
#1294=ORIENTED_EDGE('',*,*,#1015,.F.);
#1295=ORIENTED_EDGE('',*,*,#1014,.F.);
#1296=ORIENTED_EDGE('',*,*,#1016,.F.);
#1297=ORIENTED_EDGE('',*,*,#1017,.F.);
#1298=ORIENTED_EDGE('',*,*,#1012,.F.);
#1299=ORIENTED_EDGE('',*,*,#1018,.T.);
#1300=ORIENTED_EDGE('',*,*,#992,.T.);
#1301=ORIENTED_EDGE('',*,*,#1017,.T.);
#1302=ORIENTED_EDGE('',*,*,#1019,.T.);
#1303=ORIENTED_EDGE('',*,*,#1020,.F.);
#1304=ORIENTED_EDGE('',*,*,#1021,.F.);
#1305=ORIENTED_EDGE('',*,*,#1018,.F.);
#1306=ORIENTED_EDGE('',*,*,#1021,.T.);
#1307=ORIENTED_EDGE('',*,*,#981,.T.);
#1308=ORIENTED_EDGE('',*,*,#1022,.T.);
#1309=ORIENTED_EDGE('',*,*,#989,.T.);
#1310=ORIENTED_EDGE('',*,*,#1000,.F.);
#1311=ORIENTED_EDGE('',*,*,#1022,.F.);
#1312=ORIENTED_EDGE('',*,*,#1023,.F.);
#1313=ORIENTED_EDGE('',*,*,#1024,.T.);
#1314=ORIENTED_EDGE('',*,*,#1025,.F.);
#1315=ORIENTED_EDGE('',*,*,#1026,.T.);
#1316=ORIENTED_EDGE('',*,*,#995,.T.);
#1317=ORIENTED_EDGE('',*,*,#1027,.F.);
#1318=ORIENTED_EDGE('',*,*,#1028,.F.);
#1319=ORIENTED_EDGE('',*,*,#1029,.T.);
#1320=ORIENTED_EDGE('',*,*,#996,.T.);
#1321=ORIENTED_EDGE('',*,*,#1026,.F.);
#1322=ORIENTED_EDGE('',*,*,#1030,.F.);
#1323=ORIENTED_EDGE('',*,*,#1031,.T.);
#1324=ORIENTED_EDGE('',*,*,#993,.T.);
#1325=ORIENTED_EDGE('',*,*,#1029,.F.);
#1326=ORIENTED_EDGE('',*,*,#1032,.F.);
#1327=ORIENTED_EDGE('',*,*,#1027,.T.);
#1328=ORIENTED_EDGE('',*,*,#994,.T.);
#1329=ORIENTED_EDGE('',*,*,#1031,.F.);
#1330=ORIENTED_EDGE('',*,*,#1033,.T.);
#1331=ORIENTED_EDGE('',*,*,#1034,.T.);
#1332=ORIENTED_EDGE('',*,*,#1035,.T.);
#1333=ORIENTED_EDGE('',*,*,#1009,.T.);
#1334=ORIENTED_EDGE('',*,*,#1036,.F.);
#1335=ORIENTED_EDGE('',*,*,#1034,.F.);
#1336=ORIENTED_EDGE('',*,*,#1037,.T.);
#1337=ORIENTED_EDGE('',*,*,#935,.T.);
#1338=ORIENTED_EDGE('',*,*,#940,.F.);
#1339=ORIENTED_EDGE('',*,*,#1038,.F.);
#1340=ORIENTED_EDGE('',*,*,#1039,.T.);
#1341=ORIENTED_EDGE('',*,*,#1038,.T.);
#1342=ORIENTED_EDGE('',*,*,#939,.T.);
#1343=ORIENTED_EDGE('',*,*,#1007,.F.);
#1344=ORIENTED_EDGE('',*,*,#997,.F.);
#1345=ORIENTED_EDGE('',*,*,#1040,.T.);
#1346=ORIENTED_EDGE('',*,*,#1041,.F.);
#1347=ORIENTED_EDGE('',*,*,#1040,.F.);
#1348=ORIENTED_EDGE('',*,*,#998,.F.);
#1349=ORIENTED_EDGE('',*,*,#1042,.T.);
#1350=ORIENTED_EDGE('',*,*,#1043,.F.);
#1351=ORIENTED_EDGE('',*,*,#1042,.F.);
#1352=ORIENTED_EDGE('',*,*,#1044,.T.);
#1353=ORIENTED_EDGE('',*,*,#1045,.T.);
#1354=ORIENTED_EDGE('',*,*,#1046,.T.);
#1355=ORIENTED_EDGE('',*,*,#1005,.T.);
#1356=ORIENTED_EDGE('',*,*,#1047,.F.);
#1357=ORIENTED_EDGE('',*,*,#1045,.F.);
#1358=ORIENTED_EDGE('',*,*,#1048,.T.);
#1359=ORIENTED_EDGE('',*,*,#1049,.T.);
#1360=ORIENTED_EDGE('',*,*,#1050,.F.);
#1361=ORIENTED_EDGE('',*,*,#1051,.F.);
#1362=ORIENTED_EDGE('',*,*,#1052,.T.);
#1363=ORIENTED_EDGE('',*,*,#1051,.T.);
#1364=ORIENTED_EDGE('',*,*,#1053,.T.);
#1365=ORIENTED_EDGE('',*,*,#1003,.F.);
#1366=ORIENTED_EDGE('',*,*,#978,.T.);
#1367=ORIENTED_EDGE('',*,*,#1054,.F.);
#1368=ORIENTED_EDGE('',*,*,#1008,.F.);
#1369=ORIENTED_EDGE('',*,*,#938,.T.);
#1370=ORIENTED_EDGE('',*,*,#1004,.F.);
#1371=ORIENTED_EDGE('',*,*,#1055,.T.);
#1372=ORIENTED_EDGE('',*,*,#970,.F.);
#1373=ORIENTED_EDGE('',*,*,#1056,.F.);
#1374=ORIENTED_EDGE('',*,*,#1057,.F.);
#1375=ORIENTED_EDGE('',*,*,#1058,.F.);
#1376=ORIENTED_EDGE('',*,*,#1059,.F.);
#1377=ORIENTED_EDGE('',*,*,#1060,.T.);
#1378=ORIENTED_EDGE('',*,*,#1061,.F.);
#1379=ORIENTED_EDGE('',*,*,#1062,.F.);
#1380=ORIENTED_EDGE('',*,*,#1063,.F.);
#1381=ORIENTED_EDGE('',*,*,#1058,.T.);
#1382=ORIENTED_EDGE('',*,*,#1064,.F.);
#1383=ORIENTED_EDGE('',*,*,#1065,.F.);
#1384=ORIENTED_EDGE('',*,*,#1066,.F.);
#1385=ORIENTED_EDGE('',*,*,#1062,.T.);
#1386=ORIENTED_EDGE('',*,*,#1067,.F.);
#1387=ORIENTED_EDGE('',*,*,#1060,.F.);
#1388=ORIENTED_EDGE('',*,*,#1068,.F.);
#1389=ORIENTED_EDGE('',*,*,#1065,.T.);
#1390=ORIENTED_EDGE('',*,*,#1069,.F.);
#1391=ORIENTED_EDGE('',*,*,#1070,.F.);
#1392=ORIENTED_EDGE('',*,*,#1071,.F.);
#1393=ORIENTED_EDGE('',*,*,#1072,.T.);
#1394=ORIENTED_EDGE('',*,*,#1073,.F.);
#1395=ORIENTED_EDGE('',*,*,#1074,.F.);
#1396=ORIENTED_EDGE('',*,*,#1075,.F.);
#1397=ORIENTED_EDGE('',*,*,#1070,.T.);
#1398=ORIENTED_EDGE('',*,*,#1076,.F.);
#1399=ORIENTED_EDGE('',*,*,#1077,.F.);
#1400=ORIENTED_EDGE('',*,*,#1078,.F.);
#1401=ORIENTED_EDGE('',*,*,#1074,.T.);
#1402=ORIENTED_EDGE('',*,*,#1079,.F.);
#1403=ORIENTED_EDGE('',*,*,#1072,.F.);
#1404=ORIENTED_EDGE('',*,*,#1080,.F.);
#1405=ORIENTED_EDGE('',*,*,#1077,.T.);
#1406=ORIENTED_EDGE('',*,*,#1081,.F.);
#1407=ORIENTED_EDGE('',*,*,#1082,.F.);
#1408=ORIENTED_EDGE('',*,*,#1083,.F.);
#1409=ORIENTED_EDGE('',*,*,#1084,.T.);
#1410=ORIENTED_EDGE('',*,*,#1085,.F.);
#1411=ORIENTED_EDGE('',*,*,#1086,.F.);
#1412=ORIENTED_EDGE('',*,*,#1087,.F.);
#1413=ORIENTED_EDGE('',*,*,#1082,.T.);
#1414=ORIENTED_EDGE('',*,*,#1088,.F.);
#1415=ORIENTED_EDGE('',*,*,#1089,.F.);
#1416=ORIENTED_EDGE('',*,*,#1090,.F.);
#1417=ORIENTED_EDGE('',*,*,#1086,.T.);
#1418=ORIENTED_EDGE('',*,*,#1091,.F.);
#1419=ORIENTED_EDGE('',*,*,#1084,.F.);
#1420=ORIENTED_EDGE('',*,*,#1092,.F.);
#1421=ORIENTED_EDGE('',*,*,#1089,.T.);
#1422=ORIENTED_EDGE('',*,*,#1093,.F.);
#1423=ORIENTED_EDGE('',*,*,#1094,.F.);
#1424=ORIENTED_EDGE('',*,*,#1095,.F.);
#1425=ORIENTED_EDGE('',*,*,#1096,.T.);
#1426=ORIENTED_EDGE('',*,*,#1097,.F.);
#1427=ORIENTED_EDGE('',*,*,#1098,.F.);
#1428=ORIENTED_EDGE('',*,*,#1099,.F.);
#1429=ORIENTED_EDGE('',*,*,#1094,.T.);
#1430=ORIENTED_EDGE('',*,*,#1100,.F.);
#1431=ORIENTED_EDGE('',*,*,#1101,.F.);
#1432=ORIENTED_EDGE('',*,*,#1102,.F.);
#1433=ORIENTED_EDGE('',*,*,#1098,.T.);
#1434=ORIENTED_EDGE('',*,*,#1103,.F.);
#1435=ORIENTED_EDGE('',*,*,#1096,.F.);
#1436=ORIENTED_EDGE('',*,*,#1104,.F.);
#1437=ORIENTED_EDGE('',*,*,#1101,.T.);
#1438=ORIENTED_EDGE('',*,*,#1105,.F.);
#1439=ORIENTED_EDGE('',*,*,#1106,.F.);
#1440=ORIENTED_EDGE('',*,*,#1107,.F.);
#1441=ORIENTED_EDGE('',*,*,#1108,.T.);
#1442=ORIENTED_EDGE('',*,*,#1109,.F.);
#1443=ORIENTED_EDGE('',*,*,#1110,.F.);
#1444=ORIENTED_EDGE('',*,*,#1111,.F.);
#1445=ORIENTED_EDGE('',*,*,#1106,.T.);
#1446=ORIENTED_EDGE('',*,*,#1112,.F.);
#1447=ORIENTED_EDGE('',*,*,#1113,.F.);
#1448=ORIENTED_EDGE('',*,*,#1114,.F.);
#1449=ORIENTED_EDGE('',*,*,#1110,.T.);
#1450=ORIENTED_EDGE('',*,*,#1115,.F.);
#1451=ORIENTED_EDGE('',*,*,#1108,.F.);
#1452=ORIENTED_EDGE('',*,*,#1116,.F.);
#1453=ORIENTED_EDGE('',*,*,#1113,.T.);
#1454=ORIENTED_EDGE('',*,*,#1117,.F.);
#1455=ORIENTED_EDGE('',*,*,#1118,.F.);
#1456=ORIENTED_EDGE('',*,*,#1119,.F.);
#1457=ORIENTED_EDGE('',*,*,#1001,.F.);
#1458=ORIENTED_EDGE('',*,*,#1036,.T.);
#1459=ORIENTED_EDGE('',*,*,#1039,.F.);
#1460=ORIENTED_EDGE('',*,*,#1006,.F.);
#1461=ORIENTED_EDGE('',*,*,#1035,.F.);
#1462=ORIENTED_EDGE('',*,*,#1047,.T.);
#1463=ORIENTED_EDGE('',*,*,#1052,.F.);
#1464=ORIENTED_EDGE('',*,*,#1002,.F.);
#1465=ORIENTED_EDGE('',*,*,#1046,.F.);
#1466=ORIENTED_EDGE('',*,*,#1120,.T.);
#1467=ORIENTED_EDGE('',*,*,#1121,.T.);
#1468=ORIENTED_EDGE('',*,*,#1010,.T.);
#1469=ORIENTED_EDGE('',*,*,#1119,.T.);
#1470=ORIENTED_EDGE('',*,*,#1121,.F.);
#1471=ORIENTED_EDGE('',*,*,#1122,.F.);
#1472=ORIENTED_EDGE('',*,*,#1123,.F.);
#1473=ORIENTED_EDGE('',*,*,#1013,.F.);
#1474=ORIENTED_EDGE('',*,*,#1015,.T.);
#1475=ORIENTED_EDGE('',*,*,#1116,.T.);
#1476=ORIENTED_EDGE('',*,*,#1107,.T.);
#1477=ORIENTED_EDGE('',*,*,#1111,.T.);
#1478=ORIENTED_EDGE('',*,*,#1114,.T.);
#1479=ORIENTED_EDGE('',*,*,#1104,.T.);
#1480=ORIENTED_EDGE('',*,*,#1095,.T.);
#1481=ORIENTED_EDGE('',*,*,#1099,.T.);
#1482=ORIENTED_EDGE('',*,*,#1102,.T.);
#1483=ORIENTED_EDGE('',*,*,#1092,.T.);
#1484=ORIENTED_EDGE('',*,*,#1083,.T.);
#1485=ORIENTED_EDGE('',*,*,#1087,.T.);
#1486=ORIENTED_EDGE('',*,*,#1090,.T.);
#1487=ORIENTED_EDGE('',*,*,#1080,.T.);
#1488=ORIENTED_EDGE('',*,*,#1071,.T.);
#1489=ORIENTED_EDGE('',*,*,#1075,.T.);
#1490=ORIENTED_EDGE('',*,*,#1078,.T.);
#1491=ORIENTED_EDGE('',*,*,#1068,.T.);
#1492=ORIENTED_EDGE('',*,*,#1059,.T.);
#1493=ORIENTED_EDGE('',*,*,#1063,.T.);
#1494=ORIENTED_EDGE('',*,*,#1066,.T.);
#1495=ORIENTED_EDGE('',*,*,#1124,.T.);
#1496=ORIENTED_EDGE('',*,*,#1125,.T.);
#1497=ORIENTED_EDGE('',*,*,#1016,.T.);
#1498=ORIENTED_EDGE('',*,*,#1123,.T.);
#1499=ORIENTED_EDGE('',*,*,#1126,.F.);
#1500=ORIENTED_EDGE('',*,*,#1019,.F.);
#1501=ORIENTED_EDGE('',*,*,#1125,.F.);
#1502=ORIENTED_EDGE('',*,*,#1127,.F.);
#1503=ORIENTED_EDGE('',*,*,#1128,.T.);
#1504=ORIENTED_EDGE('',*,*,#982,.T.);
#1505=ORIENTED_EDGE('',*,*,#1020,.T.);
#1506=ORIENTED_EDGE('',*,*,#1126,.T.);
#1507=ORIENTED_EDGE('',*,*,#1129,.T.);
#1508=ORIENTED_EDGE('',*,*,#1117,.T.);
#1509=ORIENTED_EDGE('',*,*,#1023,.T.);
#1510=ORIENTED_EDGE('',*,*,#980,.T.);
#1511=ORIENTED_EDGE('',*,*,#984,.T.);
#1512=ORIENTED_EDGE('',*,*,#1024,.F.);
#1513=ORIENTED_EDGE('',*,*,#1130,.T.);
#1514=ORIENTED_EDGE('',*,*,#1131,.F.);
#1515=ORIENTED_EDGE('',*,*,#1130,.F.);
#1516=ORIENTED_EDGE('',*,*,#965,.T.);
#1517=ORIENTED_EDGE('',*,*,#1132,.T.);
#1518=ORIENTED_EDGE('',*,*,#1025,.T.);
#1519=ORIENTED_EDGE('',*,*,#1133,.F.);
#1520=ORIENTED_EDGE('',*,*,#1028,.T.);
#1521=ORIENTED_EDGE('',*,*,#1132,.F.);
#1522=ORIENTED_EDGE('',*,*,#964,.T.);
#1523=ORIENTED_EDGE('',*,*,#1134,.T.);
#1524=ORIENTED_EDGE('',*,*,#963,.T.);
#1525=ORIENTED_EDGE('',*,*,#1135,.F.);
#1526=ORIENTED_EDGE('',*,*,#1030,.T.);
#1527=ORIENTED_EDGE('',*,*,#1134,.F.);
#1528=ORIENTED_EDGE('',*,*,#962,.T.);
#1529=ORIENTED_EDGE('',*,*,#1133,.T.);
#1530=ORIENTED_EDGE('',*,*,#1032,.T.);
#1531=ORIENTED_EDGE('',*,*,#1135,.T.);
#1532=ORIENTED_EDGE('',*,*,#979,.T.);
#1533=ORIENTED_EDGE('',*,*,#936,.T.);
#1534=ORIENTED_EDGE('',*,*,#1037,.F.);
#1535=ORIENTED_EDGE('',*,*,#1033,.F.);
#1536=ORIENTED_EDGE('',*,*,#1054,.T.);
#1537=ORIENTED_EDGE('',*,*,#1041,.T.);
#1538=ORIENTED_EDGE('',*,*,#1136,.T.);
#1539=ORIENTED_EDGE('',*,*,#928,.T.);
#1540=ORIENTED_EDGE('',*,*,#961,.T.);
#1541=ORIENTED_EDGE('',*,*,#967,.F.);
#1542=ORIENTED_EDGE('',*,*,#941,.T.);
#1543=ORIENTED_EDGE('',*,*,#925,.T.);
#1544=ORIENTED_EDGE('',*,*,#1136,.F.);
#1545=ORIENTED_EDGE('',*,*,#1043,.T.);
#1546=ORIENTED_EDGE('',*,*,#1137,.T.);
#1547=ORIENTED_EDGE('',*,*,#958,.T.);
#1548=ORIENTED_EDGE('',*,*,#968,.F.);
#1549=ORIENTED_EDGE('',*,*,#959,.T.);
#1550=ORIENTED_EDGE('',*,*,#1137,.F.);
#1551=ORIENTED_EDGE('',*,*,#1044,.F.);
#1552=ORIENTED_EDGE('',*,*,#1056,.T.);
#1553=ORIENTED_EDGE('',*,*,#969,.F.);
#1554=ORIENTED_EDGE('',*,*,#956,.F.);
#1555=ORIENTED_EDGE('',*,*,#1138,.T.);
#1556=ORIENTED_EDGE('',*,*,#1048,.F.);
#1557=ORIENTED_EDGE('',*,*,#955,.F.);
#1558=ORIENTED_EDGE('',*,*,#1139,.F.);
#1559=ORIENTED_EDGE('',*,*,#1049,.F.);
#1560=ORIENTED_EDGE('',*,*,#1138,.F.);
#1561=ORIENTED_EDGE('',*,*,#1053,.F.);
#1562=ORIENTED_EDGE('',*,*,#1050,.T.);
#1563=ORIENTED_EDGE('',*,*,#1139,.T.);
#1564=ORIENTED_EDGE('',*,*,#954,.F.);
#1565=ORIENTED_EDGE('',*,*,#971,.F.);
#1566=ORIENTED_EDGE('',*,*,#1055,.F.);
#1567=ORIENTED_EDGE('',*,*,#1140,.F.);
#1568=ORIENTED_EDGE('',*,*,#972,.F.);
#1569=ORIENTED_EDGE('',*,*,#952,.T.);
#1570=ORIENTED_EDGE('',*,*,#1141,.T.);
#1571=ORIENTED_EDGE('',*,*,#1115,.T.);
#1572=ORIENTED_EDGE('',*,*,#1112,.T.);
#1573=ORIENTED_EDGE('',*,*,#1109,.T.);
#1574=ORIENTED_EDGE('',*,*,#1105,.T.);
#1575=ORIENTED_EDGE('',*,*,#1103,.T.);
#1576=ORIENTED_EDGE('',*,*,#1100,.T.);
#1577=ORIENTED_EDGE('',*,*,#1097,.T.);
#1578=ORIENTED_EDGE('',*,*,#1093,.T.);
#1579=ORIENTED_EDGE('',*,*,#1091,.T.);
#1580=ORIENTED_EDGE('',*,*,#1088,.T.);
#1581=ORIENTED_EDGE('',*,*,#1085,.T.);
#1582=ORIENTED_EDGE('',*,*,#1081,.T.);
#1583=ORIENTED_EDGE('',*,*,#1079,.T.);
#1584=ORIENTED_EDGE('',*,*,#1076,.T.);
#1585=ORIENTED_EDGE('',*,*,#1073,.T.);
#1586=ORIENTED_EDGE('',*,*,#1069,.T.);
#1587=ORIENTED_EDGE('',*,*,#1067,.T.);
#1588=ORIENTED_EDGE('',*,*,#1064,.T.);
#1589=ORIENTED_EDGE('',*,*,#1061,.T.);
#1590=ORIENTED_EDGE('',*,*,#1057,.T.);
#1591=ORIENTED_EDGE('',*,*,#1129,.F.);
#1592=ORIENTED_EDGE('',*,*,#983,.T.);
#1593=ORIENTED_EDGE('',*,*,#1128,.F.);
#1594=ORIENTED_EDGE('',*,*,#1127,.T.);
#1595=ORIENTED_EDGE('',*,*,#1124,.F.);
#1596=ORIENTED_EDGE('',*,*,#1122,.T.);
#1597=ORIENTED_EDGE('',*,*,#1120,.F.);
#1598=ORIENTED_EDGE('',*,*,#1118,.T.);
#1599=ORIENTED_EDGE('',*,*,#973,.T.);
#1600=ORIENTED_EDGE('',*,*,#1140,.T.);
#1601=ORIENTED_EDGE('',*,*,#1142,.T.);
#1602=ORIENTED_EDGE('',*,*,#1143,.T.);
#1603=ORIENTED_EDGE('',*,*,#977,.T.);
#1604=ORIENTED_EDGE('',*,*,#974,.T.);
#1605=ORIENTED_EDGE('',*,*,#1143,.F.);
#1606=ORIENTED_EDGE('',*,*,#1144,.F.);
#1607=ORIENTED_EDGE('',*,*,#944,.F.);
#1608=ORIENTED_EDGE('',*,*,#1131,.T.);
#1609=ORIENTED_EDGE('',*,*,#1145,.T.);
#1610=ORIENTED_EDGE('',*,*,#946,.T.);
#1611=ORIENTED_EDGE('',*,*,#1146,.F.);
#1612=ORIENTED_EDGE('',*,*,#947,.T.);
#1613=ORIENTED_EDGE('',*,*,#1145,.F.);
#1614=ORIENTED_EDGE('',*,*,#1147,.T.);
#1615=ORIENTED_EDGE('',*,*,#987,.T.);
#1616=ORIENTED_EDGE('',*,*,#948,.T.);
#1617=ORIENTED_EDGE('',*,*,#1146,.T.);
#1618=ORIENTED_EDGE('',*,*,#945,.T.);
#1619=ORIENTED_EDGE('',*,*,#1144,.T.);
#1620=ORIENTED_EDGE('',*,*,#1142,.F.);
#1621=ORIENTED_EDGE('',*,*,#1141,.F.);
#1622=ORIENTED_EDGE('',*,*,#951,.T.);
#1623=ORIENTED_EDGE('',*,*,#1147,.F.);
#1624=ORIENTED_EDGE('',*,*,#1148,.T.);
#1625=ORIENTED_EDGE('',*,*,#985,.F.);
#1626=ORIENTED_EDGE('',*,*,#1148,.F.);
#1627=CYLINDRICAL_SURFACE('',#1752,2.25);
#1628=CYLINDRICAL_SURFACE('',#1756,2.25);
#1629=CYLINDRICAL_SURFACE('',#1760,2.25);
#1630=CYLINDRICAL_SURFACE('',#1764,2.25);
#1631=CYLINDRICAL_SURFACE('',#1768,2.25);
#1632=CYLINDRICAL_SURFACE('',#1792,4.125);
#1633=CYLINDRICAL_SURFACE('',#1813,4.1);
#1634=CYLINDRICAL_SURFACE('',#1829,4.15);
#1635=CYLINDRICAL_SURFACE('',#1831,4.14999999999999);
#1636=CYLINDRICAL_SURFACE('',#1865,4.15);
#1637=CYLINDRICAL_SURFACE('',#1867,0.5);
#1638=CYLINDRICAL_SURFACE('',#1870,0.5);
#1639=CYLINDRICAL_SURFACE('',#1872,0.5);
#1640=CYLINDRICAL_SURFACE('',#1874,0.5);
#1641=CYLINDRICAL_SURFACE('',#1891,4.14999999999999);
#1642=ADVANCED_FACE('',(#125),#1627,.T.);
#1643=ADVANCED_FACE('',(#126),#48,.T.);
#1644=ADVANCED_FACE('',(#127),#1628,.T.);
#1645=ADVANCED_FACE('',(#128),#49,.T.);
#1646=ADVANCED_FACE('',(#129),#1629,.T.);
#1647=ADVANCED_FACE('',(#130),#50,.T.);
#1648=ADVANCED_FACE('',(#131),#1630,.T.);
#1649=ADVANCED_FACE('',(#132),#51,.T.);
#1650=ADVANCED_FACE('',(#133),#1631,.T.);
#1651=ADVANCED_FACE('',(#134),#52,.T.);
#1652=ADVANCED_FACE('',(#135),#53,.F.);
#1653=ADVANCED_FACE('',(#136),#54,.F.);
#1654=ADVANCED_FACE('',(#137),#55,.F.);
#1655=ADVANCED_FACE('',(#138),#56,.F.);
#1656=ADVANCED_FACE('',(#139),#57,.T.);
#1657=ADVANCED_FACE('',(#140,#27,#28,#29,#30,#31,#32),#58,.T.);
#1658=ADVANCED_FACE('',(#141),#59,.F.);
#1659=ADVANCED_FACE('',(#142,#33),#1632,.F.);
#1660=ADVANCED_FACE('',(#143),#60,.T.);
#1661=ADVANCED_FACE('',(#144),#19,.F.);
#1662=ADVANCED_FACE('',(#145),#61,.F.);
#1663=ADVANCED_FACE('',(#146),#62,.F.);
#1664=ADVANCED_FACE('',(#147),#63,.F.);
#1665=ADVANCED_FACE('',(#148),#64,.F.);
#1666=ADVANCED_FACE('',(#149),#65,.F.);
#1667=ADVANCED_FACE('',(#150),#66,.T.);
#1668=ADVANCED_FACE('',(#151),#67,.T.);
#1669=ADVANCED_FACE('',(#152),#68,.T.);
#1670=ADVANCED_FACE('',(#153),#69,.T.);
#1671=ADVANCED_FACE('',(#154),#70,.T.);
#1672=ADVANCED_FACE('',(#155),#1633,.T.);
#1673=ADVANCED_FACE('',(#156),#71,.T.);
#1674=ADVANCED_FACE('',(#157),#72,.T.);
#1675=ADVANCED_FACE('',(#158),#73,.T.);
#1676=ADVANCED_FACE('',(#159),#74,.T.);
#1677=ADVANCED_FACE('',(#160),#75,.T.);
#1678=ADVANCED_FACE('',(#161),#76,.F.);
#1679=ADVANCED_FACE('',(#162),#77,.F.);
#1680=ADVANCED_FACE('',(#163),#78,.F.);
#1681=ADVANCED_FACE('',(#164),#79,.F.);
#1682=ADVANCED_FACE('',(#165),#80,.F.);
#1683=ADVANCED_FACE('',(#166),#81,.T.);
#1684=ADVANCED_FACE('',(#167),#82,.F.);
#1685=ADVANCED_FACE('',(#168),#83,.T.);
#1686=ADVANCED_FACE('',(#169),#1634,.T.);
#1687=ADVANCED_FACE('',(#170),#1635,.T.);
#1688=ADVANCED_FACE('',(#171),#84,.T.);
#1689=ADVANCED_FACE('',(#172),#85,.F.);
#1690=ADVANCED_FACE('',(#173),#86,.T.);
#1691=ADVANCED_FACE('',(#174),#87,.F.);
#1692=ADVANCED_FACE('',(#175),#88,.F.);
#1693=ADVANCED_FACE('',(#176),#89,.F.);
#1694=ADVANCED_FACE('',(#177),#90,.F.);
#1695=ADVANCED_FACE('',(#178),#91,.F.);
#1696=ADVANCED_FACE('',(#179),#92,.F.);
#1697=ADVANCED_FACE('',(#180),#93,.F.);
#1698=ADVANCED_FACE('',(#181),#94,.F.);
#1699=ADVANCED_FACE('',(#182),#95,.F.);
#1700=ADVANCED_FACE('',(#183),#96,.F.);
#1701=ADVANCED_FACE('',(#184),#97,.F.);
#1702=ADVANCED_FACE('',(#185),#98,.F.);
#1703=ADVANCED_FACE('',(#186),#99,.F.);
#1704=ADVANCED_FACE('',(#187),#100,.F.);
#1705=ADVANCED_FACE('',(#188),#101,.F.);
#1706=ADVANCED_FACE('',(#189),#102,.F.);
#1707=ADVANCED_FACE('',(#190),#103,.F.);
#1708=ADVANCED_FACE('',(#191),#104,.F.);
#1709=ADVANCED_FACE('',(#192),#105,.F.);
#1710=ADVANCED_FACE('',(#193),#106,.F.);
#1711=ADVANCED_FACE('',(#194),#107,.F.);
#1712=ADVANCED_FACE('',(#195),#108,.F.);
#1713=ADVANCED_FACE('',(#196,#34,#35),#109,.T.);
#1714=ADVANCED_FACE('',(#197),#110,.T.);
#1715=ADVANCED_FACE('',(#198,#36,#37,#38,#39,#40,#41),#111,.T.);
#1716=ADVANCED_FACE('',(#199),#112,.T.);
#1717=ADVANCED_FACE('',(#200),#113,.T.);
#1718=ADVANCED_FACE('',(#201),#114,.T.);
#1719=ADVANCED_FACE('',(#202),#115,.T.);
#1720=ADVANCED_FACE('',(#203),#1636,.T.);
#1721=ADVANCED_FACE('',(#204),#1637,.T.);
#1722=ADVANCED_FACE('',(#205),#1638,.T.);
#1723=ADVANCED_FACE('',(#206),#1639,.T.);
#1724=ADVANCED_FACE('',(#207),#1640,.T.);
#1725=ADVANCED_FACE('',(#208),#116,.F.);
#1726=ADVANCED_FACE('',(#209),#20,.F.);
#1727=ADVANCED_FACE('',(#210),#21,.F.);
#1728=ADVANCED_FACE('',(#211),#117,.F.);
#1729=ADVANCED_FACE('',(#212),#118,.F.);
#1730=ADVANCED_FACE('',(#213),#119,.F.);
#1731=ADVANCED_FACE('',(#214,#42,#43,#44,#45,#46),#120,.F.);
#1732=ADVANCED_FACE('',(#215,#47),#121,.T.);
#1733=ADVANCED_FACE('',(#216),#122,.F.);
#1734=ADVANCED_FACE('',(#217),#22,.F.);
#1735=ADVANCED_FACE('',(#218),#123,.F.);
#1736=ADVANCED_FACE('',(#219),#124,.F.);
#1737=ADVANCED_FACE('',(#220),#1641,.T.);
#1738=CLOSED_SHELL('',(#1642,#1643,#1644,#1645,#1646,#1647,#1648,#1649,
#1650,#1651,#1652,#1653,#1654,#1655,#1656,#1657,#1658,#1659,#1660,#1661,
#1662,#1663,#1664,#1665,#1666,#1667,#1668,#1669,#1670,#1671,#1672,#1673,
#1674,#1675,#1676,#1677,#1678,#1679,#1680,#1681,#1682,#1683,#1684,#1685,
#1686,#1687,#1688,#1689,#1690,#1691,#1692,#1693,#1694,#1695,#1696,#1697,
#1698,#1699,#1700,#1701,#1702,#1703,#1704,#1705,#1706,#1707,#1708,#1709,
#1710,#1711,#1712,#1713,#1714,#1715,#1716,#1717,#1718,#1719,#1720,#1721,
#1722,#1723,#1724,#1725,#1726,#1727,#1728,#1729,#1730,#1731,#1732,#1733,
#1734,#1735,#1736,#1737));
#1739=DERIVED_UNIT_ELEMENT(#1741,1.);
#1740=DERIVED_UNIT_ELEMENT(#2892,-3.);
#1741=(
MASS_UNIT()
NAMED_UNIT(*)
SI_UNIT(.KILO.,.GRAM.)
);
#1742=DERIVED_UNIT((#1739,#1740));
#1743=MEASURE_REPRESENTATION_ITEM('density measure',
POSITIVE_RATIO_MEASURE(7850.),#1742);
#1744=PROPERTY_DEFINITION_REPRESENTATION(#1749,#1746);
#1745=PROPERTY_DEFINITION_REPRESENTATION(#1750,#1747);
#1746=REPRESENTATION('material name',(#1748),#2889);
#1747=REPRESENTATION('density',(#1743),#2889);
#1748=DESCRIPTIVE_REPRESENTATION_ITEM('Steel','Steel');
#1749=PROPERTY_DEFINITION('material property','material name',#2899);
#1750=PROPERTY_DEFINITION('material property','density of part',#2899);
#1751=AXIS2_PLACEMENT_3D('',#2365,#1892,#1893);
#1752=AXIS2_PLACEMENT_3D('',#2366,#1894,#1895);
#1753=AXIS2_PLACEMENT_3D('',#2368,#1896,#1897);
#1754=AXIS2_PLACEMENT_3D('',#2371,#1899,#1900);
#1755=AXIS2_PLACEMENT_3D('',#2372,#1901,#1902);
#1756=AXIS2_PLACEMENT_3D('',#2373,#1903,#1904);
#1757=AXIS2_PLACEMENT_3D('',#2375,#1905,#1906);
#1758=AXIS2_PLACEMENT_3D('',#2378,#1908,#1909);
#1759=AXIS2_PLACEMENT_3D('',#2379,#1910,#1911);
#1760=AXIS2_PLACEMENT_3D('',#2380,#1912,#1913);
#1761=AXIS2_PLACEMENT_3D('',#2382,#1914,#1915);
#1762=AXIS2_PLACEMENT_3D('',#2385,#1917,#1918);
#1763=AXIS2_PLACEMENT_3D('',#2386,#1919,#1920);
#1764=AXIS2_PLACEMENT_3D('',#2387,#1921,#1922);
#1765=AXIS2_PLACEMENT_3D('',#2389,#1923,#1924);
#1766=AXIS2_PLACEMENT_3D('',#2392,#1926,#1927);
#1767=AXIS2_PLACEMENT_3D('',#2393,#1928,#1929);
#1768=AXIS2_PLACEMENT_3D('',#2394,#1930,#1931);
#1769=AXIS2_PLACEMENT_3D('',#2396,#1932,#1933);
#1770=AXIS2_PLACEMENT_3D('',#2399,#1935,#1936);
#1771=AXIS2_PLACEMENT_3D('',#2400,#1937,#1938);
#1772=AXIS2_PLACEMENT_3D('',#2401,#1939,#1940);
#1773=AXIS2_PLACEMENT_3D('',#2404,#1941,#1942);
#1774=AXIS2_PLACEMENT_3D('',#2409,#1945,#1946);
#1775=AXIS2_PLACEMENT_3D('',#2410,#1947,#1948);
#1776=AXIS2_PLACEMENT_3D('',#2415,#1950,#1951);
#1777=AXIS2_PLACEMENT_3D('',#2416,#1952,#1953);
#1778=AXIS2_PLACEMENT_3D('',#2418,#1955,#1956);
#1779=AXIS2_PLACEMENT_3D('',#2427,#1961,#1962);
#1780=AXIS2_PLACEMENT_3D('',#2429,#1963,#1964);
#1781=AXIS2_PLACEMENT_3D('',#2435,#1968,#1969);
#1782=AXIS2_PLACEMENT_3D('',#2437,#1970,#1971);
#1783=AXIS2_PLACEMENT_3D('',#2439,#1973,#1974);
#1784=AXIS2_PLACEMENT_3D('',#2447,#1978,#1979);
#1785=AXIS2_PLACEMENT_3D('',#2449,#1980,#1981);
#1786=AXIS2_PLACEMENT_3D('',#2453,#1983,#1984);
#1787=AXIS2_PLACEMENT_3D('',#2455,#1985,#1986);
#1788=AXIS2_PLACEMENT_3D('',#2471,#1994,#1995);
#1789=AXIS2_PLACEMENT_3D('',#2473,#1996,#1997);
#1790=AXIS2_PLACEMENT_3D('',#2476,#1999,#2000);
#1791=AXIS2_PLACEMENT_3D('',#2485,#2005,#2006);
#1792=AXIS2_PLACEMENT_3D('',#2518,#2014,#2015);
#1793=AXIS2_PLACEMENT_3D('',#2520,#2016,#2017);
#1794=AXIS2_PLACEMENT_3D('',#2522,#2019,#2020);
#1795=AXIS2_PLACEMENT_3D('',#2525,#2022,#2023);
#1796=AXIS2_PLACEMENT_3D('',#2526,#2024,#2025);
#1797=AXIS2_PLACEMENT_3D('',#2536,#2031,#2032);
#1798=AXIS2_PLACEMENT_3D('',#2538,#2033,#2034);
#1799=AXIS2_PLACEMENT_3D('',#2539,#2035,#2036);
#1800=AXIS2_PLACEMENT_3D('',#2550,#2037,#2038);
#1801=AXIS2_PLACEMENT_3D('',#2552,#2039,#2040);
#1802=AXIS2_PLACEMENT_3D('',#2553,#2041,#2042);
#1803=AXIS2_PLACEMENT_3D('',#2562,#2047,#2048);
#1804=AXIS2_PLACEMENT_3D('',#2571,#2053,#2054);
#1805=AXIS2_PLACEMENT_3D('',#2573,#2055,#2056);
#1806=AXIS2_PLACEMENT_3D('',#2574,#2057,#2058);
#1807=AXIS2_PLACEMENT_3D('',#2576,#2059,#2060);
#1808=AXIS2_PLACEMENT_3D('',#2577,#2061,#2062);
#1809=AXIS2_PLACEMENT_3D('',#2583,#2066,#2067);
#1810=AXIS2_PLACEMENT_3D('',#2592,#2072,#2073);
#1811=AXIS2_PLACEMENT_3D('',#2600,#2078,#2079);
#1812=AXIS2_PLACEMENT_3D('',#2604,#2082,#2083);
#1813=AXIS2_PLACEMENT_3D('',#2608,#2086,#2087);
#1814=AXIS2_PLACEMENT_3D('',#2611,#2089,#2090);
#1815=AXIS2_PLACEMENT_3D('',#2612,#2091,#2092);
#1816=AXIS2_PLACEMENT_3D('',#2616,#2095,#2096);
#1817=AXIS2_PLACEMENT_3D('',#2620,#2099,#2100);
#1818=AXIS2_PLACEMENT_3D('',#2623,#2103,#2104);
#1819=AXIS2_PLACEMENT_3D('',#2625,#2106,#2107);
#1820=AXIS2_PLACEMENT_3D('',#2627,#2109,#2110);
#1821=AXIS2_PLACEMENT_3D('',#2629,#2111,#2112);
#1822=AXIS2_PLACEMENT_3D('',#2630,#2113,#2114);
#1823=AXIS2_PLACEMENT_3D('',#2636,#2118,#2119);
#1824=AXIS2_PLACEMENT_3D('',#2640,#2122,#2123);
#1825=AXIS2_PLACEMENT_3D('',#2644,#2126,#2127);
#1826=AXIS2_PLACEMENT_3D('',#2646,#2129,#2130);
#1827=AXIS2_PLACEMENT_3D('',#2652,#2134,#2135);
#1828=AXIS2_PLACEMENT_3D('',#2657,#2139,#2140);
#1829=AXIS2_PLACEMENT_3D('',#2659,#2142,#2143);
#1830=AXIS2_PLACEMENT_3D('',#2662,#2145,#2146);
#1831=AXIS2_PLACEMENT_3D('',#2663,#2147,#2148);
#1832=AXIS2_PLACEMENT_3D('',#2666,#2150,#2151);
#1833=AXIS2_PLACEMENT_3D('',#2667,#2152,#2153);
#1834=AXIS2_PLACEMENT_3D('',#2673,#2157,#2158);
#1835=AXIS2_PLACEMENT_3D('',#2683,#2164,#2165);
#1836=AXIS2_PLACEMENT_3D('',#2686,#2168,#2169);
#1837=AXIS2_PLACEMENT_3D('',#2688,#2171,#2172);
#1838=AXIS2_PLACEMENT_3D('',#2691,#2175,#2176);
#1839=AXIS2_PLACEMENT_3D('',#2700,#2181,#2182);
#1840=AXIS2_PLACEMENT_3D('',#2706,#2186,#2187);
#1841=AXIS2_PLACEMENT_3D('',#2712,#2191,#2192);
#1842=AXIS2_PLACEMENT_3D('',#2715,#2195,#2196);
#1843=AXIS2_PLACEMENT_3D('',#2724,#2201,#2202);
#1844=AXIS2_PLACEMENT_3D('',#2730,#2206,#2207);
#1845=AXIS2_PLACEMENT_3D('',#2736,#2211,#2212);
#1846=AXIS2_PLACEMENT_3D('',#2739,#2215,#2216);
#1847=AXIS2_PLACEMENT_3D('',#2748,#2221,#2222);
#1848=AXIS2_PLACEMENT_3D('',#2754,#2226,#2227);
#1849=AXIS2_PLACEMENT_3D('',#2760,#2231,#2232);
#1850=AXIS2_PLACEMENT_3D('',#2763,#2235,#2236);
#1851=AXIS2_PLACEMENT_3D('',#2772,#2241,#2242);
#1852=AXIS2_PLACEMENT_3D('',#2778,#2246,#2247);
#1853=AXIS2_PLACEMENT_3D('',#2784,#2251,#2252);
#1854=AXIS2_PLACEMENT_3D('',#2787,#2255,#2256);
#1855=AXIS2_PLACEMENT_3D('',#2796,#2261,#2262);
#1856=AXIS2_PLACEMENT_3D('',#2802,#2266,#2267);
#1857=AXIS2_PLACEMENT_3D('',#2808,#2271,#2272);
#1858=AXIS2_PLACEMENT_3D('',#2811,#2275,#2276);
#1859=AXIS2_PLACEMENT_3D('',#2817,#2280,#2281);
#1860=AXIS2_PLACEMENT_3D('',#2821,#2284,#2285);
#1861=AXIS2_PLACEMENT_3D('',#2825,#2288,#2289);
#1862=AXIS2_PLACEMENT_3D('',#2829,#2292,#2293);
#1863=AXIS2_PLACEMENT_3D('',#2833,#2296,#2297);
#1864=AXIS2_PLACEMENT_3D('',#2835,#2299,#2300);
#1865=AXIS2_PLACEMENT_3D('',#2837,#2302,#2303);
#1866=AXIS2_PLACEMENT_3D('',#2840,#2305,#2306);
#1867=AXIS2_PLACEMENT_3D('',#2841,#2307,#2308);
#1868=AXIS2_PLACEMENT_3D('',#2842,#2309,#2310);
#1869=AXIS2_PLACEMENT_3D('',#2843,#2311,#2312);
#1870=AXIS2_PLACEMENT_3D('',#2844,#2313,#2314);
#1871=AXIS2_PLACEMENT_3D('',#2845,#2315,#2316);
#1872=AXIS2_PLACEMENT_3D('',#2846,#2317,#2318);
#1873=AXIS2_PLACEMENT_3D('',#2847,#2319,#2320);
#1874=AXIS2_PLACEMENT_3D('',#2848,#2321,#2322);
#1875=AXIS2_PLACEMENT_3D('',#2849,#2323,#2324);
#1876=AXIS2_PLACEMENT_3D('',#2850,#2325,#2326);
#1877=AXIS2_PLACEMENT_3D('',#2851,#2327,#2328);
#1878=AXIS2_PLACEMENT_3D('',#2852,#2329,#2330);
#1879=AXIS2_PLACEMENT_3D('',#2853,#2331,#2332);
#1880=AXIS2_PLACEMENT_3D('',#2854,#2333,#2334);
#1881=AXIS2_PLACEMENT_3D('',#2856,#2336,#2337);
#1882=AXIS2_PLACEMENT_3D('',#2858,#2339,#2340);
#1883=AXIS2_PLACEMENT_3D('',#2859,#2341,#2342);
#1884=AXIS2_PLACEMENT_3D('',#2863,#2345,#2346);
#1885=AXIS2_PLACEMENT_3D('',#2867,#2349,#2350);
#1886=AXIS2_PLACEMENT_3D('',#2869,#2352,#2353);
#1887=AXIS2_PLACEMENT_3D('',#2870,#2354,#2355);
#1888=AXIS2_PLACEMENT_3D('',#2881,#2356,#2357);
#1889=AXIS2_PLACEMENT_3D('',#2883,#2358,#2359);
#1890=AXIS2_PLACEMENT_3D('',#2884,#2360,#2361);
#1891=AXIS2_PLACEMENT_3D('',#2885,#2362,#2363);
#1892=DIRECTION('axis',(0.,0.,1.));
#1893=DIRECTION('refdir',(1.,0.,0.));
#1894=DIRECTION('center_axis',(0.,0.,1.));
#1895=DIRECTION('ref_axis',(-1.,0.,0.));
#1896=DIRECTION('center_axis',(0.,0.,1.));
#1897=DIRECTION('ref_axis',(-1.,0.,0.));
#1898=DIRECTION('',(0.,0.,-1.));
#1899=DIRECTION('center_axis',(0.,0.,-1.));
#1900=DIRECTION('ref_axis',(-1.,0.,0.));
#1901=DIRECTION('center_axis',(0.,0.,1.));
#1902=DIRECTION('ref_axis',(-1.,0.,0.));
#1903=DIRECTION('center_axis',(0.,0.,1.));
#1904=DIRECTION('ref_axis',(-1.,0.,0.));
#1905=DIRECTION('center_axis',(0.,0.,1.));
#1906=DIRECTION('ref_axis',(-1.,0.,0.));
#1907=DIRECTION('',(0.,0.,-1.));
#1908=DIRECTION('center_axis',(0.,0.,-1.));
#1909=DIRECTION('ref_axis',(-1.,0.,0.));
#1910=DIRECTION('center_axis',(0.,0.,1.));
#1911=DIRECTION('ref_axis',(-1.,0.,0.));
#1912=DIRECTION('center_axis',(0.,0.,1.));
#1913=DIRECTION('ref_axis',(-1.,0.,0.));
#1914=DIRECTION('center_axis',(0.,0.,1.));
#1915=DIRECTION('ref_axis',(-1.,0.,0.));
#1916=DIRECTION('',(0.,0.,-1.));
#1917=DIRECTION('center_axis',(0.,0.,-1.));
#1918=DIRECTION('ref_axis',(-1.,0.,0.));
#1919=DIRECTION('center_axis',(0.,0.,1.));
#1920=DIRECTION('ref_axis',(-1.,0.,0.));
#1921=DIRECTION('center_axis',(0.,0.,1.));
#1922=DIRECTION('ref_axis',(-1.,0.,0.));
#1923=DIRECTION('center_axis',(0.,0.,1.));
#1924=DIRECTION('ref_axis',(-1.,0.,0.));
#1925=DIRECTION('',(0.,0.,-1.));
#1926=DIRECTION('center_axis',(0.,0.,-1.));
#1927=DIRECTION('ref_axis',(-1.,0.,0.));
#1928=DIRECTION('center_axis',(0.,0.,1.));
#1929=DIRECTION('ref_axis',(-1.,0.,0.));
#1930=DIRECTION('center_axis',(0.,0.,1.));
#1931=DIRECTION('ref_axis',(-1.,0.,0.));
#1932=DIRECTION('center_axis',(0.,0.,1.));
#1933=DIRECTION('ref_axis',(-1.,0.,0.));
#1934=DIRECTION('',(0.,0.,-1.));
#1935=DIRECTION('center_axis',(0.,0.,-1.));
#1936=DIRECTION('ref_axis',(-1.,0.,0.));
#1937=DIRECTION('center_axis',(0.,0.,1.));
#1938=DIRECTION('ref_axis',(-1.,0.,0.));
#1939=DIRECTION('center_axis',(0.,0.,1.));
#1940=DIRECTION('ref_axis',(1.34572487833352E-16,1.,0.));
#1941=DIRECTION('center_axis',(0.,0.,1.));
#1942=DIRECTION('ref_axis',(-1.,0.,0.));
#1943=DIRECTION('',(1.34572487833352E-16,1.,0.));
#1944=DIRECTION('',(-1.,0.,0.));
#1945=DIRECTION('center_axis',(0.,0.,1.));
#1946=DIRECTION('ref_axis',(-1.,0.,0.));
#1947=DIRECTION('center_axis',(-1.,1.34572487833352E-16,0.));
#1948=DIRECTION('ref_axis',(0.,0.,1.));
#1949=DIRECTION('',(0.,0.,-1.));
#1950=DIRECTION('center_axis',(-1.,1.34572487833352E-16,0.));
#1951=DIRECTION('ref_axis',(0.,1.,0.));
#1952=DIRECTION('center_axis',(-1.,1.34572487833352E-16,0.));
#1953=DIRECTION('ref_axis',(0.,1.,0.));
#1954=DIRECTION('',(1.34572487833352E-16,1.,0.));
#1955=DIRECTION('center_axis',(0.,1.,0.));
#1956=DIRECTION('ref_axis',(0.,0.,1.));
#1957=DIRECTION('',(-1.,0.,0.));
#1958=DIRECTION('',(0.,0.,1.));
#1959=DIRECTION('',(-1.,0.,0.));
#1960=DIRECTION('',(0.,0.,-1.));
#1961=DIRECTION('center_axis',(-1.,0.,0.));
#1962=DIRECTION('ref_axis',(0.,0.,1.));
#1963=DIRECTION('center_axis',(-1.,0.,0.));
#1964=DIRECTION('ref_axis',(0.,1.,0.));
#1965=DIRECTION('',(0.,1.,0.));
#1966=DIRECTION('',(0.,0.,1.));
#1967=DIRECTION('',(0.,1.,0.));
#1968=DIRECTION('center_axis',(0.,0.,1.));
#1969=DIRECTION('ref_axis',(1.,0.,0.));
#1970=DIRECTION('center_axis',(0.,0.,1.));
#1971=DIRECTION('ref_axis',(-1.,0.,0.));
#1972=DIRECTION('',(-1.,4.67462326157961E-17,0.));
#1973=DIRECTION('center_axis',(0.,0.,1.));
#1974=DIRECTION('ref_axis',(1.,0.,0.));
#1975=DIRECTION('',(1.,0.,0.));
#1976=DIRECTION('',(-1.34572487833352E-16,-1.,0.));
#1977=DIRECTION('',(1.,0.,0.));
#1978=DIRECTION('center_axis',(0.,0.,1.));
#1979=DIRECTION('ref_axis',(-1.,0.,0.));
#1980=DIRECTION('center_axis',(0.,0.,1.));
#1981=DIRECTION('ref_axis',(-1.,0.,0.));
#1982=DIRECTION('',(1.,0.,0.));
#1983=DIRECTION('center_axis',(0.,0.,1.));
#1984=DIRECTION('ref_axis',(-1.,0.,0.));
#1985=DIRECTION('center_axis',(0.,0.,1.));
#1986=DIRECTION('ref_axis',(-1.,0.,0.));
#1987=DIRECTION('',(1.,0.,0.));
#1988=DIRECTION('',(-6.72862439166762E-16,1.,0.));
#1989=DIRECTION('',(-1.,4.67462326157961E-17,0.));
#1990=DIRECTION('',(0.,1.,0.));
#1991=DIRECTION('',(1.,0.,0.));
#1992=DIRECTION('',(0.,-1.,0.));
#1993=DIRECTION('',(-1.,4.67462326157961E-17,0.));
#1994=DIRECTION('center_axis',(0.,0.,1.));
#1995=DIRECTION('ref_axis',(-1.,0.,0.));
#1996=DIRECTION('center_axis',(0.,0.,1.));
#1997=DIRECTION('ref_axis',(-1.,0.,0.));
#1998=DIRECTION('',(-1.,4.67462326157961E-17,0.));
#1999=DIRECTION('center_axis',(0.,0.,1.));
#2000=DIRECTION('ref_axis',(-1.,0.,0.));
#2001=DIRECTION('',(0.,1.,0.));
#2002=DIRECTION('',(1.,0.,0.));
#2003=DIRECTION('',(0.,-1.,0.));
#2004=DIRECTION('',(-1.,0.,0.));
#2005=DIRECTION('center_axis',(-4.67462326157961E-17,-1.,0.));
#2006=DIRECTION('ref_axis',(1.,-4.67462326157961E-17,0.));
#2007=DIRECTION('',(-1.,0.,0.));
#2008=DIRECTION('',(0.,0.,1.));
#2009=DIRECTION('',(-1.,4.67462326157961E-17,0.));
#2010=DIRECTION('',(0.,0.,-1.));
#2011=DIRECTION('',(0.,0.,-1.));
#2012=DIRECTION('',(-1.,4.67462326157961E-17,0.));
#2013=DIRECTION('',(0.,0.,1.));
#2014=DIRECTION('center_axis',(-1.,0.,0.));
#2015=DIRECTION('ref_axis',(0.,1.,0.));
#2016=DIRECTION('center_axis',(-1.,1.34572487833352E-16,0.));
#2017=DIRECTION('ref_axis',(0.,1.,0.));
#2018=DIRECTION('',(-1.,0.,0.));
#2019=DIRECTION('center_axis',(1.,-1.34572487833352E-16,0.));
#2020=DIRECTION('ref_axis',(0.,1.,0.));
#2021=DIRECTION('',(1.,0.,0.));
#2022=DIRECTION('center_axis',(1.,0.,0.));
#2023=DIRECTION('ref_axis',(0.,1.,0.));
#2024=DIRECTION('center_axis',(1.,-1.34572487833352E-16,0.));
#2025=DIRECTION('ref_axis',(1.34572487833352E-16,1.,0.));
#2026=DIRECTION('',(0.,0.,1.));
#2027=DIRECTION('',(-1.34572487833352E-16,-1.,0.));
#2028=DIRECTION('',(0.,0.,-1.));
#2029=DIRECTION('',(1.34572487833352E-16,1.,0.));
#2030=DIRECTION('',(0.,0.,1.));
#2031=DIRECTION('center_axis',(0.,0.,-1.));
#2032=DIRECTION('ref_axis',(-1.,0.,0.));
#2033=DIRECTION('center_axis',(0.,0.,-1.));
#2034=DIRECTION('ref_axis',(-1.,0.,0.));
#2035=DIRECTION('center_axis',(0.,-1.,0.));
#2036=DIRECTION('ref_axis',(1.,0.,0.));
#2037=DIRECTION('center_axis',(1.,-2.69144975666705E-16,0.));
#2038=DIRECTION('ref_axis',(2.69144975666705E-16,1.,0.));
#2039=DIRECTION('center_axis',(1.,-2.69144975666705E-16,0.));
#2040=DIRECTION('ref_axis',(2.69144975666705E-16,1.,0.));
#2041=DIRECTION('center_axis',(0.,0.,1.));
#2042=DIRECTION('ref_axis',(1.,0.,0.));
#2043=DIRECTION('',(1.34572487833352E-16,1.,0.));
#2044=DIRECTION('',(1.,-4.67462326157961E-17,0.));
#2045=DIRECTION('',(6.72862439166762E-16,-1.,0.));
#2046=DIRECTION('',(-1.,0.,0.));
#2047=DIRECTION('center_axis',(0.,0.,-1.));
#2048=DIRECTION('ref_axis',(-1.,0.,0.));
#2049=DIRECTION('',(-1.,0.,0.));
#2050=DIRECTION('',(0.,-1.,0.));
#2051=DIRECTION('',(1.,0.,0.));
#2052=DIRECTION('',(0.,1.,0.));
#2053=DIRECTION('center_axis',(0.,0.,-1.));
#2054=DIRECTION('ref_axis',(-1.,0.,0.));
#2055=DIRECTION('center_axis',(0.,0.,1.));
#2056=DIRECTION('ref_axis',(-1.,0.,0.));
#2057=DIRECTION('center_axis',(0.,0.,-1.));
#2058=DIRECTION('ref_axis',(-1.,0.,0.));
#2059=DIRECTION('center_axis',(0.,0.,1.));
#2060=DIRECTION('ref_axis',(-1.,0.,0.));
#2061=DIRECTION('center_axis',(-3.30545780775532E-17,-0.707106781186549,
-0.707106781186546));
#2062=DIRECTION('ref_axis',(-1.,0.,4.67462326157963E-17));
#2063=DIRECTION('',(1.6747652892627E-14,0.707106781186546,-0.707106781186549));
#2064=DIRECTION('',(-1.6747652892627E-14,-0.707106781186546,0.707106781186549));
#2065=DIRECTION('',(-1.,4.67462326157961E-17,0.));
#2066=DIRECTION('center_axis',(-3.30545780775532E-17,-0.707106781186549,
-0.707106781186546));
#2067=DIRECTION('ref_axis',(-1.,0.,4.67462326157962E-17));
#2068=DIRECTION('',(-1.,4.67462326157961E-17,0.));
#2069=DIRECTION('',(0.577350269189625,0.577350269189625,-0.577350269189627));
#2070=DIRECTION('',(1.,-4.67462326157961E-17,0.));
#2071=DIRECTION('',(-0.577350269189625,0.577350269189625,-0.577350269189627));
#2072=DIRECTION('center_axis',(-3.30545780775531E-17,-0.707106781186546,
-0.707106781186549));
#2073=DIRECTION('ref_axis',(-1.,0.,4.67462326157958E-17));
#2074=DIRECTION('',(-1.,4.67462326157961E-17,0.));
#2075=DIRECTION('',(0.577350269189618,0.577350269189628,-0.577350269189631));
#2076=DIRECTION('',(1.,-4.67462326157961E-17,0.));
#2077=DIRECTION('',(-0.57735026918963,0.577350269189625,-0.577350269189622));
#2078=DIRECTION('center_axis',(-0.577350269189629,-0.577350269189619,-0.57735026918963));
#2079=DIRECTION('ref_axis',(-0.707106781186548,0.,0.707106781186547));
#2080=DIRECTION('',(0.707106781186543,-0.707106781186552,0.));
#2081=DIRECTION('',(-0.707106781186552,8.37382644631341E-15,0.707106781186543));
#2082=DIRECTION('center_axis',(-0.707106781186543,-4.75785593540535E-16,
-0.707106781186552));
#2083=DIRECTION('ref_axis',(-0.707106781186552,0.,0.707106781186543));
#2084=DIRECTION('',(0.707106781186552,0.,-0.707106781186543));
#2085=DIRECTION('',(-6.72862439166762E-16,1.,0.));
#2086=DIRECTION('center_axis',(1.,-2.69144975666705E-16,0.));
#2087=DIRECTION('ref_axis',(2.69144975666705E-16,1.,0.));
#2088=DIRECTION('',(1.,-2.69144975666705E-16,0.));
#2089=DIRECTION('center_axis',(1.,6.72862439166762E-16,0.));
#2090=DIRECTION('ref_axis',(2.69144975666705E-16,1.,0.));
#2091=DIRECTION('center_axis',(-0.577350269189623,0.577350269189623,-0.577350269189631));
#2092=DIRECTION('ref_axis',(-0.707106781186552,0.,0.707106781186542));
#2093=DIRECTION('',(-0.707106781186548,-0.707106781186548,0.));
#2094=DIRECTION('',(-8.37382644631346E-15,0.707106781186548,0.707106781186547));
#2095=DIRECTION('center_axis',(0.,0.707106781186547,-0.707106781186548));
#2096=DIRECTION('ref_axis',(-1.,0.,0.));
#2097=DIRECTION('',(8.37382644631346E-15,-0.707106781186548,-0.707106781186547));
#2098=DIRECTION('',(1.,0.,0.));
#2099=DIRECTION('center_axis',(0.577350269189623,0.57735026918963,-0.577350269189624));
#2100=DIRECTION('ref_axis',(-0.707106781186548,0.,-0.707106781186547));
#2101=DIRECTION('',(-0.707106781186554,0.707106781186541,0.));
#2102=DIRECTION('',(0.707106781186548,0.,0.707106781186547));
#2103=DIRECTION('center_axis',(0.707106781186547,-9.51571187081075E-17,
-0.707106781186548));
#2104=DIRECTION('ref_axis',(-0.707106781186548,0.,-0.707106781186547));
#2105=DIRECTION('',(-0.707106781186548,-4.18691322315673E-15,-0.707106781186547));
#2106=DIRECTION('center_axis',(0.577350269189624,-0.577350269189631,-0.577350269189622));
#2107=DIRECTION('ref_axis',(-0.707106781186546,0.,-0.707106781186549));
#2108=DIRECTION('',(0.707106781186552,0.707106781186543,0.));
#2109=DIRECTION('center_axis',(0.,0.,-1.));
#2110=DIRECTION('ref_axis',(-1.,0.,0.));
#2111=DIRECTION('center_axis',(0.,0.,1.));
#2112=DIRECTION('ref_axis',(-1.,0.,0.));
#2113=DIRECTION('center_axis',(0.,1.,0.));
#2114=DIRECTION('ref_axis',(1.,0.,0.));
#2115=DIRECTION('',(1.,0.,0.));
#2116=DIRECTION('',(0.,0.,-1.));
#2117=DIRECTION('',(0.,0.,-1.));
#2118=DIRECTION('center_axis',(-1.,0.,0.));
#2119=DIRECTION('ref_axis',(0.,1.,0.));
#2120=DIRECTION('',(0.,1.,0.));
#2121=DIRECTION('',(0.,0.,-1.));
#2122=DIRECTION('center_axis',(0.,-1.,0.));
#2123=DIRECTION('ref_axis',(-1.,0.,0.));
#2124=DIRECTION('',(-1.,0.,0.));
#2125=DIRECTION('',(0.,0.,-1.));
#2126=DIRECTION('center_axis',(1.,0.,0.));
#2127=DIRECTION('ref_axis',(0.,-1.,0.));
#2128=DIRECTION('',(0.,-1.,0.));
#2129=DIRECTION('center_axis',(-0.707106781186541,-0.707106781186554,0.));
#2130=DIRECTION('ref_axis',(0.,0.,1.));
#2131=DIRECTION('',(0.,0.,-1.));
#2132=DIRECTION('',(-0.707106781186554,0.707106781186541,0.));
#2133=DIRECTION('',(0.,0.,1.));
#2134=DIRECTION('center_axis',(0.,0.,-1.));
#2135=DIRECTION('ref_axis',(-1.,0.,0.));
#2136=DIRECTION('',(-1.,4.67462326157961E-17,0.));
#2137=DIRECTION('',(0.,1.,0.));
#2138=DIRECTION('',(-0.707106781186538,-0.707106781186557,0.));
#2139=DIRECTION('center_axis',(0.707106781186557,-0.707106781186538,0.));
#2140=DIRECTION('ref_axis',(0.,0.,-1.));
#2141=DIRECTION('',(0.,0.,-1.));
#2142=DIRECTION('center_axis',(0.,0.,1.));
#2143=DIRECTION('ref_axis',(-1.,0.,0.));
#2144=DIRECTION('',(0.,0.,-1.));
#2145=DIRECTION('center_axis',(0.,0.,-1.));
#2146=DIRECTION('ref_axis',(-1.,0.,0.));
#2147=DIRECTION('center_axis',(0.,0.,1.));
#2148=DIRECTION('ref_axis',(-1.,0.,0.));
#2149=DIRECTION('',(0.,0.,-1.));
#2150=DIRECTION('center_axis',(0.,0.,-1.));
#2151=DIRECTION('ref_axis',(-1.,0.,0.));
#2152=DIRECTION('center_axis',(-0.707106781186548,-0.707106781186548,0.));
#2153=DIRECTION('ref_axis',(0.,0.,1.));
#2154=DIRECTION('',(0.,0.,-1.));
#2155=DIRECTION('',(-0.707106781186548,0.707106781186548,0.));
#2156=DIRECTION('',(0.,0.,1.));
#2157=DIRECTION('center_axis',(0.,0.,-1.));
#2158=DIRECTION('ref_axis',(-1.,0.,0.));
#2159=DIRECTION('',(-1.,4.67462326157961E-17,0.));
#2160=DIRECTION('',(0.,1.,0.));
#2161=DIRECTION('',(-1.,0.,0.));
#2162=DIRECTION('',(0.,1.,0.));
#2163=DIRECTION('',(-0.707106781186548,-0.707106781186548,0.));
#2164=DIRECTION('center_axis',(0.707106781186548,-0.707106781186548,0.));
#2165=DIRECTION('ref_axis',(0.,0.,-1.));
#2166=DIRECTION('',(0.,0.,-1.));
#2167=DIRECTION('',(0.,0.,1.));
#2168=DIRECTION('center_axis',(0.,0.,1.));
#2169=DIRECTION('ref_axis',(1.,0.,0.));
#2170=DIRECTION('',(0.,1.,0.));
#2171=DIRECTION('center_axis',(0.,0.,1.));
#2172=DIRECTION('ref_axis',(1.,0.,0.));
#2173=DIRECTION('',(0.,1.,0.));
#2174=DIRECTION('',(0.,1.,0.));
#2175=DIRECTION('center_axis',(0.,0.,-1.));
#2176=DIRECTION('ref_axis',(0.,1.,0.));
#2177=DIRECTION('',(6.72862439166762E-16,-1.,0.));
#2178=DIRECTION('',(1.,-4.03717463500057E-15,0.));
#2179=DIRECTION('',(-6.72862439166762E-16,1.,0.));
#2180=DIRECTION('',(1.,-4.03717463500057E-15,0.));
#2181=DIRECTION('center_axis',(4.03717463500057E-15,1.,0.));
#2182=DIRECTION('ref_axis',(0.,0.,1.));
#2183=DIRECTION('',(0.,0.,-1.));
#2184=DIRECTION('',(1.,-4.03717463500057E-15,0.));
#2185=DIRECTION('',(0.,0.,1.));
#2186=DIRECTION('center_axis',(0.,0.,1.));
#2187=DIRECTION('ref_axis',(0.,-1.,0.));
#2188=DIRECTION('',(-6.72862439166762E-16,1.,0.));
#2189=DIRECTION('',(1.,-4.03717463500057E-15,0.));
#2190=DIRECTION('',(6.72862439166762E-16,-1.,0.));
#2191=DIRECTION('center_axis',(-4.03717463500057E-15,-1.,0.));
#2192=DIRECTION('ref_axis',(0.,0.,-1.));
#2193=DIRECTION('',(0.,0.,1.));
#2194=DIRECTION('',(0.,0.,-1.));
#2195=DIRECTION('center_axis',(0.,0.,-1.));
#2196=DIRECTION('ref_axis',(4.44089209850062E-15,1.,0.));
#2197=DIRECTION('',(6.72862439166762E-16,-1.,0.));
#2198=DIRECTION('',(1.,-4.71003707416733E-15,0.));
#2199=DIRECTION('',(-6.72862439166762E-16,1.,0.));
#2200=DIRECTION('',(1.,-4.71003707416733E-15,0.));
#2201=DIRECTION('center_axis',(4.71003707416733E-15,1.,0.));
#2202=DIRECTION('ref_axis',(0.,0.,1.));
#2203=DIRECTION('',(0.,0.,-1.));
#2204=DIRECTION('',(1.,-4.71003707416733E-15,0.));
#2205=DIRECTION('',(0.,0.,1.));
#2206=DIRECTION('center_axis',(0.,0.,1.));
#2207=DIRECTION('ref_axis',(3.1720657846433E-15,-1.,0.));
#2208=DIRECTION('',(-6.72862439166762E-16,1.,0.));
#2209=DIRECTION('',(1.,-4.71003707416733E-15,0.));
#2210=DIRECTION('',(6.72862439166762E-16,-1.,0.));
#2211=DIRECTION('center_axis',(-4.71003707416733E-15,-1.,4.88963371004759E-29));
#2212=DIRECTION('ref_axis',(-1.03813062042872E-14,0.,-1.));
#2213=DIRECTION('',(-3.29005086477464E-44,4.88963371004759E-29,1.));
#2214=DIRECTION('',(3.29005086477464E-44,-4.88963371004759E-29,-1.));
#2215=DIRECTION('center_axis',(0.,0.,-1.));
#2216=DIRECTION('ref_axis',(4.44089209850062E-15,1.,0.));
#2217=DIRECTION('',(6.72862439166762E-16,-1.,0.));
#2218=DIRECTION('',(1.,-4.71003707416733E-15,0.));
#2219=DIRECTION('',(-6.72862439166762E-16,1.,0.));
#2220=DIRECTION('',(1.,-4.71003707416733E-15,0.));
#2221=DIRECTION('center_axis',(4.71003707416733E-15,1.,0.));
#2222=DIRECTION('ref_axis',(0.,0.,1.));
#2223=DIRECTION('',(0.,0.,-1.));
#2224=DIRECTION('',(1.,-4.71003707416733E-15,0.));
#2225=DIRECTION('',(0.,0.,1.));
#2226=DIRECTION('center_axis',(0.,0.,1.));
#2227=DIRECTION('ref_axis',(3.1720657846433E-15,-1.,0.));
#2228=DIRECTION('',(-6.72862439166762E-16,1.,0.));
#2229=DIRECTION('',(1.,-4.71003707416733E-15,0.));
#2230=DIRECTION('',(6.72862439166762E-16,-1.,0.));
#2231=DIRECTION('center_axis',(-4.71003707416733E-15,-1.,4.88963371004759E-29));
#2232=DIRECTION('ref_axis',(-1.03813062042872E-14,0.,-1.));
#2233=DIRECTION('',(-3.29005086477464E-44,4.88963371004759E-29,1.));
#2234=DIRECTION('',(3.29005086477464E-44,-4.88963371004759E-29,-1.));
#2235=DIRECTION('center_axis',(0.,0.,-1.));
#2236=DIRECTION('ref_axis',(0.,1.,0.));
#2237=DIRECTION('',(6.72862439166762E-16,-1.,0.));
#2238=DIRECTION('',(1.,-4.37360585458395E-15,0.));
#2239=DIRECTION('',(-6.72862439166762E-16,1.,0.));
#2240=DIRECTION('',(1.,-4.37360585458395E-15,0.));
#2241=DIRECTION('center_axis',(4.37360585458395E-15,1.,1.26161707343768E-16));
#2242=DIRECTION('ref_axis',(0.,-1.26161707343768E-16,1.));
#2243=DIRECTION('',(-8.48894741327707E-32,1.26161707343768E-16,-1.));
#2244=DIRECTION('',(1.,-4.37360585458395E-15,0.));
#2245=DIRECTION('',(8.48894741327707E-32,-1.26161707343768E-16,1.));
#2246=DIRECTION('center_axis',(0.,0.,1.));
#2247=DIRECTION('ref_axis',(0.,-1.,0.));
#2248=DIRECTION('',(-6.72862439166762E-16,1.,0.));
#2249=DIRECTION('',(1.,-4.37360585458395E-15,0.));
#2250=DIRECTION('',(6.72862439166762E-16,-1.,0.));
#2251=DIRECTION('center_axis',(-4.37360585458395E-15,-1.,-1.26161707343768E-16));
#2252=DIRECTION('ref_axis',(0.,1.26161707343768E-16,-1.));
#2253=DIRECTION('',(8.48894741327707E-32,-1.26161707343768E-16,1.));
#2254=DIRECTION('',(-8.48894741327707E-32,1.26161707343768E-16,-1.));
#2255=DIRECTION('center_axis',(0.,0.,-1.));
#2256=DIRECTION('ref_axis',(0.,1.,0.));
#2257=DIRECTION('',(6.72862439166762E-16,-1.,0.));
#2258=DIRECTION('',(1.,-4.03717463500057E-15,0.));
#2259=DIRECTION('',(-6.72862439166762E-16,1.,0.));
#2260=DIRECTION('',(1.,-4.03717463500057E-15,0.));
#2261=DIRECTION('center_axis',(4.03717463500057E-15,1.,0.));
#2262=DIRECTION('ref_axis',(0.,0.,1.));
#2263=DIRECTION('',(0.,0.,-1.));
#2264=DIRECTION('',(1.,-4.03717463500057E-15,0.));
#2265=DIRECTION('',(0.,0.,1.));
#2266=DIRECTION('center_axis',(0.,0.,1.));
#2267=DIRECTION('ref_axis',(0.,-1.,0.));
#2268=DIRECTION('',(-6.72862439166762E-16,1.,0.));
#2269=DIRECTION('',(1.,-4.03717463500057E-15,0.));
#2270=DIRECTION('',(6.72862439166762E-16,-1.,0.));
#2271=DIRECTION('center_axis',(-4.03717463500057E-15,-1.,0.));
#2272=DIRECTION('ref_axis',(0.,0.,-1.));
#2273=DIRECTION('',(0.,0.,1.));
#2274=DIRECTION('',(0.,0.,-1.));
#2275=DIRECTION('center_axis',(-4.67462326157961E-17,-1.,0.));
#2276=DIRECTION('ref_axis',(1.,-4.67462326157961E-17,0.));
#2277=DIRECTION('',(0.,0.,-1.));
#2278=DIRECTION('',(1.,-4.67462326157961E-17,0.));
#2279=DIRECTION('',(0.,0.,1.));
#2280=DIRECTION('center_axis',(-0.707106781186552,-0.707106781186543,0.));
#2281=DIRECTION('ref_axis',(0.,0.,1.));
#2282=DIRECTION('',(-0.707106781186543,0.707106781186552,0.));
#2283=DIRECTION('',(0.,0.,-1.));
#2284=DIRECTION('center_axis',(-1.,-6.72862439166762E-16,0.));
#2285=DIRECTION('ref_axis',(6.72862439166762E-16,-1.,0.));
#2286=DIRECTION('',(6.72862439166762E-16,-1.,0.));
#2287=DIRECTION('',(0.,0.,1.));
#2288=DIRECTION('center_axis',(-0.707106781186548,0.707106781186548,0.));
#2289=DIRECTION('ref_axis',(0.,0.,1.));
#2290=DIRECTION('',(0.707106781186548,0.707106781186548,0.));
#2291=DIRECTION('',(0.,0.,-1.));
#2292=DIRECTION('center_axis',(0.,1.,0.));
#2293=DIRECTION('ref_axis',(-1.,0.,0.));
#2294=DIRECTION('',(0.,0.,1.));
#2295=DIRECTION('',(-1.,0.,0.));
#2296=DIRECTION('center_axis',(0.707106781186541,0.707106781186554,0.));
#2297=DIRECTION('ref_axis',(0.,0.,-1.));
#2298=DIRECTION('',(0.707106781186554,-0.707106781186541,0.));
#2299=DIRECTION('center_axis',(0.707106781186543,-0.707106781186552,0.));
#2300=DIRECTION('ref_axis',(0.,0.,-1.));
#2301=DIRECTION('',(-0.707106781186552,-0.707106781186543,0.));
#2302=DIRECTION('center_axis',(0.,0.,1.));
#2303=DIRECTION('ref_axis',(-1.,0.,0.));
#2304=DIRECTION('',(0.,0.,-1.));
#2305=DIRECTION('center_axis',(0.,0.,-1.));
#2306=DIRECTION('ref_axis',(-1.,0.,0.));
#2307=DIRECTION('center_axis',(1.,0.,0.));
#2308=DIRECTION('ref_axis',(0.,-0.707106781186546,0.707106781186549));
#2309=DIRECTION('center_axis',(0.707106781186548,0.707106781186548,0.));
#2310=DIRECTION('ref_axis',(-0.707106781186548,0.707106781186548,0.));
#2311=DIRECTION('center_axis',(0.707106781186548,-0.707106781186548,0.));
#2312=DIRECTION('ref_axis',(0.707106781186548,0.707106781186548,0.));
#2313=DIRECTION('center_axis',(0.,1.,0.));
#2314=DIRECTION('ref_axis',(0.707106781186546,0.,0.707106781186549));
#2315=DIRECTION('center_axis',(-0.707106781186548,0.707106781186548,0.));
#2316=DIRECTION('ref_axis',(-0.707106781186548,-0.707106781186548,0.));
#2317=DIRECTION('center_axis',(-1.,0.,0.));
#2318=DIRECTION('ref_axis',(0.,0.707106781186552,0.707106781186543));
#2319=DIRECTION('center_axis',(0.707106781186548,0.707106781186548,0.));
#2320=DIRECTION('ref_axis',(-0.707106781186548,0.707106781186548,0.));
#2321=DIRECTION('center_axis',(0.,-1.,0.));
#2322=DIRECTION('ref_axis',(-0.70710678118654,0.,0.707106781186555));
#2323=DIRECTION('center_axis',(1.,0.,0.));
#2324=DIRECTION('ref_axis',(0.,0.,-1.));
#2325=DIRECTION('center_axis',(0.,0.,-1.));
#2326=DIRECTION('ref_axis',(-1.,0.,0.));
#2327=DIRECTION('center_axis',(0.,-1.,0.));
#2328=DIRECTION('ref_axis',(1.,0.,0.));
#2329=DIRECTION('center_axis',(0.,0.,-1.));
#2330=DIRECTION('ref_axis',(-1.,0.,0.));
#2331=DIRECTION('center_axis',(0.,-1.,0.));
#2332=DIRECTION('ref_axis',(1.,0.,0.));
#2333=DIRECTION('center_axis',(1.,0.,0.));
#2334=DIRECTION('ref_axis',(0.,0.,-1.));
#2335=DIRECTION('',(0.,0.,-1.));
#2336=DIRECTION('center_axis',(0.,1.,0.));
#2337=DIRECTION('ref_axis',(0.,0.,1.));
#2338=DIRECTION('',(0.,0.,1.));
#2339=DIRECTION('center_axis',(-1.,0.,0.));
#2340=DIRECTION('ref_axis',(0.,0.,1.));
#2341=DIRECTION('center_axis',(-1.,-6.72862439166762E-16,0.));
#2342=DIRECTION('ref_axis',(6.72862439166762E-16,-1.,0.));
#2343=DIRECTION('',(-6.72862439166762E-16,1.,0.));
#2344=DIRECTION('',(0.,0.,-1.));
#2345=DIRECTION('center_axis',(0.,0.,1.));
#2346=DIRECTION('ref_axis',(1.,0.,0.));
#2347=DIRECTION('',(1.,0.,0.));
#2348=DIRECTION('',(-1.34572487833352E-16,-1.,0.));
#2349=DIRECTION('center_axis',(1.,-1.34572487833352E-16,0.));
#2350=DIRECTION('ref_axis',(1.34572487833352E-16,1.,0.));
#2351=DIRECTION('',(0.,0.,-1.));
#2352=DIRECTION('center_axis',(0.,0.,-1.));
#2353=DIRECTION('ref_axis',(-1.,0.,0.));
#2354=DIRECTION('center_axis',(0.,-1.,0.));
#2355=DIRECTION('ref_axis',(1.,0.,0.));
#2356=DIRECTION('center_axis',(0.,0.,-1.));
#2357=DIRECTION('ref_axis',(-1.,0.,0.));
#2358=DIRECTION('center_axis',(0.,0.,1.));
#2359=DIRECTION('ref_axis',(-1.,0.,0.));
#2360=DIRECTION('center_axis',(0.,1.,0.));
#2361=DIRECTION('ref_axis',(-1.,0.,0.));
#2362=DIRECTION('center_axis',(0.,0.,1.));
#2363=DIRECTION('ref_axis',(-1.,0.,0.));
#2364=DIRECTION('',(0.,0.,-1.));
#2365=CARTESIAN_POINT('',(0.,0.,0.));
#2366=CARTESIAN_POINT('Origin',(94.,32.9747369049676,3.));
#2367=CARTESIAN_POINT('',(96.25,32.9747369049676,16.75));
#2368=CARTESIAN_POINT('Origin',(94.,32.9747369049676,16.75));
#2369=CARTESIAN_POINT('',(96.25,32.9747369049676,3.));
#2370=CARTESIAN_POINT('',(96.25,32.9747369049676,3.));
#2371=CARTESIAN_POINT('Origin',(94.,32.9747369049676,3.));
#2372=CARTESIAN_POINT('Origin',(94.,32.9747369049676,16.75));
#2373=CARTESIAN_POINT('Origin',(96.6644229476622,-37.0757892850971,3.));
#2374=CARTESIAN_POINT('',(98.9144229476622,-37.0757892850971,16.75));
#2375=CARTESIAN_POINT('Origin',(96.6644229476622,-37.0757892850971,16.75));
#2376=CARTESIAN_POINT('',(98.9144229476622,-37.0757892850971,3.));
#2377=CARTESIAN_POINT('',(98.9144229476622,-37.0757892850971,3.));
#2378=CARTESIAN_POINT('Origin',(96.6644229476622,-37.0757892850971,3.));
#2379=CARTESIAN_POINT('Origin',(96.6644229476622,-37.0757892850971,16.75));
#2380=CARTESIAN_POINT('Origin',(94.,2.94947380993527,3.));
#2381=CARTESIAN_POINT('',(96.25,2.94947380993527,16.75));
#2382=CARTESIAN_POINT('Origin',(94.,2.94947380993527,16.75));
#2383=CARTESIAN_POINT('',(96.25,2.94947380993527,3.));
#2384=CARTESIAN_POINT('',(96.25,2.94947380993527,3.));
#2385=CARTESIAN_POINT('Origin',(94.,2.94947380993527,3.));
#2386=CARTESIAN_POINT('Origin',(94.,2.94947380993527,16.75));
#2387=CARTESIAN_POINT('Origin',(91.3355770523378,-37.0757892850971,3.));
#2388=CARTESIAN_POINT('',(93.5855770523378,-37.0757892850971,16.75));
#2389=CARTESIAN_POINT('Origin',(91.3355770523378,-37.0757892850971,16.75));
#2390=CARTESIAN_POINT('',(93.5855770523378,-37.0757892850971,3.));
#2391=CARTESIAN_POINT('',(93.5855770523378,-37.0757892850971,3.));
#2392=CARTESIAN_POINT('Origin',(91.3355770523378,-37.0757892850971,3.));
#2393=CARTESIAN_POINT('Origin',(91.3355770523378,-37.0757892850971,16.75));
#2394=CARTESIAN_POINT('Origin',(94.,-27.0757892850971,3.));
#2395=CARTESIAN_POINT('',(96.25,-27.0757892850971,16.75));
#2396=CARTESIAN_POINT('Origin',(94.,-27.0757892850971,16.75));
#2397=CARTESIAN_POINT('',(96.25,-27.0757892850971,3.));
#2398=CARTESIAN_POINT('',(96.25,-27.0757892850971,3.));
#2399=CARTESIAN_POINT('Origin',(94.,-27.0757892850971,3.));
#2400=CARTESIAN_POINT('Origin',(94.,-27.0757892850971,16.75));
#2401=CARTESIAN_POINT('Origin',(102.,-63.,3.));
#2402=CARTESIAN_POINT('',(82.,-62.3374882827485,3.));
#2403=CARTESIAN_POINT('',(84.3501798974363,-57.6,3.));
#2404=CARTESIAN_POINT('Origin',(78.4001798974363,-57.6,3.));
#2405=CARTESIAN_POINT('',(82.,-57.3004065309378,3.));
#2406=CARTESIAN_POINT('',(82.,-33.,3.));
#2407=CARTESIAN_POINT('',(84.3426325689597,-57.3004065309378,3.));
#2408=CARTESIAN_POINT('',(102.,-57.3004065309378,3.));
#2409=CARTESIAN_POINT('Origin',(78.4001798974363,-57.6,3.));
#2410=CARTESIAN_POINT('Origin',(82.,-60.375,5.75));
#2411=CARTESIAN_POINT('',(82.,-63.,8.93198051533944));
#2412=CARTESIAN_POINT('',(82.,-63.,3.));
#2413=CARTESIAN_POINT('',(82.,-63.,2.875));
#2414=CARTESIAN_POINT('',(82.,-64.5,5.75));
#2415=CARTESIAN_POINT('Origin',(82.,-60.375,5.75));
#2416=CARTESIAN_POINT('Origin',(82.,-60.375,5.75));
#2417=CARTESIAN_POINT('',(82.,-30.1875,3.));
#2418=CARTESIAN_POINT('Origin',(96.9999999999999,-62.,3.52));
#2419=CARTESIAN_POINT('',(101.,-62.,1.95856227797423));
#2420=CARTESIAN_POINT('',(92.9999999999999,-62.,1.95856227797423));
#2421=CARTESIAN_POINT('',(102.,-62.,1.95856227797423));
#2422=CARTESIAN_POINT('',(92.9999999999999,-62.,1.52));
#2423=CARTESIAN_POINT('',(92.9999999999999,-62.,1.52));
#2424=CARTESIAN_POINT('',(101.,-62.,1.52));
#2425=CARTESIAN_POINT('',(101.,-62.,1.52));
#2426=CARTESIAN_POINT('',(101.,-62.,5.52));
#2427=CARTESIAN_POINT('Origin',(92.9999999999999,-66.,1.52));
#2428=CARTESIAN_POINT('',(92.9999999999999,-64.4935828873533,5.52));
#2429=CARTESIAN_POINT('Origin',(92.9999999999999,-60.375,5.75));
#2430=CARTESIAN_POINT('',(92.9999999999999,-65.,5.52));
#2431=CARTESIAN_POINT('',(92.9999999999999,-66.,5.52));
#2432=CARTESIAN_POINT('',(92.9999999999999,-65.,1.52));
#2433=CARTESIAN_POINT('',(92.9999999999999,-65.,0.76));
#2434=CARTESIAN_POINT('',(92.9999999999999,-66.,1.52));
#2435=CARTESIAN_POINT('Origin',(4.99999999999998,1.77635683940025E-14,3.));
#2436=CARTESIAN_POINT('',(80.8986794471662,-63.,3.));
#2437=CARTESIAN_POINT('Origin',(78.4001798974363,-57.6,3.));
#2438=CARTESIAN_POINT('',(-45.,-63.,3.));
#2439=CARTESIAN_POINT('Origin',(4.99999999999998,1.77635683940025E-14,3.));
#2440=CARTESIAN_POINT('',(102.,-57.3004065309378,3.));
#2441=CARTESIAN_POINT('',(102.,-57.3004065309378,3.));
#2442=CARTESIAN_POINT('',(102.,63.,3.));
#2443=CARTESIAN_POINT('',(102.,-33.,3.));
#2444=CARTESIAN_POINT('',(80.8986794471661,63.,3.));
#2445=CARTESIAN_POINT('',(55.,63.,3.));
#2446=CARTESIAN_POINT('',(84.3501798974363,57.6,3.));
#2447=CARTESIAN_POINT('Origin',(78.4001798974363,57.6,3.));
#2448=CARTESIAN_POINT('',(75.9016803477066,63.,3.));
#2449=CARTESIAN_POINT('Origin',(78.4001798974363,57.6,3.));
#2450=CARTESIAN_POINT('',(-75.9013205528339,63.,3.));
#2451=CARTESIAN_POINT('',(55.,63.,3.));
#2452=CARTESIAN_POINT('',(-72.4498201025637,57.6,3.));
#2453=CARTESIAN_POINT('Origin',(-78.3998201025637,57.6,3.));
#2454=CARTESIAN_POINT('',(-80.8983196522934,63.,3.));
#2455=CARTESIAN_POINT('Origin',(-78.3998201025637,57.6,3.));
#2456=CARTESIAN_POINT('',(-92.,63.,3.));
#2457=CARTESIAN_POINT('',(55.,63.,3.));
#2458=CARTESIAN_POINT('',(-91.9999999999999,-63.,3.));
#2459=CARTESIAN_POINT('',(-92.,33.,3.));
#2460=CARTESIAN_POINT('',(-90.9999999999999,-63.,3.));
#2461=CARTESIAN_POINT('',(-45.,-63.,3.));
#2462=CARTESIAN_POINT('',(-90.9999999999999,-62.,3.));
#2463=CARTESIAN_POINT('',(-90.9999999999999,-33.,3.));
#2464=CARTESIAN_POINT('',(-82.9999999999999,-62.,3.));
#2465=CARTESIAN_POINT('',(-41.,-62.,3.));
#2466=CARTESIAN_POINT('',(-82.9999999999999,-63.,3.));
#2467=CARTESIAN_POINT('',(-82.9999999999999,-33.,3.));
#2468=CARTESIAN_POINT('',(-80.8983196522935,-63.,3.));
#2469=CARTESIAN_POINT('',(-45.,-63.,3.));
#2470=CARTESIAN_POINT('',(-72.4498201025637,-57.6,3.));
#2471=CARTESIAN_POINT('Origin',(-78.3998201025637,-57.6,3.));
#2472=CARTESIAN_POINT('',(-75.9013205528339,-63.,3.));
#2473=CARTESIAN_POINT('Origin',(-78.3998201025637,-57.6,3.));
#2474=CARTESIAN_POINT('',(75.9016803477065,-63.,3.));
#2475=CARTESIAN_POINT('',(-45.,-63.,3.));
#2476=CARTESIAN_POINT('Origin',(78.4001798974363,-57.6,3.));
#2477=CARTESIAN_POINT('',(47.7001798974363,-44.,3.));
#2478=CARTESIAN_POINT('',(47.7001798974363,-29.8,3.));
#2479=CARTESIAN_POINT('',(47.7001798974363,-15.15,3.));
#2480=CARTESIAN_POINT('',(39.1001798974363,-44.,3.));
#2481=CARTESIAN_POINT('',(26.1000899487182,-44.,3.));
#2482=CARTESIAN_POINT('',(39.1001798974363,-29.8,3.));
#2483=CARTESIAN_POINT('',(39.1001798974363,-21.75,3.));
#2484=CARTESIAN_POINT('',(22.3000899487182,-29.8,3.));
#2485=CARTESIAN_POINT('Origin',(-94.9999999999999,-63.,0.));
#2486=CARTESIAN_POINT('',(102.,-63.,8.93198051533944));
#2487=CARTESIAN_POINT('',(102.,-63.,8.93198051533944));
#2488=CARTESIAN_POINT('Ctrl Pts',(80.8986794471662,-63.,3.));
#2489=CARTESIAN_POINT('Ctrl Pts',(80.6597100732608,-63.,3.));
#2490=CARTESIAN_POINT('Ctrl Pts',(80.3731292754788,-63.,3.01022776318922));
#2491=CARTESIAN_POINT('Ctrl Pts',(79.5925493529077,-63.,3.04758647829954));
#2492=CARTESIAN_POINT('Ctrl Pts',(78.9426839326216,-63.,3.08608634989974));
#2493=CARTESIAN_POINT('Ctrl Pts',(77.8576758622511,-63.,3.08608634989974));
#2494=CARTESIAN_POINT('Ctrl Pts',(77.207810441965,-63.,3.04758647829954));
#2495=CARTESIAN_POINT('Ctrl Pts',(76.4272305193939,-63.,3.01022776318922));
#2496=CARTESIAN_POINT('Ctrl Pts',(76.1406497216119,-63.,3.));
#2497=CARTESIAN_POINT('Ctrl Pts',(75.9016803477065,-63.,3.));
#2498=CARTESIAN_POINT('Ctrl Pts',(-75.9013205528339,-63.,3.));
#2499=CARTESIAN_POINT('Ctrl Pts',(-76.1402899267393,-63.,3.));
#2500=CARTESIAN_POINT('Ctrl Pts',(-76.4268707245213,-63.,3.01022776318922));
#2501=CARTESIAN_POINT('Ctrl Pts',(-77.2074506470923,-63.,3.04758647829953));
#2502=CARTESIAN_POINT('Ctrl Pts',(-77.8573160673784,-63.,3.08608634989974));
#2503=CARTESIAN_POINT('Ctrl Pts',(-78.9423241377489,-63.,3.08608634989974));
#2504=CARTESIAN_POINT('Ctrl Pts',(-79.592189558035,-63.,3.04758647829953));
#2505=CARTESIAN_POINT('Ctrl Pts',(-80.3727694806061,-63.,3.01022776318922));
#2506=CARTESIAN_POINT('Ctrl Pts',(-80.6593502783881,-63.,3.));
#2507=CARTESIAN_POINT('Ctrl Pts',(-80.8983196522935,-63.,3.));
#2508=CARTESIAN_POINT('',(-82.9999999999999,-63.,5.54923906224268));
#2509=CARTESIAN_POINT('',(-82.9999999999999,-63.,2.77461953112134));
#2510=CARTESIAN_POINT('',(-90.9999999999999,-63.,5.54923906224268));
#2511=CARTESIAN_POINT('',(-92.9999999999999,-63.,5.54923906224268));
#2512=CARTESIAN_POINT('',(-90.9999999999999,-63.,0.774619531121338));
#2513=CARTESIAN_POINT('',(-91.9999999999999,-63.,10.));
#2514=CARTESIAN_POINT('',(-91.9999999999999,-63.,0.));
#2515=CARTESIAN_POINT('',(102.,-63.,10.));
#2516=CARTESIAN_POINT('',(-45.,-63.,10.));
#2517=CARTESIAN_POINT('',(102.,-63.,0.));
#2518=CARTESIAN_POINT('Origin',(105.,-60.375,5.75));
#2519=CARTESIAN_POINT('',(105.,-64.5,5.75));
#2520=CARTESIAN_POINT('Origin',(105.,-60.375,5.75));
#2521=CARTESIAN_POINT('',(105.,-64.5,5.75));
#2522=CARTESIAN_POINT('Origin',(102.,-60.375,5.75));
#2523=CARTESIAN_POINT('',(101.,-64.4935828873533,5.52));
#2524=CARTESIAN_POINT('',(102.,-64.4935828873533,5.52));
#2525=CARTESIAN_POINT('Origin',(101.,-60.375,5.75));
#2526=CARTESIAN_POINT('Origin',(105.,-66.,0.));
#2527=CARTESIAN_POINT('',(105.,-64.5,1.5));
#2528=CARTESIAN_POINT('',(105.,-64.5,0.));
#2529=CARTESIAN_POINT('',(105.,64.5,1.5));
#2530=CARTESIAN_POINT('',(105.,-33.,1.5));
#2531=CARTESIAN_POINT('',(105.,64.5,10.));
#2532=CARTESIAN_POINT('',(105.,64.5,0.));
#2533=CARTESIAN_POINT('',(105.,-64.5,10.));
#2534=CARTESIAN_POINT('',(105.,-33.,10.));
#2535=CARTESIAN_POINT('',(105.,-64.5,0.));
#2536=CARTESIAN_POINT('Origin',(-78.3998201025637,57.6,4.8));
#2537=CARTESIAN_POINT('',(-74.2498201025637,57.6,4.8));
#2538=CARTESIAN_POINT('Origin',(-78.3998201025637,57.6,4.8));
#2539=CARTESIAN_POINT('Origin',(-72.4498201025637,57.6,4.8));
#2540=CARTESIAN_POINT('Ctrl Pts',(-80.8983196522934,63.,3.));
#2541=CARTESIAN_POINT('Ctrl Pts',(-80.659350278388,63.,3.));
#2542=CARTESIAN_POINT('Ctrl Pts',(-80.372769480606,63.,3.01022776318922));
#2543=CARTESIAN_POINT('Ctrl Pts',(-79.592189558035,63.,3.04758647829953));
#2544=CARTESIAN_POINT('Ctrl Pts',(-78.9423241377489,63.,3.08608634989973));
#2545=CARTESIAN_POINT('Ctrl Pts',(-77.8573160673784,63.,3.08608634989973));
#2546=CARTESIAN_POINT('Ctrl Pts',(-77.2074506470924,63.,3.04758647829953));
#2547=CARTESIAN_POINT('Ctrl Pts',(-76.4268707245213,63.,3.01022776318922));
#2548=CARTESIAN_POINT('Ctrl Pts',(-76.1402899267393,63.,3.));
#2549=CARTESIAN_POINT('Ctrl Pts',(-75.9013205528339,63.,3.));
#2550=CARTESIAN_POINT('Origin',(-110.,-60.2499999999999,5.75));
#2551=CARTESIAN_POINT('',(-110.,-64.3499999999999,5.75));
#2552=CARTESIAN_POINT('Origin',(-110.,-60.2499999999999,5.75));
#2553=CARTESIAN_POINT('Origin',(4.99999999999998,1.77635683940025E-14,0.));
#2554=CARTESIAN_POINT('',(103.5,-64.5,0.));
#2555=CARTESIAN_POINT('',(103.5,64.5,0.));
#2556=CARTESIAN_POINT('',(103.5,-33.,0.));
#2557=CARTESIAN_POINT('',(-93.4999999999999,-64.5,0.));
#2558=CARTESIAN_POINT('',(-45.,-64.5,0.));
#2559=CARTESIAN_POINT('',(-93.5,64.5,0.));
#2560=CARTESIAN_POINT('',(-93.5,33.,0.));
#2561=CARTESIAN_POINT('',(55.,64.5,0.));
#2562=CARTESIAN_POINT('Origin',(43.4001798974363,-36.9,2.));
#2563=CARTESIAN_POINT('',(47.2001798974363,-43.5,2.));
#2564=CARTESIAN_POINT('',(39.6001798974363,-43.5,2.));
#2565=CARTESIAN_POINT('',(47.2001798974363,-43.5,2.));
#2566=CARTESIAN_POINT('',(47.2001798974363,-30.3,2.));
#2567=CARTESIAN_POINT('',(47.2001798974363,-30.3,2.));
#2568=CARTESIAN_POINT('',(39.6001798974363,-30.3,2.));
#2569=CARTESIAN_POINT('',(39.6001798974363,-30.3,2.));
#2570=CARTESIAN_POINT('',(39.6001798974363,-43.5,2.));
#2571=CARTESIAN_POINT('Origin',(78.4001798974363,-57.6,8.8));
#2572=CARTESIAN_POINT('',(82.5501798974363,-57.6,8.8));
#2573=CARTESIAN_POINT('Origin',(78.4001798974363,-57.6,8.8));
#2574=CARTESIAN_POINT('Origin',(-78.3998201025637,-57.6,8.8));
#2575=CARTESIAN_POINT('',(-74.2498201025637,-57.6,8.8));
#2576=CARTESIAN_POINT('Origin',(-78.3998201025637,-57.6,8.8));
#2577=CARTESIAN_POINT('Origin',(-45.,-65.25,0.75));
#2578=CARTESIAN_POINT('',(-93.4999999999999,-66.,1.5));
#2579=CARTESIAN_POINT('',(-93.4999999999999,-66.,1.5));
#2580=CARTESIAN_POINT('',(103.5,-66.,1.5));
#2581=CARTESIAN_POINT('',(103.5,-64.5,0.));
#2582=CARTESIAN_POINT('',(-45.,-66.,1.5));
#2583=CARTESIAN_POINT('Origin',(-92.9999999999999,-65.5,6.04923906224268));
#2584=CARTESIAN_POINT('',(-81.9999999999999,-66.,6.54923906224268));
#2585=CARTESIAN_POINT('',(-91.9999999999999,-66.,6.54923906224268));
#2586=CARTESIAN_POINT('',(-92.9999999999999,-66.,6.54923906224268));
#2587=CARTESIAN_POINT('',(-90.9999999999999,-65.,5.54923906224268));
#2588=CARTESIAN_POINT('',(-91.9999999999999,-66.,6.54923906224268));
#2589=CARTESIAN_POINT('',(-82.9999999999999,-65.,5.54923906224268));
#2590=CARTESIAN_POINT('',(-92.9999999999999,-65.,5.54923906224268));
#2591=CARTESIAN_POINT('',(-81.9999999999999,-66.,6.54923906224268));
#2592=CARTESIAN_POINT('Origin',(-0.999999999999996,-65.5,6.02));
#2593=CARTESIAN_POINT('',(102.,-66.,6.52));
#2594=CARTESIAN_POINT('',(92.,-66.,6.52));
#2595=CARTESIAN_POINT('',(-0.999999999999996,-66.,6.52));
#2596=CARTESIAN_POINT('',(92.,-66.,6.52));
#2597=CARTESIAN_POINT('',(101.,-65.,5.52));
#2598=CARTESIAN_POINT('',(-0.999999999999996,-65.,5.52));
#2599=CARTESIAN_POINT('',(102.,-66.,6.52));
#2600=CARTESIAN_POINT('Origin',(-93.4999999999999,-64.5,0.));
#2601=CARTESIAN_POINT('',(-94.9999999999999,-64.5,1.5));
#2602=CARTESIAN_POINT('',(-94.9999999999999,-64.5,1.5));
#2603=CARTESIAN_POINT('',(-93.4999999999999,-64.5,0.));
#2604=CARTESIAN_POINT('Origin',(-94.25,33.,0.75));
#2605=CARTESIAN_POINT('',(-95.,64.5,1.5));
#2606=CARTESIAN_POINT('',(-95.,64.5,1.5));
#2607=CARTESIAN_POINT('',(-95.,33.,1.5));
#2608=CARTESIAN_POINT('Origin',(-95.,-60.25,5.75));
#2609=CARTESIAN_POINT('',(-95.,-64.35,5.75));
#2610=CARTESIAN_POINT('',(-95.,-64.35,5.75));
#2611=CARTESIAN_POINT('Origin',(-95.0000000000001,-60.25,5.75));
#2612=CARTESIAN_POINT('Origin',(-93.5,64.5,0.));
#2613=CARTESIAN_POINT('',(-93.5,66.,1.5));
#2614=CARTESIAN_POINT('',(-93.5,66.,1.5));
#2615=CARTESIAN_POINT('',(-93.5,64.5,0.));
#2616=CARTESIAN_POINT('Origin',(55.,65.25,0.75));
#2617=CARTESIAN_POINT('',(103.5,66.,1.5));
#2618=CARTESIAN_POINT('',(103.5,66.,1.5));
#2619=CARTESIAN_POINT('',(55.,66.,1.5));
#2620=CARTESIAN_POINT('Origin',(103.5,64.5,0.));
#2621=CARTESIAN_POINT('',(105.,64.5,1.5));
#2622=CARTESIAN_POINT('',(103.5,64.5,0.));
#2623=CARTESIAN_POINT('Origin',(104.25,-33.,0.75));
#2624=CARTESIAN_POINT('',(105.,-64.5,1.5));
#2625=CARTESIAN_POINT('Origin',(105.,-64.5,1.5));
#2626=CARTESIAN_POINT('',(103.5,-66.,1.5));
#2627=CARTESIAN_POINT('Origin',(78.4001798974363,57.6,8.8));
#2628=CARTESIAN_POINT('',(82.5501798974363,57.6,8.8));
#2629=CARTESIAN_POINT('Origin',(78.4001798974363,57.6,8.8));
#2630=CARTESIAN_POINT('Origin',(39.6001798974363,-30.3,3.));
#2631=CARTESIAN_POINT('',(39.6001798974363,-30.3,2.5));
#2632=CARTESIAN_POINT('',(47.2001798974363,-30.3,2.5));
#2633=CARTESIAN_POINT('',(22.3000899487182,-30.3,2.5));
#2634=CARTESIAN_POINT('',(39.6001798974363,-30.3,3.));
#2635=CARTESIAN_POINT('',(47.2001798974363,-30.3,3.));
#2636=CARTESIAN_POINT('Origin',(39.6001798974363,-43.5,3.));
#2637=CARTESIAN_POINT('',(39.6001798974363,-43.5,2.5));
#2638=CARTESIAN_POINT('',(39.6001798974363,-21.75,2.5));
#2639=CARTESIAN_POINT('',(39.6001798974363,-43.5,3.));
#2640=CARTESIAN_POINT('Origin',(47.2001798974363,-43.5,3.));
#2641=CARTESIAN_POINT('',(47.2001798974363,-43.5,2.5));
#2642=CARTESIAN_POINT('',(26.1000899487182,-43.5,2.5));
#2643=CARTESIAN_POINT('',(47.2001798974363,-43.5,3.));
#2644=CARTESIAN_POINT('Origin',(47.2001798974363,-30.3,3.));
#2645=CARTESIAN_POINT('',(47.2001798974363,-15.15,2.5));
#2646=CARTESIAN_POINT('Origin',(101.5,-65.5,2.76));
#2647=CARTESIAN_POINT('',(101.,-65.,1.52));
#2648=CARTESIAN_POINT('',(101.,-65.,2.76));
#2649=CARTESIAN_POINT('',(102.,-66.,1.52));
#2650=CARTESIAN_POINT('',(101.5,-65.5,1.52));
#2651=CARTESIAN_POINT('',(102.,-66.,2.76));
#2652=CARTESIAN_POINT('Origin',(101.,-66.,1.52));
#2653=CARTESIAN_POINT('',(92.,-66.,1.52));
#2654=CARTESIAN_POINT('',(3.00000000000001,-66.,1.52));
#2655=CARTESIAN_POINT('',(101.,-66.,1.52));
#2656=CARTESIAN_POINT('',(94.4999999999999,-63.5,1.52));
#2657=CARTESIAN_POINT('Origin',(92.4999999999999,-65.5,0.76));
#2658=CARTESIAN_POINT('',(92.,-66.,0.76));
#2659=CARTESIAN_POINT('Origin',(78.4001798974363,-57.6,0.));
#2660=CARTESIAN_POINT('',(82.5501798974363,-57.6,4.8));
#2661=CARTESIAN_POINT('',(82.5501798974363,-57.6,0.));
#2662=CARTESIAN_POINT('Origin',(78.4001798974363,-57.6,4.8));
#2663=CARTESIAN_POINT('Origin',(-78.3998201025637,-57.6,0.));
#2664=CARTESIAN_POINT('',(-74.2498201025637,-57.6,4.8));
#2665=CARTESIAN_POINT('',(-74.2498201025637,-57.6,0.));
#2666=CARTESIAN_POINT('Origin',(-78.3998201025637,-57.6,4.8));
#2667=CARTESIAN_POINT('Origin',(-82.4999999999999,-65.5,2.77461953112134));
#2668=CARTESIAN_POINT('',(-82.9999999999999,-65.,1.54923906224268));
#2669=CARTESIAN_POINT('',(-82.9999999999999,-65.,2.77461953112134));
#2670=CARTESIAN_POINT('',(-81.9999999999999,-66.,1.54923906224268));
#2671=CARTESIAN_POINT('',(-82.4999999999999,-65.5,1.54923906224268));
#2672=CARTESIAN_POINT('',(-81.9999999999999,-66.,2.77461953112134));
#2673=CARTESIAN_POINT('Origin',(-82.9999999999999,-66.,1.54923906224268));
#2674=CARTESIAN_POINT('',(-91.9999999999999,-66.,1.54923906224268));
#2675=CARTESIAN_POINT('',(-88.9999999999999,-66.,1.54923906224268));
#2676=CARTESIAN_POINT('',(-82.9999999999999,-62.,1.54923906224268));
#2677=CARTESIAN_POINT('',(-82.9999999999999,-66.,1.54923906224268));
#2678=CARTESIAN_POINT('',(-90.9999999999999,-62.,1.54923906224268));
#2679=CARTESIAN_POINT('',(-90.9999999999999,-62.,1.54923906224268));
#2680=CARTESIAN_POINT('',(-90.9999999999999,-65.,1.54923906224268));
#2681=CARTESIAN_POINT('',(-90.9999999999999,-66.,1.54923906224268));
#2682=CARTESIAN_POINT('',(-89.5,-63.5,1.54923906224268));
#2683=CARTESIAN_POINT('Origin',(-91.4999999999999,-65.5,0.774619531121338));
#2684=CARTESIAN_POINT('',(-91.9999999999999,-66.,0.774619531121338));
#2685=CARTESIAN_POINT('',(-90.9999999999999,-65.,0.774619531121338));
#2686=CARTESIAN_POINT('Origin',(92.9999999999999,-66.,5.52));
#2687=CARTESIAN_POINT('',(101.,-66.,5.52));
#2688=CARTESIAN_POINT('Origin',(-90.9999999999999,-66.,5.54923906224268));
#2689=CARTESIAN_POINT('',(-90.9999999999999,-66.,5.54923906224268));
#2690=CARTESIAN_POINT('',(-82.9999999999999,-66.,5.54923906224268));
#2691=CARTESIAN_POINT('Origin',(-95.,22.9000000000001,4.91764853998156));
#2692=CARTESIAN_POINT('',(-92.,28.9,4.91764853998156));
#2693=CARTESIAN_POINT('',(-92.,22.9,4.91764853998156));
#2694=CARTESIAN_POINT('',(-92.,44.45,4.91764853998156));
#2695=CARTESIAN_POINT('',(-95.,28.9000000000001,4.91764853998156));
#2696=CARTESIAN_POINT('',(-95.,28.9000000000001,4.91764853998156));
#2697=CARTESIAN_POINT('',(-95.,22.9000000000001,4.91764853998156));
#2698=CARTESIAN_POINT('',(-95.,44.45,4.91764853998156));
#2699=CARTESIAN_POINT('',(-95.,22.9000000000001,4.91764853998156));
#2700=CARTESIAN_POINT('Origin',(-95.,28.9000000000001,4.91764853998156));
#2701=CARTESIAN_POINT('',(-92.,28.9,9.31764853998156));
#2702=CARTESIAN_POINT('',(-92.,28.9,2.45882426999078));
#2703=CARTESIAN_POINT('',(-95.,28.9000000000001,9.31764853998156));
#2704=CARTESIAN_POINT('',(-95.,28.9000000000001,9.31764853998156));
#2705=CARTESIAN_POINT('',(-95.,28.9,2.45882426999078));
#2706=CARTESIAN_POINT('Origin',(-95.,28.9000000000001,9.31764853998156));
#2707=CARTESIAN_POINT('',(-92.,22.9,9.31764853998156));
#2708=CARTESIAN_POINT('',(-92.,47.45,9.31764853998156));
#2709=CARTESIAN_POINT('',(-95.,22.9000000000001,9.31764853998156));
#2710=CARTESIAN_POINT('',(-95.,22.9000000000001,9.31764853998156));
#2711=CARTESIAN_POINT('',(-95.,47.45,9.31764853998156));
#2712=CARTESIAN_POINT('Origin',(-95.,22.9000000000001,9.31764853998156));
#2713=CARTESIAN_POINT('',(-92.,22.9,4.65882426999078));
#2714=CARTESIAN_POINT('',(-95.,22.9000000000001,4.65882426999078));
#2715=CARTESIAN_POINT('Origin',(-95.,9.90000000000006,4.91764853998156));
#2716=CARTESIAN_POINT('',(-92.,15.9,4.91764853998156));
#2717=CARTESIAN_POINT('',(-92.,9.90000000000004,4.91764853998156));
#2718=CARTESIAN_POINT('',(-92.,37.95,4.91764853998156));
#2719=CARTESIAN_POINT('',(-94.9999999999999,15.9000000000001,4.91764853998156));
#2720=CARTESIAN_POINT('',(-94.9999999999999,15.9000000000001,4.91764853998156));
#2721=CARTESIAN_POINT('',(-95.,9.90000000000006,4.91764853998156));
#2722=CARTESIAN_POINT('',(-95.,37.95,4.91764853998156));
#2723=CARTESIAN_POINT('',(-95.,9.90000000000006,4.91764853998156));
#2724=CARTESIAN_POINT('Origin',(-94.9999999999999,15.9000000000001,4.91764853998156));
#2725=CARTESIAN_POINT('',(-92.,15.9,9.31764853998156));
#2726=CARTESIAN_POINT('',(-92.,15.9,2.45882426999078));
#2727=CARTESIAN_POINT('',(-94.9999999999999,15.9000000000001,9.31764853998156));
#2728=CARTESIAN_POINT('',(-94.9999999999999,15.9000000000001,9.31764853998156));
#2729=CARTESIAN_POINT('',(-95.,15.9000000000001,2.45882426999078));
#2730=CARTESIAN_POINT('Origin',(-94.9999999999999,15.9000000000001,9.31764853998156));
#2731=CARTESIAN_POINT('',(-92.,9.90000000000004,9.31764853998156));
#2732=CARTESIAN_POINT('',(-92.,40.95,9.31764853998156));
#2733=CARTESIAN_POINT('',(-94.9999999999999,9.90000000000006,9.31764853998156));
#2734=CARTESIAN_POINT('',(-94.9999999999999,9.90000000000006,9.31764853998156));
#2735=CARTESIAN_POINT('',(-95.,40.95,9.31764853998156));
#2736=CARTESIAN_POINT('Origin',(-94.9999999999999,9.90000000000006,9.31764853998156));
#2737=CARTESIAN_POINT('',(-92.,9.90000000000004,4.65882426999078));
#2738=CARTESIAN_POINT('',(-95.,9.90000000000006,4.65882426999078));
#2739=CARTESIAN_POINT('Origin',(-95.,-16.0999999999999,4.91764853998156));
#2740=CARTESIAN_POINT('',(-92.,-10.1,4.91764853998156));
#2741=CARTESIAN_POINT('',(-92.,-16.1,4.91764853998156));
#2742=CARTESIAN_POINT('',(-92.,24.95,4.91764853998156));
#2743=CARTESIAN_POINT('',(-95.,-10.0999999999999,4.91764853998156));
#2744=CARTESIAN_POINT('',(-95.,-10.0999999999999,4.91764853998156));
#2745=CARTESIAN_POINT('',(-95.,-16.0999999999999,4.91764853998156));
#2746=CARTESIAN_POINT('',(-95.,24.95,4.91764853998156));
#2747=CARTESIAN_POINT('',(-95.,-16.0999999999999,4.91764853998156));
#2748=CARTESIAN_POINT('Origin',(-95.,-10.0999999999999,4.91764853998156));
#2749=CARTESIAN_POINT('',(-92.,-10.1,9.31764853998156));
#2750=CARTESIAN_POINT('',(-92.,-10.1,2.45882426999078));
#2751=CARTESIAN_POINT('',(-95.,-10.0999999999999,9.31764853998156));
#2752=CARTESIAN_POINT('',(-95.,-10.0999999999999,9.31764853998156));
#2753=CARTESIAN_POINT('',(-95.,-10.0999999999999,2.45882426999078));
#2754=CARTESIAN_POINT('Origin',(-95.,-10.0999999999999,9.31764853998156));
#2755=CARTESIAN_POINT('',(-92.,-16.1,9.31764853998156));
#2756=CARTESIAN_POINT('',(-92.,27.95,9.31764853998156));
#2757=CARTESIAN_POINT('',(-94.9999999999999,-16.0999999999999,9.31764853998156));
#2758=CARTESIAN_POINT('',(-94.9999999999999,-16.0999999999999,9.31764853998156));
#2759=CARTESIAN_POINT('',(-95.,27.95,9.31764853998156));
#2760=CARTESIAN_POINT('Origin',(-94.9999999999999,-16.0999999999999,9.31764853998156));
#2761=CARTESIAN_POINT('',(-92.,-16.1,4.65882426999078));
#2762=CARTESIAN_POINT('',(-95.,-16.0999999999999,4.65882426999078));
#2763=CARTESIAN_POINT('Origin',(-95.,-3.09999999999994,4.91764853998156));
#2764=CARTESIAN_POINT('',(-92.,2.90000000000004,4.91764853998156));
#2765=CARTESIAN_POINT('',(-92.,-3.09999999999996,4.91764853998156));
#2766=CARTESIAN_POINT('',(-92.,31.45,4.91764853998156));
#2767=CARTESIAN_POINT('',(-95.,2.90000000000006,4.91764853998156));
#2768=CARTESIAN_POINT('',(-95.,2.90000000000006,4.91764853998156));
#2769=CARTESIAN_POINT('',(-95.,-3.09999999999994,4.91764853998156));
#2770=CARTESIAN_POINT('',(-95.,31.45,4.91764853998156));
#2771=CARTESIAN_POINT('',(-95.,-3.09999999999994,4.91764853998156));
#2772=CARTESIAN_POINT('Origin',(-95.,2.90000000000006,4.91764853998156));
#2773=CARTESIAN_POINT('',(-92.,2.90000000000004,9.31764853998156));
#2774=CARTESIAN_POINT('',(-92.,2.90000000000004,2.45882426999077));
#2775=CARTESIAN_POINT('',(-95.,2.90000000000006,9.31764853998156));
#2776=CARTESIAN_POINT('',(-95.,2.90000000000006,9.31764853998156));
#2777=CARTESIAN_POINT('',(-95.,2.90000000000005,2.45882426999077));
#2778=CARTESIAN_POINT('Origin',(-95.,2.90000000000006,9.31764853998156));
#2779=CARTESIAN_POINT('',(-92.,-3.09999999999996,9.31764853998156));
#2780=CARTESIAN_POINT('',(-92.,34.45,9.31764853998156));
#2781=CARTESIAN_POINT('',(-95.,-3.09999999999995,9.31764853998156));
#2782=CARTESIAN_POINT('',(-95.,-3.09999999999995,9.31764853998156));
#2783=CARTESIAN_POINT('',(-95.,34.45,9.31764853998156));
#2784=CARTESIAN_POINT('Origin',(-95.,-3.09999999999995,9.31764853998156));
#2785=CARTESIAN_POINT('',(-92.,-3.09999999999995,4.65882426999077));
#2786=CARTESIAN_POINT('',(-95.,-3.09999999999994,4.65882426999077));
#2787=CARTESIAN_POINT('Origin',(-95.,-29.0999999999999,4.91764853998156));
#2788=CARTESIAN_POINT('',(-92.,-23.1,4.91764853998156));
#2789=CARTESIAN_POINT('',(-92.,-29.1,4.91764853998156));
#2790=CARTESIAN_POINT('',(-92.,18.45,4.91764853998156));
#2791=CARTESIAN_POINT('',(-95.,-23.1,4.91764853998156));
#2792=CARTESIAN_POINT('',(-95.,-23.1,4.91764853998156));
#2793=CARTESIAN_POINT('',(-95.,-29.0999999999999,4.91764853998156));
#2794=CARTESIAN_POINT('',(-95.,18.45,4.91764853998156));
#2795=CARTESIAN_POINT('',(-95.,-29.0999999999999,4.91764853998156));
#2796=CARTESIAN_POINT('Origin',(-95.,-23.1,4.91764853998156));
#2797=CARTESIAN_POINT('',(-92.,-23.1,9.31764853998156));
#2798=CARTESIAN_POINT('',(-92.,-23.1,2.45882426999078));
#2799=CARTESIAN_POINT('',(-95.,-23.1,9.31764853998156));
#2800=CARTESIAN_POINT('',(-95.,-23.1,9.31764853998156));
#2801=CARTESIAN_POINT('',(-95.,-23.0999999999999,2.45882426999078));
#2802=CARTESIAN_POINT('Origin',(-95.,-23.1,9.31764853998156));
#2803=CARTESIAN_POINT('',(-92.,-29.1,9.31764853998156));
#2804=CARTESIAN_POINT('',(-92.,21.45,9.31764853998156));
#2805=CARTESIAN_POINT('',(-95.,-29.0999999999999,9.31764853998156));
#2806=CARTESIAN_POINT('',(-95.,-29.0999999999999,9.31764853998156));
#2807=CARTESIAN_POINT('',(-95.,21.45,9.31764853998156));
#2808=CARTESIAN_POINT('Origin',(-95.,-29.0999999999999,9.31764853998156));
#2809=CARTESIAN_POINT('',(-91.9999999999999,-29.1,4.65882426999078));
#2810=CARTESIAN_POINT('',(-94.9999999999999,-29.1,4.65882426999078));
#2811=CARTESIAN_POINT('Origin',(-94.9999999999999,-66.,0.));
#2812=CARTESIAN_POINT('',(103.5,-66.,10.));
#2813=CARTESIAN_POINT('',(103.5,-66.,0.));
#2814=CARTESIAN_POINT('',(-93.4999999999999,-66.,10.));
#2815=CARTESIAN_POINT('',(-45.,-66.,10.));
#2816=CARTESIAN_POINT('',(-93.4999999999999,-66.,0.));
#2817=CARTESIAN_POINT('Origin',(-94.2499999999999,-65.25,0.));
#2818=CARTESIAN_POINT('',(-94.9999999999999,-64.5,10.));
#2819=CARTESIAN_POINT('',(-85.7500000000002,-73.7499999999998,10.));
#2820=CARTESIAN_POINT('',(-94.9999999999999,-64.5,0.));
#2821=CARTESIAN_POINT('Origin',(-95.,66.,0.));
#2822=CARTESIAN_POINT('',(-95.,64.5,10.));
#2823=CARTESIAN_POINT('',(-95.,33.,10.));
#2824=CARTESIAN_POINT('',(-95.,64.5,0.));
#2825=CARTESIAN_POINT('Origin',(-94.25,65.25,0.));
#2826=CARTESIAN_POINT('',(-93.5,66.,10.));
#2827=CARTESIAN_POINT('',(-85.75,73.75,10.));
#2828=CARTESIAN_POINT('',(-93.5,66.,0.));
#2829=CARTESIAN_POINT('Origin',(105.,66.,0.));
#2830=CARTESIAN_POINT('',(103.5,66.,10.));
#2831=CARTESIAN_POINT('',(103.5,66.,0.));
#2832=CARTESIAN_POINT('',(55.,66.,10.));
#2833=CARTESIAN_POINT('Origin',(104.25,65.25,0.));
#2834=CARTESIAN_POINT('',(95.7499999999995,73.7500000000003,10.));
#2835=CARTESIAN_POINT('Origin',(104.25,-65.25,0.));
#2836=CARTESIAN_POINT('',(95.7499999999997,-73.7500000000002,10.));
#2837=CARTESIAN_POINT('Origin',(78.4001798974363,57.6,0.));
#2838=CARTESIAN_POINT('',(82.5501798974363,57.6,4.8));
#2839=CARTESIAN_POINT('',(82.5501798974363,57.6,0.));
#2840=CARTESIAN_POINT('Origin',(78.4001798974363,57.6,4.8));
#2841=CARTESIAN_POINT('Origin',(22.3000899487182,-29.8,2.5));
#2842=CARTESIAN_POINT('Origin',(39.1001798974363,-29.8,2.5));
#2843=CARTESIAN_POINT('Origin',(47.7001798974363,-29.8,2.5));
#2844=CARTESIAN_POINT('Origin',(39.1001798974363,-21.75,2.5));
#2845=CARTESIAN_POINT('Origin',(39.1001798974363,-44.,2.5));
#2846=CARTESIAN_POINT('Origin',(26.1000899487182,-44.,2.5));
#2847=CARTESIAN_POINT('Origin',(47.7001798974363,-44.,2.5));
#2848=CARTESIAN_POINT('Origin',(47.7001798974363,-15.15,2.5));
#2849=CARTESIAN_POINT('Origin',(101.,-66.,5.52));
#2850=CARTESIAN_POINT('Origin',(78.4001798974363,-57.6,4.8));
#2851=CARTESIAN_POINT('Origin',(84.3501798974363,-57.6,4.8));
#2852=CARTESIAN_POINT('Origin',(-78.3998201025637,-57.6,4.8));
#2853=CARTESIAN_POINT('Origin',(-72.4498201025637,-57.6,4.8));
#2854=CARTESIAN_POINT('Origin',(-82.9999999999999,-66.,5.54923906224268));
#2855=CARTESIAN_POINT('',(-82.9999999999999,-62.,1.54923906224268));
#2856=CARTESIAN_POINT('Origin',(-86.9999999999999,-62.,3.54923906224268));
#2857=CARTESIAN_POINT('',(-90.9999999999999,-62.,5.54923906224268));
#2858=CARTESIAN_POINT('Origin',(-90.9999999999999,-66.,1.54923906224268));
#2859=CARTESIAN_POINT('Origin',(-92.,66.,0.));
#2860=CARTESIAN_POINT('',(-92.,63.,10.));
#2861=CARTESIAN_POINT('',(-92.,33.,10.));
#2862=CARTESIAN_POINT('',(-92.,63.,0.));
#2863=CARTESIAN_POINT('Origin',(4.99999999999997,1.77635683940025E-14,10.));
#2864=CARTESIAN_POINT('',(102.,63.,10.));
#2865=CARTESIAN_POINT('',(55.,63.,10.));
#2866=CARTESIAN_POINT('',(102.,-33.,10.));
#2867=CARTESIAN_POINT('Origin',(102.,-66.,0.));
#2868=CARTESIAN_POINT('',(102.,63.,0.));
#2869=CARTESIAN_POINT('Origin',(78.4001798974363,57.6,4.8));
#2870=CARTESIAN_POINT('Origin',(84.3501798974363,57.6,4.8));
#2871=CARTESIAN_POINT('Ctrl Pts',(75.9016803477066,63.,3.));
#2872=CARTESIAN_POINT('Ctrl Pts',(76.140649721612,63.,3.));
#2873=CARTESIAN_POINT('Ctrl Pts',(76.427230519394,63.,3.01022776318922));
#2874=CARTESIAN_POINT('Ctrl Pts',(77.207810441965,63.,3.04758647829953));
#2875=CARTESIAN_POINT('Ctrl Pts',(77.8576758622511,63.,3.08608634989973));
#2876=CARTESIAN_POINT('Ctrl Pts',(78.9426839326216,63.,3.08608634989973));
#2877=CARTESIAN_POINT('Ctrl Pts',(79.5925493529077,63.,3.04758647829953));
#2878=CARTESIAN_POINT('Ctrl Pts',(80.3731292754787,63.,3.01022776318922));
#2879=CARTESIAN_POINT('Ctrl Pts',(80.6597100732607,63.,3.));
#2880=CARTESIAN_POINT('Ctrl Pts',(80.8986794471661,63.,3.));
#2881=CARTESIAN_POINT('Origin',(-78.3998201025637,57.6,8.8));
#2882=CARTESIAN_POINT('',(-74.2498201025637,57.6,8.8));
#2883=CARTESIAN_POINT('Origin',(-78.3998201025637,57.6,8.8));
#2884=CARTESIAN_POINT('Origin',(105.,63.,0.));
#2885=CARTESIAN_POINT('Origin',(-78.3998201025637,57.6,0.));
#2886=CARTESIAN_POINT('',(-74.2498201025637,57.6,0.));
#2887=UNCERTAINTY_MEASURE_WITH_UNIT(LENGTH_MEASURE(0.01),#2891,
'DISTANCE_ACCURACY_VALUE',
'Maximum model space distance between geometric entities at asserted c
onnectivities');
#2888=UNCERTAINTY_MEASURE_WITH_UNIT(LENGTH_MEASURE(0.01),#2891,
'DISTANCE_ACCURACY_VALUE',
'Maximum model space distance between geometric entities at asserted c
onnectivities');
#2889=(
GEOMETRIC_REPRESENTATION_CONTEXT(3)
GLOBAL_UNCERTAINTY_ASSIGNED_CONTEXT((#2887))
GLOBAL_UNIT_ASSIGNED_CONTEXT((#2891,#2893,#2894))
REPRESENTATION_CONTEXT('','3D')
);
#2890=(
GEOMETRIC_REPRESENTATION_CONTEXT(3)
GLOBAL_UNCERTAINTY_ASSIGNED_CONTEXT((#2888))
GLOBAL_UNIT_ASSIGNED_CONTEXT((#2891,#2893,#2894))
REPRESENTATION_CONTEXT('','3D')
);
#2891=(
LENGTH_UNIT()
NAMED_UNIT(*)
SI_UNIT(.MILLI.,.METRE.)
);
#2892=(
LENGTH_UNIT()
NAMED_UNIT(*)
SI_UNIT($,.METRE.)
);
#2893=(
NAMED_UNIT(*)
PLANE_ANGLE_UNIT()
SI_UNIT($,.RADIAN.)
);
#2894=(
NAMED_UNIT(*)
SI_UNIT($,.STERADIAN.)
SOLID_ANGLE_UNIT()
);
#2895=SHAPE_DEFINITION_REPRESENTATION(#2896,#2897);
#2896=PRODUCT_DEFINITION_SHAPE('',$,#2899);
#2897=SHAPE_REPRESENTATION('',(#1751),#2889);
#2898=PRODUCT_DEFINITION_CONTEXT('part definition',#2903,'design');
#2899=PRODUCT_DEFINITION('2026-10-10-10-58-05-490','Bottom_bezzel',#2900,
#2898);
#2900=PRODUCT_DEFINITION_FORMATION('',$,#2905);
#2901=PRODUCT_RELATED_PRODUCT_CATEGORY('Bottom_bezzel','Bottom_bezzel',
(#2905));
#2902=APPLICATION_PROTOCOL_DEFINITION('international standard',
'automotive_design',2009,#2903);
#2903=APPLICATION_CONTEXT(
'Core Data for Automotive Mechanical Design Process');
#2904=PRODUCT_CONTEXT('part definition',#2903,'mechanical');
#2905=PRODUCT('2026-10-10-10-58-05-490','Bottom_bezzel',$,(#2904));
#2906=PRESENTATION_STYLE_ASSIGNMENT((#2907));
#2907=SURFACE_STYLE_USAGE(.BOTH.,#2908);
#2908=SURFACE_SIDE_STYLE('',(#2909));
#2909=SURFACE_STYLE_FILL_AREA(#2910);
#2910=FILL_AREA_STYLE('Steel - Satin',(#2911));
#2911=FILL_AREA_STYLE_COLOUR('Steel - Satin',#2912);
#2912=COLOUR_RGB('Steel - Satin',0.627450980392157,0.627450980392157,0.627450980392157);
ENDSEC;
END-ISO-10303-21;
